[2026-02-12 09:06:20] ==========================================
[2026-02-12 09:06:20] CodeIE Server Experiment Runner
[2026-02-12 09:06:20] ==========================================
[2026-02-12 09:06:20] Step 1: Navigating to project directory...
[2026-02-12 09:06:20] Working directory: /home/ann/fiz-ddb/notebook/KDAI-Experiments-CodeIE
[2026-02-12 09:06:20] Step 2: Activating conda environment...
[2026-02-12 09:06:20] ✅ Activated conda env: CodeIE
[2026-02-12 09:06:20]    Python: /home/ann/anaconda3/envs/CodeIE/bin/python
[2026-02-12 09:06:20] Step 2b: Installing Python dependencies (requirements.txt)...
Requirement already satisfied: transformers in /home/ann/anaconda3/envs/CodeIE/lib/python3.12/site-packages (from -r /home/ann/fiz-ddb/notebook/KDAI-Experiments-CodeIE/requirements.txt (line 1)) (5.1.0)
Requirement already satisfied: peft in /home/ann/anaconda3/envs/CodeIE/lib/python3.12/site-packages (from -r /home/ann/fiz-ddb/notebook/KDAI-Experiments-CodeIE/requirements.txt (line 2)) (0.18.1)
Requirement already satisfied: bitsandbytes in /home/ann/anaconda3/envs/CodeIE/lib/python3.12/site-packages (from -r /home/ann/fiz-ddb/notebook/KDAI-Experiments-CodeIE/requirements.txt (line 3)) (0.49.1)
Requirement already satisfied: numpy in /home/ann/anaconda3/envs/CodeIE/lib/python3.12/site-packages (from -r /home/ann/fiz-ddb/notebook/KDAI-Experiments-CodeIE/requirements.txt (line 4)) (2.4.2)
Requirement already satisfied: black in /home/ann/anaconda3/envs/CodeIE/lib/python3.12/site-packages (from -r /home/ann/fiz-ddb/notebook/KDAI-Experiments-CodeIE/requirements.txt (line 5)) (26.1.0)
Requirement already satisfied: Jinja2 in /home/ann/anaconda3/envs/CodeIE/lib/python3.12/site-packages (from -r /home/ann/fiz-ddb/notebook/KDAI-Experiments-CodeIE/requirements.txt (line 6)) (3.1.6)
Requirement already satisfied: tqdm in /home/ann/anaconda3/envs/CodeIE/lib/python3.12/site-packages (from -r /home/ann/fiz-ddb/notebook/KDAI-Experiments-CodeIE/requirements.txt (line 7)) (4.67.3)
Requirement already satisfied: rich in /home/ann/anaconda3/envs/CodeIE/lib/python3.12/site-packages (from -r /home/ann/fiz-ddb/notebook/KDAI-Experiments-CodeIE/requirements.txt (line 8)) (14.3.2)
Requirement already satisfied: psutil in /home/ann/anaconda3/envs/CodeIE/lib/python3.12/site-packages (from -r /home/ann/fiz-ddb/notebook/KDAI-Experiments-CodeIE/requirements.txt (line 9)) (7.2.2)
Requirement already satisfied: datasets in /home/ann/anaconda3/envs/CodeIE/lib/python3.12/site-packages (from -r /home/ann/fiz-ddb/notebook/KDAI-Experiments-CodeIE/requirements.txt (line 10)) (4.5.0)
Requirement already satisfied: ruff in /home/ann/anaconda3/envs/CodeIE/lib/python3.12/site-packages (from -r /home/ann/fiz-ddb/notebook/KDAI-Experiments-CodeIE/requirements.txt (line 11)) (0.15.0)
Requirement already satisfied: wandb in /home/ann/anaconda3/envs/CodeIE/lib/python3.12/site-packages (from -r /home/ann/fiz-ddb/notebook/KDAI-Experiments-CodeIE/requirements.txt (line 12)) (0.24.2)
Requirement already satisfied: fschat in /home/ann/anaconda3/envs/CodeIE/lib/python3.12/site-packages (from -r /home/ann/fiz-ddb/notebook/KDAI-Experiments-CodeIE/requirements.txt (line 13)) (0.2.36)
Requirement already satisfied: langchain-google-genai in /home/ann/anaconda3/envs/CodeIE/lib/python3.12/site-packages (from -r /home/ann/fiz-ddb/notebook/KDAI-Experiments-CodeIE/requirements.txt (line 14)) (4.2.0)
Requirement already satisfied: langchain-ollama in /home/ann/anaconda3/envs/CodeIE/lib/python3.12/site-packages (from -r /home/ann/fiz-ddb/notebook/KDAI-Experiments-CodeIE/requirements.txt (line 15)) (1.0.1)
Requirement already satisfied: langchain-core in /home/ann/anaconda3/envs/CodeIE/lib/python3.12/site-packages (from -r /home/ann/fiz-ddb/notebook/KDAI-Experiments-CodeIE/requirements.txt (line 16)) (1.2.9)
Requirement already satisfied: python-dotenv in /home/ann/anaconda3/envs/CodeIE/lib/python3.12/site-packages (from -r /home/ann/fiz-ddb/notebook/KDAI-Experiments-CodeIE/requirements.txt (line 17)) (1.2.1)
Requirement already satisfied: requests in /home/ann/anaconda3/envs/CodeIE/lib/python3.12/site-packages (from -r /home/ann/fiz-ddb/notebook/KDAI-Experiments-CodeIE/requirements.txt (line 18)) (2.32.5)
Requirement already satisfied: pydantic in /home/ann/anaconda3/envs/CodeIE/lib/python3.12/site-packages (from -r /home/ann/fiz-ddb/notebook/KDAI-Experiments-CodeIE/requirements.txt (line 19)) (2.12.5)
Requirement already satisfied: nervaluate in /home/ann/anaconda3/envs/CodeIE/lib/python3.12/site-packages (from -r /home/ann/fiz-ddb/notebook/KDAI-Experiments-CodeIE/requirements.txt (line 20)) (1.1.0)
Requirement already satisfied: huggingface-hub<2.0,>=1.3.0 in /home/ann/anaconda3/envs/CodeIE/lib/python3.12/site-packages (from transformers->-r /home/ann/fiz-ddb/notebook/KDAI-Experiments-CodeIE/requirements.txt (line 1)) (1.4.1)
Requirement already satisfied: packaging>=20.0 in /home/ann/anaconda3/envs/CodeIE/lib/python3.12/site-packages (from transformers->-r /home/ann/fiz-ddb/notebook/KDAI-Experiments-CodeIE/requirements.txt (line 1)) (25.0)
Requirement already satisfied: pyyaml>=5.1 in /home/ann/anaconda3/envs/CodeIE/lib/python3.12/site-packages (from transformers->-r /home/ann/fiz-ddb/notebook/KDAI-Experiments-CodeIE/requirements.txt (line 1)) (6.0.3)
Requirement already satisfied: regex!=2019.12.17 in /home/ann/anaconda3/envs/CodeIE/lib/python3.12/site-packages (from transformers->-r /home/ann/fiz-ddb/notebook/KDAI-Experiments-CodeIE/requirements.txt (line 1)) (2026.1.15)
Requirement already satisfied: tokenizers<=0.23.0,>=0.22.0 in /home/ann/anaconda3/envs/CodeIE/lib/python3.12/site-packages (from transformers->-r /home/ann/fiz-ddb/notebook/KDAI-Experiments-CodeIE/requirements.txt (line 1)) (0.22.2)
Requirement already satisfied: typer-slim in /home/ann/anaconda3/envs/CodeIE/lib/python3.12/site-packages (from transformers->-r /home/ann/fiz-ddb/notebook/KDAI-Experiments-CodeIE/requirements.txt (line 1)) (0.21.1)
Requirement already satisfied: safetensors>=0.4.3 in /home/ann/anaconda3/envs/CodeIE/lib/python3.12/site-packages (from transformers->-r /home/ann/fiz-ddb/notebook/KDAI-Experiments-CodeIE/requirements.txt (line 1)) (0.7.0)
Requirement already satisfied: filelock in /home/ann/anaconda3/envs/CodeIE/lib/python3.12/site-packages (from huggingface-hub<2.0,>=1.3.0->transformers->-r /home/ann/fiz-ddb/notebook/KDAI-Experiments-CodeIE/requirements.txt (line 1)) (3.20.3)
Requirement already satisfied: fsspec>=2023.5.0 in /home/ann/anaconda3/envs/CodeIE/lib/python3.12/site-packages (from huggingface-hub<2.0,>=1.3.0->transformers->-r /home/ann/fiz-ddb/notebook/KDAI-Experiments-CodeIE/requirements.txt (line 1)) (2025.10.0)
Requirement already satisfied: hf-xet<2.0.0,>=1.2.0 in /home/ann/anaconda3/envs/CodeIE/lib/python3.12/site-packages (from huggingface-hub<2.0,>=1.3.0->transformers->-r /home/ann/fiz-ddb/notebook/KDAI-Experiments-CodeIE/requirements.txt (line 1)) (1.2.0)
Requirement already satisfied: httpx<1,>=0.23.0 in /home/ann/anaconda3/envs/CodeIE/lib/python3.12/site-packages (from huggingface-hub<2.0,>=1.3.0->transformers->-r /home/ann/fiz-ddb/notebook/KDAI-Experiments-CodeIE/requirements.txt (line 1)) (0.28.1)
Requirement already satisfied: shellingham in /home/ann/anaconda3/envs/CodeIE/lib/python3.12/site-packages (from huggingface-hub<2.0,>=1.3.0->transformers->-r /home/ann/fiz-ddb/notebook/KDAI-Experiments-CodeIE/requirements.txt (line 1)) (1.5.4)
Requirement already satisfied: typing-extensions>=4.1.0 in /home/ann/anaconda3/envs/CodeIE/lib/python3.12/site-packages (from huggingface-hub<2.0,>=1.3.0->transformers->-r /home/ann/fiz-ddb/notebook/KDAI-Experiments-CodeIE/requirements.txt (line 1)) (4.15.0)
Requirement already satisfied: anyio in /home/ann/anaconda3/envs/CodeIE/lib/python3.12/site-packages (from httpx<1,>=0.23.0->huggingface-hub<2.0,>=1.3.0->transformers->-r /home/ann/fiz-ddb/notebook/KDAI-Experiments-CodeIE/requirements.txt (line 1)) (4.12.1)
Requirement already satisfied: certifi in /home/ann/anaconda3/envs/CodeIE/lib/python3.12/site-packages (from httpx<1,>=0.23.0->huggingface-hub<2.0,>=1.3.0->transformers->-r /home/ann/fiz-ddb/notebook/KDAI-Experiments-CodeIE/requirements.txt (line 1)) (2026.1.4)
Requirement already satisfied: httpcore==1.* in /home/ann/anaconda3/envs/CodeIE/lib/python3.12/site-packages (from httpx<1,>=0.23.0->huggingface-hub<2.0,>=1.3.0->transformers->-r /home/ann/fiz-ddb/notebook/KDAI-Experiments-CodeIE/requirements.txt (line 1)) (1.0.9)
Requirement already satisfied: idna in /home/ann/anaconda3/envs/CodeIE/lib/python3.12/site-packages (from httpx<1,>=0.23.0->huggingface-hub<2.0,>=1.3.0->transformers->-r /home/ann/fiz-ddb/notebook/KDAI-Experiments-CodeIE/requirements.txt (line 1)) (3.11)
Requirement already satisfied: h11>=0.16 in /home/ann/anaconda3/envs/CodeIE/lib/python3.12/site-packages (from httpcore==1.*->httpx<1,>=0.23.0->huggingface-hub<2.0,>=1.3.0->transformers->-r /home/ann/fiz-ddb/notebook/KDAI-Experiments-CodeIE/requirements.txt (line 1)) (0.16.0)
Requirement already satisfied: torch>=1.13.0 in /home/ann/anaconda3/envs/CodeIE/lib/python3.12/site-packages (from peft->-r /home/ann/fiz-ddb/notebook/KDAI-Experiments-CodeIE/requirements.txt (line 2)) (2.10.0)
Requirement already satisfied: accelerate>=0.21.0 in /home/ann/anaconda3/envs/CodeIE/lib/python3.12/site-packages (from peft->-r /home/ann/fiz-ddb/notebook/KDAI-Experiments-CodeIE/requirements.txt (line 2)) (1.12.0)
Requirement already satisfied: setuptools in /home/ann/anaconda3/envs/CodeIE/lib/python3.12/site-packages (from torch>=1.13.0->peft->-r /home/ann/fiz-ddb/notebook/KDAI-Experiments-CodeIE/requirements.txt (line 2)) (80.10.2)
Requirement already satisfied: sympy>=1.13.3 in /home/ann/anaconda3/envs/CodeIE/lib/python3.12/site-packages (from torch>=1.13.0->peft->-r /home/ann/fiz-ddb/notebook/KDAI-Experiments-CodeIE/requirements.txt (line 2)) (1.14.0)
Requirement already satisfied: networkx>=2.5.1 in /home/ann/anaconda3/envs/CodeIE/lib/python3.12/site-packages (from torch>=1.13.0->peft->-r /home/ann/fiz-ddb/notebook/KDAI-Experiments-CodeIE/requirements.txt (line 2)) (3.6.1)
Requirement already satisfied: cuda-bindings==12.9.4 in /home/ann/anaconda3/envs/CodeIE/lib/python3.12/site-packages (from torch>=1.13.0->peft->-r /home/ann/fiz-ddb/notebook/KDAI-Experiments-CodeIE/requirements.txt (line 2)) (12.9.4)
Requirement already satisfied: nvidia-cuda-nvrtc-cu12==12.8.93 in /home/ann/anaconda3/envs/CodeIE/lib/python3.12/site-packages (from torch>=1.13.0->peft->-r /home/ann/fiz-ddb/notebook/KDAI-Experiments-CodeIE/requirements.txt (line 2)) (12.8.93)
Requirement already satisfied: nvidia-cuda-runtime-cu12==12.8.90 in /home/ann/anaconda3/envs/CodeIE/lib/python3.12/site-packages (from torch>=1.13.0->peft->-r /home/ann/fiz-ddb/notebook/KDAI-Experiments-CodeIE/requirements.txt (line 2)) (12.8.90)
Requirement already satisfied: nvidia-cuda-cupti-cu12==12.8.90 in /home/ann/anaconda3/envs/CodeIE/lib/python3.12/site-packages (from torch>=1.13.0->peft->-r /home/ann/fiz-ddb/notebook/KDAI-Experiments-CodeIE/requirements.txt (line 2)) (12.8.90)
Requirement already satisfied: nvidia-cudnn-cu12==9.10.2.21 in /home/ann/anaconda3/envs/CodeIE/lib/python3.12/site-packages (from torch>=1.13.0->peft->-r /home/ann/fiz-ddb/notebook/KDAI-Experiments-CodeIE/requirements.txt (line 2)) (9.10.2.21)
Requirement already satisfied: nvidia-cublas-cu12==12.8.4.1 in /home/ann/anaconda3/envs/CodeIE/lib/python3.12/site-packages (from torch>=1.13.0->peft->-r /home/ann/fiz-ddb/notebook/KDAI-Experiments-CodeIE/requirements.txt (line 2)) (12.8.4.1)
Requirement already satisfied: nvidia-cufft-cu12==11.3.3.83 in /home/ann/anaconda3/envs/CodeIE/lib/python3.12/site-packages (from torch>=1.13.0->peft->-r /home/ann/fiz-ddb/notebook/KDAI-Experiments-CodeIE/requirements.txt (line 2)) (11.3.3.83)
Requirement already satisfied: nvidia-curand-cu12==10.3.9.90 in /home/ann/anaconda3/envs/CodeIE/lib/python3.12/site-packages (from torch>=1.13.0->peft->-r /home/ann/fiz-ddb/notebook/KDAI-Experiments-CodeIE/requirements.txt (line 2)) (10.3.9.90)
Requirement already satisfied: nvidia-cusolver-cu12==11.7.3.90 in /home/ann/anaconda3/envs/CodeIE/lib/python3.12/site-packages (from torch>=1.13.0->peft->-r /home/ann/fiz-ddb/notebook/KDAI-Experiments-CodeIE/requirements.txt (line 2)) (11.7.3.90)
Requirement already satisfied: nvidia-cusparse-cu12==12.5.8.93 in /home/ann/anaconda3/envs/CodeIE/lib/python3.12/site-packages (from torch>=1.13.0->peft->-r /home/ann/fiz-ddb/notebook/KDAI-Experiments-CodeIE/requirements.txt (line 2)) (12.5.8.93)
Requirement already satisfied: nvidia-cusparselt-cu12==0.7.1 in /home/ann/anaconda3/envs/CodeIE/lib/python3.12/site-packages (from torch>=1.13.0->peft->-r /home/ann/fiz-ddb/notebook/KDAI-Experiments-CodeIE/requirements.txt (line 2)) (0.7.1)
Requirement already satisfied: nvidia-nccl-cu12==2.27.5 in /home/ann/anaconda3/envs/CodeIE/lib/python3.12/site-packages (from torch>=1.13.0->peft->-r /home/ann/fiz-ddb/notebook/KDAI-Experiments-CodeIE/requirements.txt (line 2)) (2.27.5)
Requirement already satisfied: nvidia-nvshmem-cu12==3.4.5 in /home/ann/anaconda3/envs/CodeIE/lib/python3.12/site-packages (from torch>=1.13.0->peft->-r /home/ann/fiz-ddb/notebook/KDAI-Experiments-CodeIE/requirements.txt (line 2)) (3.4.5)
Requirement already satisfied: nvidia-nvtx-cu12==12.8.90 in /home/ann/anaconda3/envs/CodeIE/lib/python3.12/site-packages (from torch>=1.13.0->peft->-r /home/ann/fiz-ddb/notebook/KDAI-Experiments-CodeIE/requirements.txt (line 2)) (12.8.90)
Requirement already satisfied: nvidia-nvjitlink-cu12==12.8.93 in /home/ann/anaconda3/envs/CodeIE/lib/python3.12/site-packages (from torch>=1.13.0->peft->-r /home/ann/fiz-ddb/notebook/KDAI-Experiments-CodeIE/requirements.txt (line 2)) (12.8.93)
Requirement already satisfied: nvidia-cufile-cu12==1.13.1.3 in /home/ann/anaconda3/envs/CodeIE/lib/python3.12/site-packages (from torch>=1.13.0->peft->-r /home/ann/fiz-ddb/notebook/KDAI-Experiments-CodeIE/requirements.txt (line 2)) (1.13.1.3)
Requirement already satisfied: triton==3.6.0 in /home/ann/anaconda3/envs/CodeIE/lib/python3.12/site-packages (from torch>=1.13.0->peft->-r /home/ann/fiz-ddb/notebook/KDAI-Experiments-CodeIE/requirements.txt (line 2)) (3.6.0)
Requirement already satisfied: cuda-pathfinder~=1.1 in /home/ann/anaconda3/envs/CodeIE/lib/python3.12/site-packages (from cuda-bindings==12.9.4->torch>=1.13.0->peft->-r /home/ann/fiz-ddb/notebook/KDAI-Experiments-CodeIE/requirements.txt (line 2)) (1.3.3)
Requirement already satisfied: click>=8.0.0 in /home/ann/anaconda3/envs/CodeIE/lib/python3.12/site-packages (from black->-r /home/ann/fiz-ddb/notebook/KDAI-Experiments-CodeIE/requirements.txt (line 5)) (8.3.1)
Requirement already satisfied: mypy-extensions>=0.4.3 in /home/ann/anaconda3/envs/CodeIE/lib/python3.12/site-packages (from black->-r /home/ann/fiz-ddb/notebook/KDAI-Experiments-CodeIE/requirements.txt (line 5)) (1.1.0)
Requirement already satisfied: pathspec>=1.0.0 in /home/ann/anaconda3/envs/CodeIE/lib/python3.12/site-packages (from black->-r /home/ann/fiz-ddb/notebook/KDAI-Experiments-CodeIE/requirements.txt (line 5)) (1.0.4)
Requirement already satisfied: platformdirs>=2 in /home/ann/anaconda3/envs/CodeIE/lib/python3.12/site-packages (from black->-r /home/ann/fiz-ddb/notebook/KDAI-Experiments-CodeIE/requirements.txt (line 5)) (4.5.1)
Requirement already satisfied: pytokens>=0.3.0 in /home/ann/anaconda3/envs/CodeIE/lib/python3.12/site-packages (from black->-r /home/ann/fiz-ddb/notebook/KDAI-Experiments-CodeIE/requirements.txt (line 5)) (0.4.1)
Requirement already satisfied: MarkupSafe>=2.0 in /home/ann/anaconda3/envs/CodeIE/lib/python3.12/site-packages (from Jinja2->-r /home/ann/fiz-ddb/notebook/KDAI-Experiments-CodeIE/requirements.txt (line 6)) (3.0.3)
Requirement already satisfied: markdown-it-py>=2.2.0 in /home/ann/anaconda3/envs/CodeIE/lib/python3.12/site-packages (from rich->-r /home/ann/fiz-ddb/notebook/KDAI-Experiments-CodeIE/requirements.txt (line 8)) (4.0.0)
Requirement already satisfied: pygments<3.0.0,>=2.13.0 in /home/ann/anaconda3/envs/CodeIE/lib/python3.12/site-packages (from rich->-r /home/ann/fiz-ddb/notebook/KDAI-Experiments-CodeIE/requirements.txt (line 8)) (2.19.2)
Requirement already satisfied: pyarrow>=21.0.0 in /home/ann/anaconda3/envs/CodeIE/lib/python3.12/site-packages (from datasets->-r /home/ann/fiz-ddb/notebook/KDAI-Experiments-CodeIE/requirements.txt (line 10)) (23.0.0)
Requirement already satisfied: dill<0.4.1,>=0.3.0 in /home/ann/anaconda3/envs/CodeIE/lib/python3.12/site-packages (from datasets->-r /home/ann/fiz-ddb/notebook/KDAI-Experiments-CodeIE/requirements.txt (line 10)) (0.4.0)
Requirement already satisfied: pandas in /home/ann/anaconda3/envs/CodeIE/lib/python3.12/site-packages (from datasets->-r /home/ann/fiz-ddb/notebook/KDAI-Experiments-CodeIE/requirements.txt (line 10)) (3.0.0)
Requirement already satisfied: xxhash in /home/ann/anaconda3/envs/CodeIE/lib/python3.12/site-packages (from datasets->-r /home/ann/fiz-ddb/notebook/KDAI-Experiments-CodeIE/requirements.txt (line 10)) (3.6.0)
Requirement already satisfied: multiprocess<0.70.19 in /home/ann/anaconda3/envs/CodeIE/lib/python3.12/site-packages (from datasets->-r /home/ann/fiz-ddb/notebook/KDAI-Experiments-CodeIE/requirements.txt (line 10)) (0.70.18)
Requirement already satisfied: aiohttp!=4.0.0a0,!=4.0.0a1 in /home/ann/anaconda3/envs/CodeIE/lib/python3.12/site-packages (from fsspec[http]<=2025.10.0,>=2023.1.0->datasets->-r /home/ann/fiz-ddb/notebook/KDAI-Experiments-CodeIE/requirements.txt (line 10)) (3.13.3)
Requirement already satisfied: gitpython!=3.1.29,>=1.0.0 in /home/ann/anaconda3/envs/CodeIE/lib/python3.12/site-packages (from wandb->-r /home/ann/fiz-ddb/notebook/KDAI-Experiments-CodeIE/requirements.txt (line 12)) (3.1.46)
Requirement already satisfied: protobuf!=4.21.0,!=5.28.0,<7,>=3.19.0 in /home/ann/anaconda3/envs/CodeIE/lib/python3.12/site-packages (from wandb->-r /home/ann/fiz-ddb/notebook/KDAI-Experiments-CodeIE/requirements.txt (line 12)) (6.33.5)
Requirement already satisfied: sentry-sdk>=2.0.0 in /home/ann/anaconda3/envs/CodeIE/lib/python3.12/site-packages (from wandb->-r /home/ann/fiz-ddb/notebook/KDAI-Experiments-CodeIE/requirements.txt (line 12)) (2.52.0)
Requirement already satisfied: charset_normalizer<4,>=2 in /home/ann/anaconda3/envs/CodeIE/lib/python3.12/site-packages (from requests->-r /home/ann/fiz-ddb/notebook/KDAI-Experiments-CodeIE/requirements.txt (line 18)) (3.4.4)
Requirement already satisfied: urllib3<3,>=1.21.1 in /home/ann/anaconda3/envs/CodeIE/lib/python3.12/site-packages (from requests->-r /home/ann/fiz-ddb/notebook/KDAI-Experiments-CodeIE/requirements.txt (line 18)) (2.6.3)
Requirement already satisfied: annotated-types>=0.6.0 in /home/ann/anaconda3/envs/CodeIE/lib/python3.12/site-packages (from pydantic->-r /home/ann/fiz-ddb/notebook/KDAI-Experiments-CodeIE/requirements.txt (line 19)) (0.7.0)
Requirement already satisfied: pydantic-core==2.41.5 in /home/ann/anaconda3/envs/CodeIE/lib/python3.12/site-packages (from pydantic->-r /home/ann/fiz-ddb/notebook/KDAI-Experiments-CodeIE/requirements.txt (line 19)) (2.41.5)
Requirement already satisfied: typing-inspection>=0.4.2 in /home/ann/anaconda3/envs/CodeIE/lib/python3.12/site-packages (from pydantic->-r /home/ann/fiz-ddb/notebook/KDAI-Experiments-CodeIE/requirements.txt (line 19)) (0.4.2)
Requirement already satisfied: fastapi in /home/ann/anaconda3/envs/CodeIE/lib/python3.12/site-packages (from fschat->-r /home/ann/fiz-ddb/notebook/KDAI-Experiments-CodeIE/requirements.txt (line 13)) (0.128.4)
Requirement already satisfied: markdown2[all] in /home/ann/anaconda3/envs/CodeIE/lib/python3.12/site-packages (from fschat->-r /home/ann/fiz-ddb/notebook/KDAI-Experiments-CodeIE/requirements.txt (line 13)) (2.5.4)
Requirement already satisfied: nh3 in /home/ann/anaconda3/envs/CodeIE/lib/python3.12/site-packages (from fschat->-r /home/ann/fiz-ddb/notebook/KDAI-Experiments-CodeIE/requirements.txt (line 13)) (0.3.2)
Requirement already satisfied: prompt-toolkit>=3.0.0 in /home/ann/anaconda3/envs/CodeIE/lib/python3.12/site-packages (from fschat->-r /home/ann/fiz-ddb/notebook/KDAI-Experiments-CodeIE/requirements.txt (line 13)) (3.0.52)
Requirement already satisfied: shortuuid in /home/ann/anaconda3/envs/CodeIE/lib/python3.12/site-packages (from fschat->-r /home/ann/fiz-ddb/notebook/KDAI-Experiments-CodeIE/requirements.txt (line 13)) (1.0.13)
Requirement already satisfied: tiktoken in /home/ann/anaconda3/envs/CodeIE/lib/python3.12/site-packages (from fschat->-r /home/ann/fiz-ddb/notebook/KDAI-Experiments-CodeIE/requirements.txt (line 13)) (0.12.0)
Requirement already satisfied: uvicorn in /home/ann/anaconda3/envs/CodeIE/lib/python3.12/site-packages (from fschat->-r /home/ann/fiz-ddb/notebook/KDAI-Experiments-CodeIE/requirements.txt (line 13)) (0.40.0)
Requirement already satisfied: filetype<2.0.0,>=1.2.0 in /home/ann/anaconda3/envs/CodeIE/lib/python3.12/site-packages (from langchain-google-genai->-r /home/ann/fiz-ddb/notebook/KDAI-Experiments-CodeIE/requirements.txt (line 14)) (1.2.0)
Requirement already satisfied: google-genai<2.0.0,>=1.56.0 in /home/ann/anaconda3/envs/CodeIE/lib/python3.12/site-packages (from langchain-google-genai->-r /home/ann/fiz-ddb/notebook/KDAI-Experiments-CodeIE/requirements.txt (line 14)) (1.62.0)
Requirement already satisfied: jsonpatch<2.0.0,>=1.33.0 in /home/ann/anaconda3/envs/CodeIE/lib/python3.12/site-packages (from langchain-core->-r /home/ann/fiz-ddb/notebook/KDAI-Experiments-CodeIE/requirements.txt (line 16)) (1.33)
Requirement already satisfied: langsmith<1.0.0,>=0.3.45 in /home/ann/anaconda3/envs/CodeIE/lib/python3.12/site-packages (from langchain-core->-r /home/ann/fiz-ddb/notebook/KDAI-Experiments-CodeIE/requirements.txt (line 16)) (0.6.9)
Requirement already satisfied: tenacity!=8.4.0,<10.0.0,>=8.1.0 in /home/ann/anaconda3/envs/CodeIE/lib/python3.12/site-packages (from langchain-core->-r /home/ann/fiz-ddb/notebook/KDAI-Experiments-CodeIE/requirements.txt (line 16)) (9.1.4)
Requirement already satisfied: uuid-utils<1.0,>=0.12.0 in /home/ann/anaconda3/envs/CodeIE/lib/python3.12/site-packages (from langchain-core->-r /home/ann/fiz-ddb/notebook/KDAI-Experiments-CodeIE/requirements.txt (line 16)) (0.14.0)
Requirement already satisfied: google-auth<3.0.0,>=2.47.0 in /home/ann/anaconda3/envs/CodeIE/lib/python3.12/site-packages (from google-auth[requests]<3.0.0,>=2.47.0->google-genai<2.0.0,>=1.56.0->langchain-google-genai->-r /home/ann/fiz-ddb/notebook/KDAI-Experiments-CodeIE/requirements.txt (line 14)) (2.48.0)
Requirement already satisfied: websockets<15.1.0,>=13.0.0 in /home/ann/anaconda3/envs/CodeIE/lib/python3.12/site-packages (from google-genai<2.0.0,>=1.56.0->langchain-google-genai->-r /home/ann/fiz-ddb/notebook/KDAI-Experiments-CodeIE/requirements.txt (line 14)) (15.0.1)
Requirement already satisfied: distro<2,>=1.7.0 in /home/ann/anaconda3/envs/CodeIE/lib/python3.12/site-packages (from google-genai<2.0.0,>=1.56.0->langchain-google-genai->-r /home/ann/fiz-ddb/notebook/KDAI-Experiments-CodeIE/requirements.txt (line 14)) (1.9.0)
Requirement already satisfied: sniffio in /home/ann/anaconda3/envs/CodeIE/lib/python3.12/site-packages (from google-genai<2.0.0,>=1.56.0->langchain-google-genai->-r /home/ann/fiz-ddb/notebook/KDAI-Experiments-CodeIE/requirements.txt (line 14)) (1.3.1)
Requirement already satisfied: pyasn1-modules>=0.2.1 in /home/ann/anaconda3/envs/CodeIE/lib/python3.12/site-packages (from google-auth<3.0.0,>=2.47.0->google-auth[requests]<3.0.0,>=2.47.0->google-genai<2.0.0,>=1.56.0->langchain-google-genai->-r /home/ann/fiz-ddb/notebook/KDAI-Experiments-CodeIE/requirements.txt (line 14)) (0.4.2)
Requirement already satisfied: cryptography>=38.0.3 in /home/ann/anaconda3/envs/CodeIE/lib/python3.12/site-packages (from google-auth<3.0.0,>=2.47.0->google-auth[requests]<3.0.0,>=2.47.0->google-genai<2.0.0,>=1.56.0->langchain-google-genai->-r /home/ann/fiz-ddb/notebook/KDAI-Experiments-CodeIE/requirements.txt (line 14)) (46.0.4)
Requirement already satisfied: rsa<5,>=3.1.4 in /home/ann/anaconda3/envs/CodeIE/lib/python3.12/site-packages (from google-auth<3.0.0,>=2.47.0->google-auth[requests]<3.0.0,>=2.47.0->google-genai<2.0.0,>=1.56.0->langchain-google-genai->-r /home/ann/fiz-ddb/notebook/KDAI-Experiments-CodeIE/requirements.txt (line 14)) (4.9.1)
Requirement already satisfied: jsonpointer>=1.9 in /home/ann/anaconda3/envs/CodeIE/lib/python3.12/site-packages (from jsonpatch<2.0.0,>=1.33.0->langchain-core->-r /home/ann/fiz-ddb/notebook/KDAI-Experiments-CodeIE/requirements.txt (line 16)) (3.0.0)
Requirement already satisfied: orjson>=3.9.14 in /home/ann/anaconda3/envs/CodeIE/lib/python3.12/site-packages (from langsmith<1.0.0,>=0.3.45->langchain-core->-r /home/ann/fiz-ddb/notebook/KDAI-Experiments-CodeIE/requirements.txt (line 16)) (3.11.7)
Requirement already satisfied: requests-toolbelt>=1.0.0 in /home/ann/anaconda3/envs/CodeIE/lib/python3.12/site-packages (from langsmith<1.0.0,>=0.3.45->langchain-core->-r /home/ann/fiz-ddb/notebook/KDAI-Experiments-CodeIE/requirements.txt (line 16)) (1.0.0)
Requirement already satisfied: zstandard>=0.23.0 in /home/ann/anaconda3/envs/CodeIE/lib/python3.12/site-packages (from langsmith<1.0.0,>=0.3.45->langchain-core->-r /home/ann/fiz-ddb/notebook/KDAI-Experiments-CodeIE/requirements.txt (line 16)) (0.25.0)
Requirement already satisfied: pyasn1>=0.1.3 in /home/ann/anaconda3/envs/CodeIE/lib/python3.12/site-packages (from rsa<5,>=3.1.4->google-auth<3.0.0,>=2.47.0->google-auth[requests]<3.0.0,>=2.47.0->google-genai<2.0.0,>=1.56.0->langchain-google-genai->-r /home/ann/fiz-ddb/notebook/KDAI-Experiments-CodeIE/requirements.txt (line 14)) (0.6.2)
Requirement already satisfied: ollama<1.0.0,>=0.6.0 in /home/ann/anaconda3/envs/CodeIE/lib/python3.12/site-packages (from langchain-ollama->-r /home/ann/fiz-ddb/notebook/KDAI-Experiments-CodeIE/requirements.txt (line 15)) (0.6.1)
Requirement already satisfied: aiohappyeyeballs>=2.5.0 in /home/ann/anaconda3/envs/CodeIE/lib/python3.12/site-packages (from aiohttp!=4.0.0a0,!=4.0.0a1->fsspec[http]<=2025.10.0,>=2023.1.0->datasets->-r /home/ann/fiz-ddb/notebook/KDAI-Experiments-CodeIE/requirements.txt (line 10)) (2.6.1)
Requirement already satisfied: aiosignal>=1.4.0 in /home/ann/anaconda3/envs/CodeIE/lib/python3.12/site-packages (from aiohttp!=4.0.0a0,!=4.0.0a1->fsspec[http]<=2025.10.0,>=2023.1.0->datasets->-r /home/ann/fiz-ddb/notebook/KDAI-Experiments-CodeIE/requirements.txt (line 10)) (1.4.0)
Requirement already satisfied: attrs>=17.3.0 in /home/ann/anaconda3/envs/CodeIE/lib/python3.12/site-packages (from aiohttp!=4.0.0a0,!=4.0.0a1->fsspec[http]<=2025.10.0,>=2023.1.0->datasets->-r /home/ann/fiz-ddb/notebook/KDAI-Experiments-CodeIE/requirements.txt (line 10)) (25.4.0)
Requirement already satisfied: frozenlist>=1.1.1 in /home/ann/anaconda3/envs/CodeIE/lib/python3.12/site-packages (from aiohttp!=4.0.0a0,!=4.0.0a1->fsspec[http]<=2025.10.0,>=2023.1.0->datasets->-r /home/ann/fiz-ddb/notebook/KDAI-Experiments-CodeIE/requirements.txt (line 10)) (1.8.0)
Requirement already satisfied: multidict<7.0,>=4.5 in /home/ann/anaconda3/envs/CodeIE/lib/python3.12/site-packages (from aiohttp!=4.0.0a0,!=4.0.0a1->fsspec[http]<=2025.10.0,>=2023.1.0->datasets->-r /home/ann/fiz-ddb/notebook/KDAI-Experiments-CodeIE/requirements.txt (line 10)) (6.7.1)
Requirement already satisfied: propcache>=0.2.0 in /home/ann/anaconda3/envs/CodeIE/lib/python3.12/site-packages (from aiohttp!=4.0.0a0,!=4.0.0a1->fsspec[http]<=2025.10.0,>=2023.1.0->datasets->-r /home/ann/fiz-ddb/notebook/KDAI-Experiments-CodeIE/requirements.txt (line 10)) (0.4.1)
Requirement already satisfied: yarl<2.0,>=1.17.0 in /home/ann/anaconda3/envs/CodeIE/lib/python3.12/site-packages (from aiohttp!=4.0.0a0,!=4.0.0a1->fsspec[http]<=2025.10.0,>=2023.1.0->datasets->-r /home/ann/fiz-ddb/notebook/KDAI-Experiments-CodeIE/requirements.txt (line 10)) (1.22.0)
Requirement already satisfied: cffi>=2.0.0 in /home/ann/anaconda3/envs/CodeIE/lib/python3.12/site-packages (from cryptography>=38.0.3->google-auth<3.0.0,>=2.47.0->google-auth[requests]<3.0.0,>=2.47.0->google-genai<2.0.0,>=1.56.0->langchain-google-genai->-r /home/ann/fiz-ddb/notebook/KDAI-Experiments-CodeIE/requirements.txt (line 14)) (2.0.0)
Requirement already satisfied: pycparser in /home/ann/anaconda3/envs/CodeIE/lib/python3.12/site-packages (from cffi>=2.0.0->cryptography>=38.0.3->google-auth<3.0.0,>=2.47.0->google-auth[requests]<3.0.0,>=2.47.0->google-genai<2.0.0,>=1.56.0->langchain-google-genai->-r /home/ann/fiz-ddb/notebook/KDAI-Experiments-CodeIE/requirements.txt (line 14)) (3.0)
Requirement already satisfied: gitdb<5,>=4.0.1 in /home/ann/anaconda3/envs/CodeIE/lib/python3.12/site-packages (from gitpython!=3.1.29,>=1.0.0->wandb->-r /home/ann/fiz-ddb/notebook/KDAI-Experiments-CodeIE/requirements.txt (line 12)) (4.0.12)
Requirement already satisfied: smmap<6,>=3.0.1 in /home/ann/anaconda3/envs/CodeIE/lib/python3.12/site-packages (from gitdb<5,>=4.0.1->gitpython!=3.1.29,>=1.0.0->wandb->-r /home/ann/fiz-ddb/notebook/KDAI-Experiments-CodeIE/requirements.txt (line 12)) (5.0.2)
Requirement already satisfied: mdurl~=0.1 in /home/ann/anaconda3/envs/CodeIE/lib/python3.12/site-packages (from markdown-it-py>=2.2.0->rich->-r /home/ann/fiz-ddb/notebook/KDAI-Experiments-CodeIE/requirements.txt (line 8)) (0.1.2)
Requirement already satisfied: wcwidth in /home/ann/anaconda3/envs/CodeIE/lib/python3.12/site-packages (from prompt-toolkit>=3.0.0->fschat->-r /home/ann/fiz-ddb/notebook/KDAI-Experiments-CodeIE/requirements.txt (line 13)) (0.6.0)
Requirement already satisfied: mpmath<1.4,>=1.1.0 in /home/ann/anaconda3/envs/CodeIE/lib/python3.12/site-packages (from sympy>=1.13.3->torch>=1.13.0->peft->-r /home/ann/fiz-ddb/notebook/KDAI-Experiments-CodeIE/requirements.txt (line 2)) (1.3.0)
Requirement already satisfied: starlette<1.0.0,>=0.40.0 in /home/ann/anaconda3/envs/CodeIE/lib/python3.12/site-packages (from fastapi->fschat->-r /home/ann/fiz-ddb/notebook/KDAI-Experiments-CodeIE/requirements.txt (line 13)) (0.52.1)
Requirement already satisfied: annotated-doc>=0.0.2 in /home/ann/anaconda3/envs/CodeIE/lib/python3.12/site-packages (from fastapi->fschat->-r /home/ann/fiz-ddb/notebook/KDAI-Experiments-CodeIE/requirements.txt (line 13)) (0.0.4)
Requirement already satisfied: wavedrom in /home/ann/anaconda3/envs/CodeIE/lib/python3.12/site-packages (from markdown2[all]->fschat->-r /home/ann/fiz-ddb/notebook/KDAI-Experiments-CodeIE/requirements.txt (line 13)) (2.0.3.post3)
Requirement already satisfied: latex2mathml in /home/ann/anaconda3/envs/CodeIE/lib/python3.12/site-packages (from markdown2[all]->fschat->-r /home/ann/fiz-ddb/notebook/KDAI-Experiments-CodeIE/requirements.txt (line 13)) (3.78.1)
Requirement already satisfied: python-dateutil>=2.8.2 in /home/ann/anaconda3/envs/CodeIE/lib/python3.12/site-packages (from pandas->datasets->-r /home/ann/fiz-ddb/notebook/KDAI-Experiments-CodeIE/requirements.txt (line 10)) (2.9.0.post0)
Requirement already satisfied: six>=1.5 in /home/ann/anaconda3/envs/CodeIE/lib/python3.12/site-packages (from python-dateutil>=2.8.2->pandas->datasets->-r /home/ann/fiz-ddb/notebook/KDAI-Experiments-CodeIE/requirements.txt (line 10)) (1.17.0)
Requirement already satisfied: svgwrite in /home/ann/anaconda3/envs/CodeIE/lib/python3.12/site-packages (from wavedrom->markdown2[all]->fschat->-r /home/ann/fiz-ddb/notebook/KDAI-Experiments-CodeIE/requirements.txt (line 13)) (1.4.3)
[2026-02-12 09:06:21] Step 3: Checking git branch...
[2026-02-12 09:06:21] Current branch: feature/codeie-integration
[2026-02-12 09:06:21] ✅ On correct branch: feature/codeie-integration
[2026-02-12 09:06:21] Step 4: Pulling latest changes...
From https://github.com/Marc8350/KDAI-Experiments
 * branch            feature/codeie-integration -> FETCH_HEAD
Already up to date.
[2026-02-12 09:06:22] ✅ Repository updated
[2026-02-12 09:06:22] Step 5: Cleaning results directory...
[2026-02-12 09:06:22] Backing up existing results to: /home/ann/fiz-ddb/notebook/KDAI-Experiments-CodeIE/CodeIE/CODEIE-results.backup_20260212_090622
[2026-02-12 09:06:22] ✅ Clean results directory created: /home/ann/fiz-ddb/notebook/KDAI-Experiments-CodeIE/CodeIE/CODEIE-results
[2026-02-12 09:06:22] Step 6: Checking Ollama server...
[2026-02-12 09:06:22] Checking Ollama server at http://localhost:11434...
[2026-02-12 09:06:22] ✅ Ollama server is running
[2026-02-12 09:06:22] Step 7: Running experiments...
[2026-02-12 09:06:22]    GPU Count: 2
[2026-02-12 09:06:22]    Expected runs: 28
[2026-02-12 09:06:22]    Expected samples per run: 3765
[2026-02-12 09:06:22] 
[2026-02-12 09:06:22] ==========================================
[2026-02-12 09:06:22] Experiment Attempt 1 / 3
[2026-02-12 09:06:22] ==========================================
2026-02-12 09:06:26,509 - INFO - Orchestrator initialized with config: /home/ann/fiz-ddb/notebook/KDAI-Experiments-CodeIE/CodeIE/config/experiment_config.yaml
2026-02-12 09:06:26,509 - INFO - GPU count: 2
2026-02-12 09:06:26,509 - INFO - Auto-calculated max_workers=6 based on model sizes: ['qwen2.5:7b', 'qwen2.5-coder:7b']
2026-02-12 09:06:26,509 - INFO - 
############################################################
2026-02-12 09:06:26,509 - INFO - # CodeIE Experiment Orchestrator
2026-02-12 09:06:26,509 - INFO - # One-Stop Shop Pipeline (Parallel Execution)
2026-02-12 09:06:26,509 - INFO - # GPU Count: 2 | Max Workers: 6
2026-02-12 09:06:26,509 - INFO - ############################################################
2026-02-12 09:06:26,509 - INFO - 
[Step 1/3] Skipping variation check
2026-02-12 09:06:26,509 - INFO - 
[Step 2/3] Generating experiment matrix...
2026-02-12 09:06:26,510 - INFO - Generated 56 experiment runs
2026-02-12 09:06:26,510 - INFO -   Total experiments: 56
2026-02-12 09:06:26,510 - INFO - 
[OLLAMA SETUP] Initializing Ollama with auto-recovery...
2026-02-12 09:06:26,517 - INFO - Pre-loading model: qwen2.5-coder:7b
2026-02-12 09:06:29,600 - INFO - Model qwen2.5-coder:7b pre-loaded successfully
2026-02-12 09:06:29,600 - INFO - Pre-loading model: qwen2.5:7b
2026-02-12 09:06:32,616 - INFO - Model qwen2.5:7b pre-loaded successfully
2026-02-12 09:06:32,616 - INFO -   Ollama ready with models: ['qwen2.5-coder:7b', 'qwen2.5:7b']
2026-02-12 09:06:32,616 - INFO -   Auto-calculated workers: 6 (based on model size)
2026-02-12 09:06:32,627 - INFO -   Estimated samples per run: 3765 (max_samples=3765)
2026-02-12 09:06:32,627 - INFO -   Estimated total samples: 210840
2026-02-12 09:06:32,627 - INFO - 
[Step 3/3] Running experiments (Parallel workers: 6)...
Total Progress (Samples):   0%|          | 0/210840 [00:00<?, ?sample/s]2026-02-12 09:06:32,724 - INFO - ============================================================
2026-02-12 09:06:32,724 - INFO - CodeIE NER Experiment (Enhanced with Entity Schema)
2026-02-12 09:06:32,724 - INFO - ============================================================
2026-02-12 09:06:32,724 - INFO - Granularity: coarse
2026-02-12 09:06:32,724 - INFO - Style: pl
2026-02-12 09:06:32,724 - INFO - Variation: v0_original
2026-02-12 09:06:32,724 - INFO - Model: qwen2.5:7b
2026-02-12 09:06:32,724 - INFO - ============================================================
2026-02-12 09:06:32,724 - INFO - Using ChatOllama (Chat API) for qwen2.5:7b with timeout=180s
2026-02-12 09:06:32,724 - INFO - ============================================================
2026-02-12 09:06:32,725 - INFO - CodeIE NER Experiment (Enhanced with Entity Schema)
2026-02-12 09:06:32,725 - INFO - ============================================================
2026-02-12 09:06:32,725 - INFO - Granularity: coarse
2026-02-12 09:06:32,725 - INFO - Style: pl
2026-02-12 09:06:32,725 - INFO - Variation: lexical_substitution
2026-02-12 09:06:32,725 - INFO - Model: qwen2.5:7b
2026-02-12 09:06:32,725 - INFO - ============================================================
2026-02-12 09:06:32,725 - INFO - Using ChatOllama (Chat API) for qwen2.5:7b with timeout=180s
2026-02-12 09:06:32,725 - INFO - ============================================================
2026-02-12 09:06:32,725 - INFO - CodeIE NER Experiment (Enhanced with Entity Schema)
2026-02-12 09:06:32,725 - INFO - ============================================================
2026-02-12 09:06:32,725 - INFO - Granularity: coarse
2026-02-12 09:06:32,725 - INFO - Style: pl
2026-02-12 09:06:32,725 - INFO - Variation: lexical_substitution
2026-02-12 09:06:32,725 - INFO - Model: qwen2.5-coder:7b
2026-02-12 09:06:32,725 - INFO - ============================================================
2026-02-12 09:06:32,725 - INFO - Using ChatOllama (Chat API) for qwen2.5-coder:7b with timeout=180s
2026-02-12 09:06:32,725 - INFO - ============================================================
2026-02-12 09:06:32,725 - INFO - ============================================================
2026-02-12 09:06:32,726 - INFO - CodeIE NER Experiment (Enhanced with Entity Schema)
2026-02-12 09:06:32,726 - INFO - CodeIE NER Experiment (Enhanced with Entity Schema)
2026-02-12 09:06:32,726 - INFO - ============================================================
2026-02-12 09:06:32,726 - INFO - ============================================================
2026-02-12 09:06:32,726 - INFO - Granularity: coarse
2026-02-12 09:06:32,726 - INFO - Granularity: coarse
2026-02-12 09:06:32,726 - INFO - Style: pl
2026-02-12 09:06:32,726 - INFO - Style: pl
2026-02-12 09:06:32,726 - INFO - Variation: reodering
2026-02-12 09:06:32,726 - INFO - Variation: reodering
2026-02-12 09:06:32,726 - INFO - Model: qwen2.5:7b
2026-02-12 09:06:32,726 - INFO - Model: qwen2.5-coder:7b
2026-02-12 09:06:32,726 - INFO - ============================================================
2026-02-12 09:06:32,726 - INFO - ============================================================
2026-02-12 09:06:32,726 - INFO - Using ChatOllama (Chat API) for qwen2.5-coder:7b with timeout=180s
2026-02-12 09:06:32,726 - INFO - Using ChatOllama (Chat API) for qwen2.5:7b with timeout=180s
2026-02-12 09:06:32,775 - INFO - Discovered variations: ['default', 'sentence_reordering', 'backtrans_tu', 'backtrans_ch', 'reodering', 'lexical_substitution', 'backtrans_sp']
2026-02-12 09:06:32,776 - INFO - Entity types (8): ['art', 'building', 'event', 'location', 'organization', 'other', 'person', 'product']
2026-02-12 09:06:32,776 - INFO - Loading test data from: /home/ann/fiz-ddb/notebook/KDAI-Experiments-CodeIE/few-nerd_test
2026-02-12 09:06:32,777 - INFO - Discovered variations: ['default', 'sentence_reordering', 'backtrans_tu', 'backtrans_ch', 'reodering', 'lexical_substitution', 'backtrans_sp']
2026-02-12 09:06:32,777 - INFO - Entity types (8): ['art', 'building', 'event', 'location', 'organization', 'other', 'person', 'product']
2026-02-12 09:06:32,777 - INFO - Loading test data from: /home/ann/fiz-ddb/notebook/KDAI-Experiments-CodeIE/few-nerd_test
2026-02-12 09:06:32,777 - INFO - Discovered variations: ['default', 'sentence_reordering', 'backtrans_tu', 'backtrans_ch', 'reodering', 'lexical_substitution', 'backtrans_sp']
2026-02-12 09:06:32,777 - INFO - Discovered variations: ['default', 'sentence_reordering', 'backtrans_tu', 'backtrans_ch', 'reodering', 'lexical_substitution', 'backtrans_sp']
2026-02-12 09:06:32,777 - INFO - Discovered variations: ['default', 'sentence_reordering', 'backtrans_tu', 'backtrans_ch', 'reodering', 'lexical_substitution', 'backtrans_sp']
2026-02-12 09:06:32,777 - INFO - Entity types (8): ['art', 'building', 'event', 'location', 'organization', 'other', 'person', 'product']
2026-02-12 09:06:32,777 - INFO - Entity types (8): ['art', 'building', 'event', 'location', 'organization', 'other', 'person', 'product']
2026-02-12 09:06:32,777 - INFO - Entity types (8): ['art', 'building', 'event', 'location', 'organization', 'other', 'person', 'product']
2026-02-12 09:06:32,778 - INFO - Loading test data from: /home/ann/fiz-ddb/notebook/KDAI-Experiments-CodeIE/few-nerd_test
2026-02-12 09:06:32,778 - INFO - Loading test data from: /home/ann/fiz-ddb/notebook/KDAI-Experiments-CodeIE/few-nerd_test
2026-02-12 09:06:32,778 - INFO - Loading test data from: /home/ann/fiz-ddb/notebook/KDAI-Experiments-CodeIE/few-nerd_test
[2026-02-12 09:11:27] ERROR: Orchestrator exited with code 143
[2026-02-12 09:11:27] 
[2026-02-12 09:11:27] Validating results...
[2026-02-12 09:11:27] Validating results in: /home/ann/fiz-ddb/notebook/KDAI-Experiments-CodeIE/CodeIE/CODEIE-results/batch_20260212_090632
[2026-02-12 09:11:27] ERROR: batch_summary.json not found
[2026-02-12 09:11:27] Retrying in 60 seconds...
[2026-02-12 09:11:27] The orchestrator will resume from checkpoint automatically.
[2026-02-12 09:12:27] 
[2026-02-12 09:12:27] ==========================================
[2026-02-12 09:12:27] Experiment Attempt 2 / 3
[2026-02-12 09:12:27] ==========================================
2026-02-12 09:12:31,592 - INFO - Orchestrator initialized with config: /home/ann/fiz-ddb/notebook/KDAI-Experiments-CodeIE/CodeIE/config/experiment_config.yaml
2026-02-12 09:12:31,592 - INFO - GPU count: 2
2026-02-12 09:12:31,592 - INFO - Auto-calculated max_workers=6 based on model sizes: ['qwen2.5:7b', 'qwen2.5-coder:7b']
2026-02-12 09:12:31,592 - INFO - 
############################################################
2026-02-12 09:12:31,592 - INFO - # CodeIE Experiment Orchestrator
2026-02-12 09:12:31,592 - INFO - # One-Stop Shop Pipeline (Parallel Execution)
2026-02-12 09:12:31,592 - INFO - # GPU Count: 2 | Max Workers: 6
2026-02-12 09:12:31,592 - INFO - ############################################################
2026-02-12 09:12:31,592 - INFO - 
[Step 1/3] Skipping variation check
2026-02-12 09:12:31,592 - INFO - 
[Step 2/3] Generating experiment matrix...
2026-02-12 09:12:31,593 - INFO - Generated 56 experiment runs
2026-02-12 09:12:31,593 - INFO -   Total experiments: 56
2026-02-12 09:12:31,593 - INFO - 
[OLLAMA SETUP] Initializing Ollama with auto-recovery...
2026-02-12 09:12:31,600 - INFO - Pre-loading model: qwen2.5:7b
2026-02-12 09:12:34,788 - INFO - Model qwen2.5:7b pre-loaded successfully
2026-02-12 09:12:34,788 - INFO - Pre-loading model: qwen2.5-coder:7b
2026-02-12 09:12:37,958 - INFO - Model qwen2.5-coder:7b pre-loaded successfully
2026-02-12 09:12:37,958 - INFO -   Ollama ready with models: ['qwen2.5:7b', 'qwen2.5-coder:7b']
2026-02-12 09:12:37,959 - INFO -   Auto-calculated workers: 6 (based on model size)
2026-02-12 09:12:37,967 - INFO -   Estimated samples per run: 3765 (max_samples=3765)
2026-02-12 09:12:37,967 - INFO -   Estimated total samples: 210840
2026-02-12 09:12:37,967 - INFO - 
[Step 3/3] Running experiments (Parallel workers: 6)...
Total Progress (Samples):   0%|          | 0/210840 [00:00<?, ?sample/s]2026-02-12 09:12:38,054 - INFO - ============================================================
2026-02-12 09:12:38,054 - INFO - CodeIE NER Experiment (Enhanced with Entity Schema)
2026-02-12 09:12:38,054 - INFO - ============================================================
2026-02-12 09:12:38,054 - INFO - Granularity: coarse
2026-02-12 09:12:38,054 - INFO - Style: pl
2026-02-12 09:12:38,054 - INFO - Variation: v0_original
2026-02-12 09:12:38,054 - INFO - Model: qwen2.5-coder:7b
2026-02-12 09:12:38,054 - INFO - ============================================================
2026-02-12 09:12:38,054 - INFO - ============================================================
2026-02-12 09:12:38,055 - INFO - CodeIE NER Experiment (Enhanced with Entity Schema)
2026-02-12 09:12:38,055 - INFO - ============================================================
2026-02-12 09:12:38,055 - INFO - Granularity: coarse
2026-02-12 09:12:38,055 - INFO - Using ChatOllama (Chat API) for qwen2.5-coder:7b with timeout=180s
2026-02-12 09:12:38,055 - INFO - Style: pl
2026-02-12 09:12:38,055 - INFO - Variation: lexical_substitution
2026-02-12 09:12:38,055 - INFO - Model: qwen2.5:7b
2026-02-12 09:12:38,055 - INFO - ============================================================
2026-02-12 09:12:38,055 - INFO - Using ChatOllama (Chat API) for qwen2.5:7b with timeout=180s
2026-02-12 09:12:38,055 - INFO - ============================================================
2026-02-12 09:12:38,055 - INFO - CodeIE NER Experiment (Enhanced with Entity Schema)
2026-02-12 09:12:38,055 - INFO - ============================================================
2026-02-12 09:12:38,055 - INFO - ============================================================
2026-02-12 09:12:38,055 - INFO - Granularity: coarse
2026-02-12 09:12:38,055 - INFO - CodeIE NER Experiment (Enhanced with Entity Schema)
2026-02-12 09:12:38,055 - INFO - ============================================================
2026-02-12 09:12:38,055 - INFO - Style: pl
2026-02-12 09:12:38,055 - INFO - Variation: reodering
2026-02-12 09:12:38,055 - INFO - Granularity: coarse
2026-02-12 09:12:38,055 - INFO - Model: qwen2.5:7b
2026-02-12 09:12:38,055 - INFO - ============================================================
2026-02-12 09:12:38,055 - INFO - Style: pl
2026-02-12 09:12:38,055 - INFO - Variation: lexical_substitution
2026-02-12 09:12:38,055 - INFO - Model: qwen2.5-coder:7b
2026-02-12 09:12:38,055 - INFO - ============================================================
2026-02-12 09:12:38,055 - INFO - ============================================================
2026-02-12 09:12:38,055 - INFO - CodeIE NER Experiment (Enhanced with Entity Schema)
2026-02-12 09:12:38,055 - INFO - ============================================================
2026-02-12 09:12:38,055 - INFO - Granularity: coarse
2026-02-12 09:12:38,055 - INFO - Using ChatOllama (Chat API) for qwen2.5:7b with timeout=180s
2026-02-12 09:12:38,055 - INFO - Style: pl
2026-02-12 09:12:38,056 - INFO - Variation: reodering
2026-02-12 09:12:38,056 - INFO - Using ChatOllama (Chat API) for qwen2.5-coder:7b with timeout=180s
2026-02-12 09:12:38,056 - INFO - Model: qwen2.5-coder:7b
2026-02-12 09:12:38,056 - INFO - ============================================================
2026-02-12 09:12:38,056 - INFO - Using ChatOllama (Chat API) for qwen2.5-coder:7b with timeout=180s
2026-02-12 09:12:38,106 - INFO - Discovered variations: ['default', 'sentence_reordering', 'backtrans_tu', 'backtrans_ch', 'reodering', 'lexical_substitution', 'backtrans_sp']
2026-02-12 09:12:38,106 - INFO - Entity types (8): ['art', 'building', 'event', 'location', 'organization', 'other', 'person', 'product']
2026-02-12 09:12:38,106 - INFO - Loading test data from: /home/ann/fiz-ddb/notebook/KDAI-Experiments-CodeIE/few-nerd_test
2026-02-12 09:12:38,107 - INFO - Discovered variations: ['default', 'sentence_reordering', 'backtrans_tu', 'backtrans_ch', 'reodering', 'lexical_substitution', 'backtrans_sp']
2026-02-12 09:12:38,107 - INFO - Entity types (8): ['art', 'building', 'event', 'location', 'organization', 'other', 'person', 'product']
2026-02-12 09:12:38,107 - INFO - Loading test data from: /home/ann/fiz-ddb/notebook/KDAI-Experiments-CodeIE/few-nerd_test
2026-02-12 09:12:38,108 - INFO - Discovered variations: ['default', 'sentence_reordering', 'backtrans_tu', 'backtrans_ch', 'reodering', 'lexical_substitution', 'backtrans_sp']
2026-02-12 09:12:38,108 - INFO - Entity types (8): ['art', 'building', 'event', 'location', 'organization', 'other', 'person', 'product']
2026-02-12 09:12:38,108 - INFO - Discovered variations: ['default', 'sentence_reordering', 'backtrans_tu', 'backtrans_ch', 'reodering', 'lexical_substitution', 'backtrans_sp']
2026-02-12 09:12:38,108 - INFO - Loading test data from: /home/ann/fiz-ddb/notebook/KDAI-Experiments-CodeIE/few-nerd_test
2026-02-12 09:12:38,108 - INFO - Entity types (8): ['art', 'building', 'event', 'location', 'organization', 'other', 'person', 'product']
2026-02-12 09:12:38,108 - INFO - Loading test data from: /home/ann/fiz-ddb/notebook/KDAI-Experiments-CodeIE/few-nerd_test
2026-02-12 09:12:38,108 - INFO - Discovered variations: ['default', 'sentence_reordering', 'backtrans_tu', 'backtrans_ch', 'reodering', 'lexical_substitution', 'backtrans_sp']
2026-02-12 09:12:38,108 - INFO - Entity types (8): ['art', 'building', 'event', 'location', 'organization', 'other', 'person', 'product']
2026-02-12 09:12:38,108 - INFO - Loading test data from: /home/ann/fiz-ddb/notebook/KDAI-Experiments-CodeIE/few-nerd_test
2026-02-12 09:12:38,115 - INFO - Loading custom prompt from: /home/ann/fiz-ddb/notebook/KDAI-Experiments-CodeIE/CodeIE/prompts/base/coarse_pl_1shot.txt
2026-02-12 09:12:38,115 - INFO - Base prompt loaded (Length: 3810)
2026-02-12 09:12:38,115 - INFO - Sample base prompt (first 1000 chars):
2026-02-12 09:12:38,115 - INFO - ----------------------------------------
2026-02-12 09:12:38,115 - INFO - # TASK: Complete the Python code by adding entity_list.append() statements.
2026-02-12 09:12:38,115 - INFO - # DO NOT explain the code. Just output the entity_list.append() lines.
2026-02-12 09:12:38,115 - INFO - # DO NOT tell me how to adjust the code. Simply complete it with Just output the entity_list.append() lines.
2026-02-12 09:12:38,115 - INFO - # STICK EXACTLY to the entity-types do not define your own entity types.
2026-02-12 09:12:38,115 - INFO - 
2026-02-12 09:12:38,115 - INFO - # You are an expert Named Entity Recognition (NER) system specializing in extracting entities from text.
2026-02-12 09:12:38,115 - INFO - # For each input_text, identify named entities and add them using entity_list.append().
2026-02-12 09:12:38,115 - INFO - 
2026-02-12 09:12:38,115 - INFO - # Entity Types:
2026-02-12 09:12:38,115 - INFO - # - art: A work of art including films, books, music, paintings, or other creative works.
2026-02-12 09:12:38,115 - INFO - # - building: A named structure or building, such as a stadium, museum, or hotel.
2026-02-12 09:12:38,115 - INFO - # - event: A named event such as a war, sports event, festival, or historical occurrence.
2026-02-12 09:12:38,115 - INFO - # - location: A geographical location such as a city, country, continent, region, or landmark.
2026-02-12 09:12:38,115 - INFO - # - organization: A named organization, institution, company, or group.
2026-02-12 09:12:38,115 - INFO - # - other: Other named entities
2026-02-12 09:12:38,115 - INFO - ----------------------------------------
2026-02-12 09:12:38,115 - INFO - Processing 3765 test samples...
2026-02-12 09:12:38,115 - INFO - Loading custom prompt from: /home/ann/fiz-ddb/notebook/KDAI-Experiments-CodeIE/CodeIE/prompts/variations/coarse_pl_1shot/reodering.txt
2026-02-12 09:12:38,115 - INFO - Loading custom prompt from: /home/ann/fiz-ddb/notebook/KDAI-Experiments-CodeIE/CodeIE/prompts/variations/coarse_pl_1shot/lexical_substitution.txt
2026-02-12 09:12:38,116 - INFO - Base prompt loaded (Length: 3884)
2026-02-12 09:12:38,116 - INFO - Base prompt loaded (Length: 3735)
2026-02-12 09:12:38,116 - INFO - Sample base prompt (first 1000 chars):
2026-02-12 09:12:38,116 - INFO - Sample base prompt (first 1000 chars):
2026-02-12 09:12:38,116 - INFO - ----------------------------------------
2026-02-12 09:12:38,116 - INFO - ----------------------------------------
2026-02-12 09:12:38,116 - INFO - # OBJECTIVE: Finish the Python script by inserting entity_list.append() commands.
2026-02-12 09:12:38,116 - INFO - # TASK: Complete the Python code by adding entity_list.append() statements.
2026-02-12 09:12:38,116 - INFO - Loading custom prompt from: /home/ann/fiz-ddb/notebook/KDAI-Experiments-CodeIE/CodeIE/prompts/variations/coarse_pl_1shot/reodering.txt
2026-02-12 09:12:38,116 - INFO - # NO explanations. Only print the entity_list.append() lines.
2026-02-12 09:12:38,116 - INFO - # DO NOT explain the code. Just output the entity_list.append() lines.
2026-02-12 09:12:38,116 - INFO - # DO NOT tell me how to adjust the code. Simply complete it with Just output the entity_list.append() lines.
2026-02-12 09:12:38,116 - INFO - # DO NOT tell me how to adjust the code. Simply complete it with Just output the entity_list.append() lines.
2026-02-12 09:12:38,116 - INFO - # You are a skilled Named Entity Recognition (NER) tool focused on mining entities from text.
2026-02-12 09:12:38,116 - INFO - # You are an expert Named Entity Recognition (NER) system specializing in extracting entities from text.
2026-02-12 09:12:38,116 - INFO - # For every input_text, detect named entities and append them to the entity_list.
2026-02-12 09:12:38,116 - INFO - Loading custom prompt from: /home/ann/fiz-ddb/notebook/KDAI-Experiments-CodeIE/CodeIE/prompts/variations/coarse_pl_1shot/lexical_substitution.txt
2026-02-12 09:12:38,116 - INFO - # For each input_text, identify named entities and add them using entity_list.append().
2026-02-12 09:12:38,116 - INFO - # STICK EXACTLY to the entity-types do not define your own entity types.
2026-02-12 09:12:38,116 - INFO - # STICK EXACTLY to the entity-types do not define your own entity types.
2026-02-12 09:12:38,116 - INFO - Base prompt loaded (Length: 3735)
2026-02-12 09:12:38,116 - INFO - 
2026-02-12 09:12:38,116 - INFO - # Classification Categories:
2026-02-12 09:12:38,116 - INFO - 
2026-02-12 09:12:38,116 - INFO - Sample base prompt (first 1000 chars):
2026-02-12 09:12:38,116 - INFO - # - art: A titled creative piece such as movies, literature, songs, artwork, or other artistic productions.
2026-02-12 09:12:38,116 - INFO - # Entity Types:
2026-02-12 09:12:38,116 - INFO - ----------------------------------------
2026-02-12 09:12:38,116 - INFO - # - building: A specific edifice or construction, like a stadium, gallery, or inn.
2026-02-12 09:12:38,116 - INFO - # - person: A named individual, including fictional characters, historical figures, celebrities, and common people.
2026-02-12 09:12:38,116 - INFO - Base prompt loaded (Length: 3884)
2026-02-12 09:12:38,116 - INFO - # - event: A specific occasion like a conflict, athletic competition, gala, or historic incident.
2026-02-12 09:12:38,116 - INFO - # - organization: A named organization, institution, company, or group.
2026-02-12 09:12:38,116 - INFO - # TASK: Complete the Python code by adding entity_list.append() statements.
2026-02-12 09:12:38,116 - INFO - # - location: A geographic place like a town, nation, landmass, area, or point of interest.
2026-02-12 09:12:38,116 - INFO - # - location: A geographical location such as a city, country, continent, region, or landmark.
2026-02-12 09:12:38,116 - INFO - Sample base prompt (first 1000 chars):
2026-02-12 09:12:38,116 - INFO - # DO NOT explain the code. Just output the entity_list.append() lines.
2026-02-12 09:12:38,116 - INFO - # - organization: A specific association, institute, enterprise, or team.
2026-02-12 09:12:38,116 - INFO - # - event: A named event such as a war, sports event, festival, or historical occurrence.
2026-02-12 09:12:38,116 - INFO - ----------------------------------------
2026-02-12 09:12:38,116 - INFO - # DO NOT tell me how to adjust the code. Simply complete it with Just output the entity_list.append() lines.
2026-02-12 09:12:38,116 - INFO - # - other: Mi
2026-02-12 09:12:38,116 - INFO - # - product: A named commercial product, software, vehicle model, or branded item.
2026-02-12 09:12:38,116 - INFO - # You are an expert Named Entity Recognition (NER) system specializing in extracting entities from text.
2026-02-12 09:12:38,116 - INFO - ----------------------------------------
2026-02-12 09:12:38,116 - INFO - # - b
2026-02-12 09:12:38,116 - INFO - # OBJECTIVE: Finish the Python script by inserting entity_list.append() commands.
2026-02-12 09:12:38,116 - INFO - ----------------------------------------
2026-02-12 09:12:38,116 - INFO - # For each input_text, identify named entities and add them using entity_list.append().
2026-02-12 09:12:38,116 - INFO - # NO explanations. Only print the entity_list.append() lines.
2026-02-12 09:12:38,116 - INFO - # STICK EXACTLY to the entity-types do not define your own entity types.
2026-02-12 09:12:38,116 - INFO - # DO NOT tell me how to adjust the code. Simply complete it with Just output the entity_list.append() lines.
2026-02-12 09:12:38,116 - INFO - 
2026-02-12 09:12:38,116 - INFO - # You are a skilled Named Entity Recognition (NER) tool focused on mining entities from text.
2026-02-12 09:12:38,116 - INFO - Processing 3765 test samples...
2026-02-12 09:12:38,116 - INFO - # Entity Types:
2026-02-12 09:12:38,116 - INFO - # For every input_text, detect named entities and append them to the entity_list.
2026-02-12 09:12:38,116 - INFO - Processing 3765 test samples...
2026-02-12 09:12:38,116 - INFO - # - person: A named individual, including fictional characters, historical figures, celebrities, and common people.
2026-02-12 09:12:38,116 - INFO - # STICK EXACTLY to the entity-types do not define your own entity types.
2026-02-12 09:12:38,116 - INFO - # - organization: A named organization, institution, company, or group.
2026-02-12 09:12:38,116 - INFO - 
2026-02-12 09:12:38,116 - INFO - # - location: A geographical location such as a city, country, continent, region, or landmark.
2026-02-12 09:12:38,116 - INFO - # Classification Categories:
2026-02-12 09:12:38,116 - INFO - # - event: A named event such as a war, sports event, festival, or historical occurrence.
2026-02-12 09:12:38,116 - INFO - # - art: A titled creative piece such as movies, literature, songs, artwork, or other artistic productions.
2026-02-12 09:12:38,116 - INFO - # - product: A named commercial product, software, vehicle model, or branded item.
2026-02-12 09:12:38,116 - INFO - # - building: A specific edifice or construction, like a stadium, gallery, or inn.
2026-02-12 09:12:38,116 - INFO - # - b
2026-02-12 09:12:38,116 - INFO - # - event: A specific occasion like a conflict, athletic competition, gala, or historic incident.
2026-02-12 09:12:38,116 - INFO - ----------------------------------------
2026-02-12 09:12:38,116 - INFO - # - location: A geographic place like a town, nation, landmass, area, or point of interest.
2026-02-12 09:12:38,116 - INFO - # - organization: A specific association, institute, enterprise, or team.
2026-02-12 09:12:38,116 - INFO - # - other: Mi
2026-02-12 09:12:38,116 - INFO - ----------------------------------------
2026-02-12 09:12:38,116 - INFO - Processing 3765 test samples...
2026-02-12 09:12:38,116 - INFO - Processing 3765 test samples...
2026-02-12 09:12:38,414 - INFO - HTTP Request: POST http://localhost:11434/api/chat "HTTP/1.1 200 OK"
2026-02-12 09:12:38,415 - INFO - HTTP Request: POST http://localhost:11434/api/chat "HTTP/1.1 200 OK"
Total Progress (Samples):   0%|          | 1/210840 [00:00<48:36:01,  1.21sample/s]2026-02-12 09:12:39,083 - INFO - HTTP Request: POST http://localhost:11434/api/chat "HTTP/1.1 200 OK"
2026-02-12 09:12:39,155 - INFO - HTTP Request: POST http://localhost:11434/api/chat "HTTP/1.1 200 OK"
Total Progress (Samples):   0%|          | 3/210840 [00:01<29:46:24,  1.97sample/s]2026-02-12 09:12:39,859 - INFO - HTTP Request: POST http://localhost:11434/api/chat "HTTP/1.1 200 OK"
2026-02-12 09:12:39,979 - INFO - HTTP Request: POST http://localhost:11434/api/chat "HTTP/1.1 200 OK"
Total Progress (Samples):   0%|          | 5/210840 [00:02<20:44:49,  2.82sample/s]2026-02-12 09:12:40,295 - INFO - HTTP Request: POST http://localhost:11434/api/chat "HTTP/1.1 200 OK"
Total Progress (Samples):   0%|          | 6/210840 [00:02<22:01:47,  2.66sample/s]Total Progress (Samples):   0%|          | 7/210840 [00:02<17:49:12,  3.29sample/s]2026-02-12 09:12:40,719 - INFO - HTTP Request: POST http://localhost:11434/api/chat "HTTP/1.1 200 OK"
2026-02-12 09:12:40,832 - INFO - HTTP Request: POST http://localhost:11434/api/chat "HTTP/1.1 200 OK"
Total Progress (Samples):   0%|          | 8/210840 [00:02<17:03:02,  3.43sample/s]Total Progress (Samples):   0%|          | 9/210840 [00:02<14:04:39,  4.16sample/s]2026-02-12 09:12:41,103 - INFO - HTTP Request: POST http://localhost:11434/api/chat "HTTP/1.1 200 OK"
2026-02-12 09:12:41,220 - INFO - HTTP Request: POST http://localhost:11434/api/chat "HTTP/1.1 200 OK"
Total Progress (Samples):   0%|          | 10/210840 [00:03<14:32:26,  4.03sample/s]Total Progress (Samples):   0%|          | 11/210840 [00:03<13:07:58,  4.46sample/s]2026-02-12 09:12:41,473 - INFO - HTTP Request: POST http://localhost:11434/api/chat "HTTP/1.1 200 OK"
2026-02-12 09:12:41,643 - INFO - HTTP Request: POST http://localhost:11434/api/chat "HTTP/1.1 200 OK"
Total Progress (Samples):   0%|          | 12/210840 [00:03<16:24:46,  3.57sample/s]2026-02-12 09:12:42,053 - INFO - HTTP Request: POST http://localhost:11434/api/chat "HTTP/1.1 200 OK"
2026-02-12 09:12:42,084 - INFO - HTTP Request: POST http://localhost:11434/api/chat "HTTP/1.1 200 OK"
Total Progress (Samples):   0%|          | 14/210840 [00:04<14:18:51,  4.09sample/s]Total Progress (Samples):   0%|          | 15/210840 [00:04<13:22:46,  4.38sample/s]2026-02-12 09:12:42,483 - INFO - HTTP Request: POST http://localhost:11434/api/chat "HTTP/1.1 200 OK"
2026-02-12 09:12:42,650 - INFO - HTTP Request: POST http://localhost:11434/api/chat "HTTP/1.1 200 OK"
Total Progress (Samples):   0%|          | 16/210840 [00:04<13:34:57,  4.31sample/s]2026-02-12 09:12:42,873 - INFO - HTTP Request: POST http://localhost:11434/api/chat "HTTP/1.1 200 OK"
Total Progress (Samples):   0%|          | 17/210840 [00:05<15:56:42,  3.67sample/s]2026-02-12 09:12:43,267 - INFO - HTTP Request: POST http://localhost:11434/api/chat "HTTP/1.1 200 OK"
2026-02-12 09:12:43,280 - INFO - HTTP Request: POST http://localhost:11434/api/chat "HTTP/1.1 200 OK"
Total Progress (Samples):   0%|          | 19/210840 [00:05<16:07:53,  3.63sample/s]2026-02-12 09:12:43,817 - INFO - HTTP Request: POST http://localhost:11434/api/chat "HTTP/1.1 200 OK"
2026-02-12 09:12:43,872 - INFO - HTTP Request: POST http://localhost:11434/api/chat "HTTP/1.1 200 OK"
Total Progress (Samples):   0%|          | 21/210840 [00:06<15:07:46,  3.87sample/s]Total Progress (Samples):   0%|          | 22/210840 [00:06<13:13:37,  4.43sample/s]2026-02-12 09:12:44,276 - INFO - HTTP Request: POST http://localhost:11434/api/chat "HTTP/1.1 200 OK"
2026-02-12 09:12:44,380 - INFO - HTTP Request: POST http://localhost:11434/api/chat "HTTP/1.1 200 OK"
Total Progress (Samples):   0%|          | 23/210840 [00:06<16:26:57,  3.56sample/s]Total Progress (Samples):   0%|          | 24/210840 [00:06<14:33:14,  4.02sample/s]2026-02-12 09:12:44,852 - INFO - HTTP Request: POST http://localhost:11434/api/chat "HTTP/1.1 200 OK"
2026-02-12 09:12:44,991 - INFO - HTTP Request: POST http://localhost:11434/api/chat "HTTP/1.1 200 OK"
Total Progress (Samples):   0%|          | 25/210840 [00:07<17:01:11,  3.44sample/s]2026-02-12 09:12:45,404 - INFO - HTTP Request: POST http://localhost:11434/api/chat "HTTP/1.1 200 OK"
2026-02-12 09:12:45,427 - INFO - HTTP Request: POST http://localhost:11434/api/chat "HTTP/1.1 200 OK"
Total Progress (Samples):   0%|          | 27/210840 [00:07<17:01:03,  3.44sample/s]2026-02-12 09:12:46,000 - INFO - HTTP Request: POST http://localhost:11434/api/chat "HTTP/1.1 200 OK"
2026-02-12 09:12:46,006 - INFO - HTTP Request: POST http://localhost:11434/api/chat "HTTP/1.1 200 OK"
Total Progress (Samples):   0%|          | 29/210840 [00:08<17:34:42,  3.33sample/s]2026-02-12 09:12:46,606 - INFO - HTTP Request: POST http://localhost:11434/api/chat "HTTP/1.1 200 OK"
Total Progress (Samples):   0%|          | 30/210840 [00:08<20:38:05,  2.84sample/s]2026-02-12 09:12:47,153 - INFO - HTTP Request: POST http://localhost:11434/api/chat "HTTP/1.1 200 OK"
Total Progress (Samples):   0%|          | 31/210840 [00:09<22:59:03,  2.55sample/s]Total Progress (Samples):   0%|          | 32/210840 [00:09<20:08:19,  2.91sample/s]2026-02-12 09:12:47,694 - INFO - HTTP Request: POST http://localhost:11434/api/chat "HTTP/1.1 200 OK"
2026-02-12 09:12:47,874 - INFO - HTTP Request: POST http://localhost:11434/api/chat "HTTP/1.1 200 OK"
Total Progress (Samples):   0%|          | 33/210840 [00:10<20:49:08,  2.81sample/s]2026-02-12 09:12:48,263 - INFO - HTTP Request: POST http://localhost:11434/api/chat "HTTP/1.1 200 OK"
Total Progress (Samples):   0%|          | 34/210840 [00:10<27:17:49,  2.15sample/s]2026-02-12 09:12:49,036 - INFO - HTTP Request: POST http://localhost:11434/api/chat "HTTP/1.1 200 OK"
Total Progress (Samples):   0%|          | 35/210840 [00:11<25:26:45,  2.30sample/s]2026-02-12 09:12:49,386 - INFO - HTTP Request: POST http://localhost:11434/api/chat "HTTP/1.1 200 OK"
Total Progress (Samples):   0%|          | 36/210840 [00:11<25:09:48,  2.33sample/s]2026-02-12 09:12:49,804 - INFO - HTTP Request: POST http://localhost:11434/api/chat "HTTP/1.1 200 OK"
2026-02-12 09:12:49,810 - INFO - HTTP Request: POST http://localhost:11434/api/chat "HTTP/1.1 200 OK"
Total Progress (Samples):   0%|          | 38/210840 [00:11<18:58:33,  3.09sample/s]2026-02-12 09:12:50,208 - INFO - HTTP Request: POST http://localhost:11434/api/chat "HTTP/1.1 200 OK"
Total Progress (Samples):   0%|          | 39/210840 [00:12<19:22:33,  3.02sample/s]2026-02-12 09:12:50,536 - INFO - HTTP Request: POST http://localhost:11434/api/chat "HTTP/1.1 200 OK"
Total Progress (Samples):   0%|          | 40/210840 [00:13<26:38:17,  2.20sample/s]2026-02-12 09:12:51,142 - INFO - Progress: 10/3765 | P: 0.5556 | R: 0.5172 | Micro-F1: 0.5357 | Macro-F1: 0.5392
2026-02-12 09:12:51,368 - INFO - HTTP Request: POST http://localhost:11434/api/chat "HTTP/1.1 200 OK"
Total Progress (Samples):   0%|          | 41/210840 [00:13<32:11:38,  1.82sample/s]2026-02-12 09:12:52,173 - INFO - HTTP Request: POST http://localhost:11434/api/chat "HTTP/1.1 200 OK"
Total Progress (Samples):   0%|          | 42/210840 [00:14<31:34:38,  1.85sample/s]2026-02-12 09:12:52,464 - INFO - Progress: 10/3765 | P: 0.5862 | R: 0.5862 | Micro-F1: 0.5862 | Macro-F1: 0.5855
2026-02-12 09:12:52,683 - INFO - HTTP Request: POST http://localhost:11434/api/chat "HTTP/1.1 200 OK"
Total Progress (Samples):   0%|          | 43/210840 [00:15<34:52:39,  1.68sample/s]2026-02-12 09:12:53,429 - INFO - HTTP Request: POST http://localhost:11434/api/chat "HTTP/1.1 200 OK"
Total Progress (Samples):   0%|          | 44/210840 [00:15<32:11:21,  1.82sample/s]Total Progress (Samples):   0%|          | 45/210840 [00:15<25:53:40,  2.26sample/s]2026-02-12 09:12:53,856 - INFO - HTTP Request: POST http://localhost:11434/api/chat "HTTP/1.1 200 OK"
2026-02-12 09:12:54,031 - INFO - HTTP Request: POST http://localhost:11434/api/chat "HTTP/1.1 200 OK"
Total Progress (Samples):   0%|          | 46/210840 [00:16<36:55:18,  1.59sample/s]2026-02-12 09:12:55,127 - INFO - HTTP Request: POST http://localhost:11434/api/chat "HTTP/1.1 200 OK"
Total Progress (Samples):   0%|          | 47/210840 [00:17<33:00:32,  1.77sample/s]2026-02-12 09:12:55,510 - INFO - HTTP Request: POST http://localhost:11434/api/chat "HTTP/1.1 200 OK"
Total Progress (Samples):   0%|          | 48/210840 [00:17<29:36:05,  1.98sample/s]2026-02-12 09:12:55,878 - INFO - HTTP Request: POST http://localhost:11434/api/chat "HTTP/1.1 200 OK"
Total Progress (Samples):   0%|          | 49/210840 [00:17<26:12:37,  2.23sample/s]2026-02-12 09:12:56,204 - INFO - HTTP Request: POST http://localhost:11434/api/chat "HTTP/1.1 200 OK"
2026-02-12 09:12:56,284 - INFO - HTTP Request: POST http://localhost:11434/api/chat "HTTP/1.1 200 OK"
Total Progress (Samples):   0%|          | 51/210840 [00:18<20:53:39,  2.80sample/s]2026-02-12 09:12:56,701 - INFO - HTTP Request: POST http://localhost:11434/api/chat "HTTP/1.1 200 OK"
Total Progress (Samples):   0%|          | 52/210840 [00:18<21:05:27,  2.78sample/s]2026-02-12 09:12:57,077 - INFO - HTTP Request: POST http://localhost:11434/api/chat "HTTP/1.1 200 OK"
Total Progress (Samples):   0%|          | 53/210840 [00:19<24:05:01,  2.43sample/s]2026-02-12 09:12:57,624 - INFO - HTTP Request: POST http://localhost:11434/api/chat "HTTP/1.1 200 OK"
Total Progress (Samples):   0%|          | 54/210840 [00:19<21:06:36,  2.77sample/s]2026-02-12 09:12:57,634 - INFO - Progress: 10/3765 | P: 0.5357 | R: 0.5172 | Micro-F1: 0.5263 | Macro-F1: 0.4569
2026-02-12 09:12:57,861 - INFO - HTTP Request: POST http://localhost:11434/api/chat "HTTP/1.1 200 OK"
Total Progress (Samples):   0%|          | 55/210840 [00:19<21:09:03,  2.77sample/s]2026-02-12 09:12:58,219 - INFO - HTTP Request: POST http://localhost:11434/api/chat "HTTP/1.1 200 OK"
Total Progress (Samples):   0%|          | 56/210840 [00:20<24:54:13,  2.35sample/s]2026-02-12 09:12:58,805 - INFO - HTTP Request: POST http://localhost:11434/api/chat "HTTP/1.1 200 OK"
Total Progress (Samples):   0%|          | 57/210840 [00:20<24:49:52,  2.36sample/s]2026-02-12 09:12:59,004 - INFO - Progress: 10/3765 | P: 0.5625 | R: 0.6207 | Micro-F1: 0.5902 | Macro-F1: 0.5477
Traceback (most recent call last):
  File "/home/ann/fiz-ddb/notebook/KDAI-Experiments-CodeIE/CodeIE/orchestrator.py", line 303, in run_experiment_task
    metrics = run_experiment(
              ^^^^^^^^^^^^^^^
  File "/home/ann/fiz-ddb/notebook/KDAI-Experiments-CodeIE/CodeIE/run_codeie_experiments.py", line 1028, in run_experiment
    sentence_nervaluate = evaluate_with_nervaluate(
                          ^^^^^^^^^^^^^^^^^^^^^^^^^
  File "/home/ann/fiz-ddb/notebook/KDAI-Experiments-CodeIE/CodeIE/src/evaluation_nervaluate.py", line 238, in evaluate_with_nervaluate
    evaluator = Evaluator(all_gold_spans, all_pred_spans, tags=entity_types, loader="default")
                ^^^^^^^^^^^^^^^^^^^^^^^^^^^^^^^^^^^^^^^^^^^^^^^^^^^^^^^^^^^^^^^^^^^^^^^^^^^^^^
  File "/home/ann/anaconda3/envs/CodeIE/lib/python3.12/site-packages/nervaluate/evaluator.py", line 36, in __init__
    self._load_data(true, pred, loader)
  File "/home/ann/anaconda3/envs/CodeIE/lib/python3.12/site-packages/nervaluate/evaluator.py", line 59, in _load_data
    if isinstance(true[0][0], dict):
                  ~~~~~~~^^^
IndexError: list index out of range
2026-02-12 09:12:59,035 - ERROR - Failed: qwen2.5_coarse_pl_reodering - list index out of range
2026-02-12 09:12:59,037 - INFO - ============================================================
2026-02-12 09:12:59,038 - INFO - CodeIE NER Experiment (Enhanced with Entity Schema)
2026-02-12 09:12:59,038 - INFO - ============================================================
2026-02-12 09:12:59,038 - INFO - Granularity: coarse
2026-02-12 09:12:59,038 - INFO - Style: pl
2026-02-12 09:12:59,038 - INFO - Variation: sentence_reordering
2026-02-12 09:12:59,038 - INFO - Model: qwen2.5:7b
2026-02-12 09:12:59,038 - INFO - ============================================================
2026-02-12 09:12:59,038 - INFO - Using ChatOllama (Chat API) for qwen2.5:7b with timeout=180s
2026-02-12 09:12:59,094 - INFO - Discovered variations: ['default', 'sentence_reordering', 'backtrans_tu', 'backtrans_ch', 'reodering', 'lexical_substitution', 'backtrans_sp']
2026-02-12 09:12:59,095 - INFO - Entity types (8): ['art', 'building', 'event', 'location', 'organization', 'other', 'person', 'product']
2026-02-12 09:12:59,095 - INFO - Loading test data from: /home/ann/fiz-ddb/notebook/KDAI-Experiments-CodeIE/few-nerd_test
2026-02-12 09:12:59,099 - INFO - Loading custom prompt from: /home/ann/fiz-ddb/notebook/KDAI-Experiments-CodeIE/CodeIE/prompts/variations/coarse_pl_1shot/sentence_reordering.txt
2026-02-12 09:12:59,099 - INFO - Base prompt loaded (Length: 3899)
2026-02-12 09:12:59,099 - INFO - Sample base prompt (first 1000 chars):
2026-02-12 09:12:59,099 - INFO - ----------------------------------------
2026-02-12 09:12:59,099 - INFO - # TASK: Complete the Python code by adding entity_list.append() statements.
2026-02-12 09:12:59,099 - INFO - # DO NOT explain the code. Just output the entity_list.append() lines.
2026-02-12 09:12:59,099 - INFO - 
2026-02-12 09:12:59,099 - INFO - # You are an expert Named Entity Recognition (NER) system capable of identifying entities within text.
2026-02-12 09:12:59,099 - INFO - # For every input_text, find and add named entities using entity_list.append().
2026-02-12 09:12:59,099 - INFO - 
2026-02-12 09:12:59,099 - INFO - # Entity Types:
2026-02-12 09:12:59,099 - INFO - # - art: Creative works that have a name, including music, books, films, paintings, etc.
2026-02-12 09:12:59,099 - INFO - # - building: Named constructions or structures, for example, museums, stadiums, or hotels.
2026-02-12 09:12:59,099 - INFO - # - event: Specific named occurrences like festivals, wars, historical events, or sports competitions.
2026-02-12 09:12:59,099 - INFO - # - location: Geographical places including countries, cities, regions, landmarks, or continents.
2026-02-12 09:12:59,099 - INFO - # - organization: Named groups, companies, institutions, or organizations.
2026-02-12 09:12:59,099 - INFO - # - other: Named entities that do not fall into the specific categories listed above.
2026-02-12 09:12:59,099 - INFO - # - person: Specific individuals, covering celebrities, historical figures, common people, and fictional char
2026-02-12 09:12:59,099 - INFO - ----------------------------------------
2026-02-12 09:12:59,099 - INFO - Processing 3765 test samples...
2026-02-12 09:12:59,229 - INFO - HTTP Request: POST http://localhost:11434/api/chat "HTTP/1.1 200 OK"
2026-02-12 09:12:59,256 - INFO - HTTP Request: POST http://localhost:11434/api/chat "HTTP/1.1 200 OK"
Total Progress (Samples):   0%|          | 59/210840 [00:21<19:24:58,  3.02sample/s]Traceback (most recent call last):
  File "/home/ann/fiz-ddb/notebook/KDAI-Experiments-CodeIE/CodeIE/orchestrator.py", line 303, in run_experiment_task
    metrics = run_experiment(
              ^^^^^^^^^^^^^^^
  File "/home/ann/fiz-ddb/notebook/KDAI-Experiments-CodeIE/CodeIE/run_codeie_experiments.py", line 1028, in run_experiment
    sentence_nervaluate = evaluate_with_nervaluate(
                          ^^^^^^^^^^^^^^^^^^^^^^^^^
  File "/home/ann/fiz-ddb/notebook/KDAI-Experiments-CodeIE/CodeIE/src/evaluation_nervaluate.py", line 238, in evaluate_with_nervaluate
    evaluator = Evaluator(all_gold_spans, all_pred_spans, tags=entity_types, loader="default")
                ^^^^^^^^^^^^^^^^^^^^^^^^^^^^^^^^^^^^^^^^^^^^^^^^^^^^^^^^^^^^^^^^^^^^^^^^^^^^^^
  File "/home/ann/anaconda3/envs/CodeIE/lib/python3.12/site-packages/nervaluate/evaluator.py", line 36, in __init__
    self._load_data(true, pred, loader)
  File "/home/ann/anaconda3/envs/CodeIE/lib/python3.12/site-packages/nervaluate/evaluator.py", line 59, in _load_data
    if isinstance(true[0][0], dict):
                  ~~~~~~~^^^
IndexError: list index out of range
2026-02-12 09:12:59,446 - ERROR - Failed: qwen2.5_coarse_pl_lexical_substitution - list index out of range
2026-02-12 09:12:59,448 - INFO - ============================================================
2026-02-12 09:12:59,449 - INFO - CodeIE NER Experiment (Enhanced with Entity Schema)
2026-02-12 09:12:59,449 - INFO - ============================================================
2026-02-12 09:12:59,449 - INFO - Granularity: coarse
2026-02-12 09:12:59,449 - INFO - Style: pl
2026-02-12 09:12:59,449 - INFO - Variation: sentence_reordering
2026-02-12 09:12:59,449 - INFO - Model: qwen2.5-coder:7b
2026-02-12 09:12:59,449 - INFO - ============================================================
2026-02-12 09:12:59,449 - INFO - Using ChatOllama (Chat API) for qwen2.5-coder:7b with timeout=180s
2026-02-12 09:12:59,501 - INFO - Discovered variations: ['default', 'sentence_reordering', 'backtrans_tu', 'backtrans_ch', 'reodering', 'lexical_substitution', 'backtrans_sp']
2026-02-12 09:12:59,501 - INFO - Entity types (8): ['art', 'building', 'event', 'location', 'organization', 'other', 'person', 'product']
2026-02-12 09:12:59,501 - INFO - Loading test data from: /home/ann/fiz-ddb/notebook/KDAI-Experiments-CodeIE/few-nerd_test
2026-02-12 09:12:59,506 - INFO - Loading custom prompt from: /home/ann/fiz-ddb/notebook/KDAI-Experiments-CodeIE/CodeIE/prompts/variations/coarse_pl_1shot/sentence_reordering.txt
2026-02-12 09:12:59,506 - INFO - Base prompt loaded (Length: 3899)
2026-02-12 09:12:59,506 - INFO - Sample base prompt (first 1000 chars):
2026-02-12 09:12:59,506 - INFO - ----------------------------------------
2026-02-12 09:12:59,506 - INFO - # TASK: Complete the Python code by adding entity_list.append() statements.
2026-02-12 09:12:59,506 - INFO - # DO NOT explain the code. Just output the entity_list.append() lines.
2026-02-12 09:12:59,506 - INFO - 
2026-02-12 09:12:59,506 - INFO - # You are an expert Named Entity Recognition (NER) system capable of identifying entities within text.
2026-02-12 09:12:59,506 - INFO - # For every input_text, find and add named entities using entity_list.append().
2026-02-12 09:12:59,506 - INFO - 
2026-02-12 09:12:59,506 - INFO - # Entity Types:
2026-02-12 09:12:59,506 - INFO - # - art: Creative works that have a name, including music, books, films, paintings, etc.
2026-02-12 09:12:59,506 - INFO - # - building: Named constructions or structures, for example, museums, stadiums, or hotels.
2026-02-12 09:12:59,506 - INFO - # - event: Specific named occurrences like festivals, wars, historical events, or sports competitions.
2026-02-12 09:12:59,506 - INFO - # - location: Geographical places including countries, cities, regions, landmarks, or continents.
2026-02-12 09:12:59,506 - INFO - # - organization: Named groups, companies, institutions, or organizations.
2026-02-12 09:12:59,506 - INFO - # - other: Named entities that do not fall into the specific categories listed above.
2026-02-12 09:12:59,506 - INFO - # - person: Specific individuals, covering celebrities, historical figures, common people, and fictional char
2026-02-12 09:12:59,506 - INFO - ----------------------------------------
2026-02-12 09:12:59,506 - INFO - Processing 3765 test samples...
2026-02-12 09:12:59,667 - INFO - HTTP Request: POST http://localhost:11434/api/chat "HTTP/1.1 200 OK"
Total Progress (Samples):   0%|          | 60/210840 [00:22<23:19:24,  2.51sample/s]2026-02-12 09:13:00,151 - INFO - HTTP Request: POST http://localhost:11434/api/chat "HTTP/1.1 200 OK"
Total Progress (Samples):   0%|          | 61/210840 [00:22<21:20:17,  2.74sample/s]2026-02-12 09:13:00,318 - INFO - Progress: 10/3765 | P: 0.6333 | R: 0.6552 | Micro-F1: 0.6441 | Macro-F1: 0.5595
2026-02-12 09:13:00,479 - INFO - HTTP Request: POST http://localhost:11434/api/chat "HTTP/1.1 200 OK"
2026-02-12 09:13:00,527 - INFO - HTTP Request: POST http://localhost:11434/api/chat "HTTP/1.1 200 OK"
Total Progress (Samples):   0%|          | 63/210840 [00:22<16:23:31,  3.57sample/s]2026-02-12 09:13:00,757 - INFO - HTTP Request: POST http://localhost:11434/api/chat "HTTP/1.1 200 OK"
Total Progress (Samples):   0%|          | 64/210840 [00:22<15:36:10,  3.75sample/s]2026-02-12 09:13:01,085 - INFO - HTTP Request: POST http://localhost:11434/api/chat "HTTP/1.1 200 OK"
Total Progress (Samples):   0%|          | 65/210840 [00:23<15:55:36,  3.68sample/s]2026-02-12 09:13:01,256 - INFO - HTTP Request: POST http://localhost:11434/api/chat "HTTP/1.1 200 OK"
Total Progress (Samples):   0%|          | 66/210840 [00:23<16:25:18,  3.57sample/s]Total Progress (Samples):   0%|          | 67/210840 [00:23<15:14:46,  3.84sample/s]2026-02-12 09:13:01,680 - INFO - HTTP Request: POST http://localhost:11434/api/chat "HTTP/1.1 200 OK"
2026-02-12 09:13:01,755 - INFO - HTTP Request: POST http://localhost:11434/api/chat "HTTP/1.1 200 OK"
Total Progress (Samples):   0%|          | 68/210840 [00:24<18:10:25,  3.22sample/s]2026-02-12 09:13:02,227 - INFO - HTTP Request: POST http://localhost:11434/api/chat "HTTP/1.1 200 OK"
2026-02-12 09:13:02,362 - INFO - HTTP Request: POST http://localhost:11434/api/chat "HTTP/1.1 200 OK"
Total Progress (Samples):   0%|          | 70/210840 [00:24<16:06:19,  3.64sample/s]2026-02-12 09:13:02,684 - INFO - HTTP Request: POST http://localhost:11434/api/chat "HTTP/1.1 200 OK"
Total Progress (Samples):   0%|          | 71/210840 [00:24<13:56:16,  4.20sample/s]2026-02-12 09:13:02,899 - INFO - HTTP Request: POST http://localhost:11434/api/chat "HTTP/1.1 200 OK"
Total Progress (Samples):   0%|          | 72/210840 [00:25<26:04:06,  2.25sample/s]2026-02-12 09:13:03,958 - INFO - HTTP Request: POST http://localhost:11434/api/chat "HTTP/1.1 200 OK"
Total Progress (Samples):   0%|          | 73/210840 [00:26<25:43:55,  2.28sample/s]2026-02-12 09:13:04,269 - INFO - HTTP Request: POST http://localhost:11434/api/chat "HTTP/1.1 200 OK"
Total Progress (Samples):   0%|          | 74/210840 [00:26<23:43:01,  2.47sample/s]2026-02-12 09:13:04,603 - INFO - HTTP Request: POST http://localhost:11434/api/chat "HTTP/1.1 200 OK"
Total Progress (Samples):   0%|          | 75/210840 [00:26<22:35:25,  2.59sample/s]2026-02-12 09:13:05,030 - INFO - HTTP Request: POST http://localhost:11434/api/chat "HTTP/1.1 200 OK"
Total Progress (Samples):   0%|          | 76/210840 [00:27<22:36:49,  2.59sample/s]2026-02-12 09:13:05,408 - INFO - HTTP Request: POST http://localhost:11434/api/chat "HTTP/1.1 200 OK"
Total Progress (Samples):   0%|          | 77/210840 [00:27<24:28:50,  2.39sample/s]2026-02-12 09:13:05,699 - INFO - Progress: 10/3765 | P: 0.5357 | R: 0.5172 | Micro-F1: 0.5263 | Macro-F1: 0.3874
2026-02-12 09:13:05,805 - INFO - HTTP Request: POST http://localhost:11434/api/chat "HTTP/1.1 200 OK"
Total Progress (Samples):   0%|          | 78/210840 [00:28<25:24:38,  2.30sample/s]2026-02-12 09:13:06,267 - INFO - HTTP Request: POST http://localhost:11434/api/chat "HTTP/1.1 200 OK"
2026-02-12 09:13:06,445 - INFO - HTTP Request: POST http://localhost:11434/api/chat "HTTP/1.1 200 OK"
Total Progress (Samples):   0%|          | 80/210840 [00:29<26:26:18,  2.21sample/s]2026-02-12 09:13:07,224 - INFO - HTTP Request: POST http://localhost:11434/api/chat "HTTP/1.1 200 OK"
2026-02-12 09:13:07,330 - INFO - HTTP Request: POST http://localhost:11434/api/chat "HTTP/1.1 200 OK"
Total Progress (Samples):   0%|          | 82/210840 [00:29<25:27:03,  2.30sample/s]2026-02-12 09:13:08,053 - INFO - HTTP Request: POST http://localhost:11434/api/chat "HTTP/1.1 200 OK"
2026-02-12 09:13:08,201 - INFO - HTTP Request: POST http://localhost:11434/api/chat "HTTP/1.1 200 OK"
Total Progress (Samples):   0%|          | 84/210840 [00:30<21:13:20,  2.76sample/s]2026-02-12 09:13:08,560 - INFO - HTTP Request: POST http://localhost:11434/api/chat "HTTP/1.1 200 OK"
2026-02-12 09:13:08,608 - INFO - HTTP Request: POST http://localhost:11434/api/chat "HTTP/1.1 200 OK"
Total Progress (Samples):   0%|          | 86/210840 [00:30<17:51:15,  3.28sample/s]Traceback (most recent call last):
  File "/home/ann/fiz-ddb/notebook/KDAI-Experiments-CodeIE/CodeIE/orchestrator.py", line 303, in run_experiment_task
    metrics = run_experiment(
              ^^^^^^^^^^^^^^^
  File "/home/ann/fiz-ddb/notebook/KDAI-Experiments-CodeIE/CodeIE/run_codeie_experiments.py", line 1028, in run_experiment
    sentence_nervaluate = evaluate_with_nervaluate(
                          ^^^^^^^^^^^^^^^^^^^^^^^^^
  File "/home/ann/fiz-ddb/notebook/KDAI-Experiments-CodeIE/CodeIE/src/evaluation_nervaluate.py", line 238, in evaluate_with_nervaluate
    evaluator = Evaluator(all_gold_spans, all_pred_spans, tags=entity_types, loader="default")
                ^^^^^^^^^^^^^^^^^^^^^^^^^^^^^^^^^^^^^^^^^^^^^^^^^^^^^^^^^^^^^^^^^^^^^^^^^^^^^^
  File "/home/ann/anaconda3/envs/CodeIE/lib/python3.12/site-packages/nervaluate/evaluator.py", line 36, in __init__
    self._load_data(true, pred, loader)
  File "/home/ann/anaconda3/envs/CodeIE/lib/python3.12/site-packages/nervaluate/evaluator.py", line 59, in _load_data
    if isinstance(true[0][0], dict):
                  ~~~~~~~^^^
IndexError: list index out of range
2026-02-12 09:13:08,789 - ERROR - Failed: qwen2.5_coarse_pl_sentence_reordering - list index out of range
2026-02-12 09:13:08,789 - WARNING - 3 consecutive failures detected. Triggering Ollama recovery...
2026-02-12 09:13:08,790 - INFO - ============================================================
2026-02-12 09:13:08,790 - INFO - CodeIE NER Experiment (Enhanced with Entity Schema)
2026-02-12 09:13:08,791 - INFO - ============================================================
2026-02-12 09:13:08,791 - INFO - Granularity: coarse
2026-02-12 09:13:08,791 - INFO - Style: pl
2026-02-12 09:13:08,791 - INFO - Variation: backtrans_ch
2026-02-12 09:13:08,791 - INFO - Model: qwen2.5:7b
2026-02-12 09:13:08,791 - INFO - ============================================================
2026-02-12 09:13:08,791 - INFO - Using ChatOllama (Chat API) for qwen2.5:7b with timeout=180s
2026-02-12 09:13:08,855 - INFO - Discovered variations: ['default', 'sentence_reordering', 'backtrans_tu', 'backtrans_ch', 'reodering', 'lexical_substitution', 'backtrans_sp']
2026-02-12 09:13:08,855 - INFO - Entity types (8): ['art', 'building', 'event', 'location', 'organization', 'other', 'person', 'product']
2026-02-12 09:13:08,855 - INFO - Loading test data from: /home/ann/fiz-ddb/notebook/KDAI-Experiments-CodeIE/few-nerd_test
2026-02-12 09:13:08,861 - INFO - Loading custom prompt from: /home/ann/fiz-ddb/notebook/KDAI-Experiments-CodeIE/CodeIE/prompts/variations/coarse_pl_1shot/backtrans_ch.txt
2026-02-12 09:13:08,861 - INFO - Base prompt loaded (Length: 3650)
2026-02-12 09:13:08,861 - INFO - Sample base prompt (first 1000 chars):
2026-02-12 09:13:08,861 - INFO - ----------------------------------------
2026-02-12 09:13:08,861 - INFO - # Task: Complete the Python code by adding entity_list.append() statements.
2026-02-12 09:13:08,861 - INFO - # Do not explain the code; simply output the entity_list.append() line.
2026-02-12 09:13:08,861 - INFO - # DO NOT tell me how to adjust the code. Simply complete it with Just output the entity_list.append() lines.
2026-02-12 09:13:08,861 - INFO - # STICK EXACTLY to the entity-types do not define your own entity types.
2026-02-12 09:13:08,861 - INFO - # You are a professional Named Entity Recognition (NER) system, focusing on extracting entities from text.
2026-02-12 09:13:08,861 - INFO - # For each input_text, identify the named entities and add them using entity_list.append().
2026-02-12 09:13:08,861 - INFO - 
2026-02-12 09:13:08,861 - INFO - # Entity types:
2026-02-12 09:13:08,861 - INFO - # - art: Includes movies, books, music, paintings, or other creative works.
2026-02-12 09:13:08,861 - INFO - # - building: Named buildings or structures, such as stadiums, museums, or hotels.
2026-02-12 09:13:08,861 - INFO - # - event: Named events, such as wars, sports events, festivals, or historical events.
2026-02-12 09:13:08,861 - INFO - # - location: Geographical locations such as cities, countries, continents, regions, or landmarks.
2026-02-12 09:13:08,861 - INFO - # - organization: Named organizations, institutions, companies, or groups.
2026-02-12 09:13:08,861 - INFO - # - other: Other named entities no
2026-02-12 09:13:08,861 - INFO - ----------------------------------------
2026-02-12 09:13:08,861 - INFO - Processing 3765 test samples...
2026-02-12 09:13:09,163 - INFO - HTTP Request: POST http://localhost:11434/api/chat "HTTP/1.1 200 OK"
Total Progress (Samples):   0%|          | 87/210840 [00:31<19:59:41,  2.93sample/s]2026-02-12 09:13:09,486 - INFO - HTTP Request: POST http://localhost:11434/api/chat "HTTP/1.1 200 OK"
Total Progress (Samples):   0%|          | 88/210840 [00:31<21:11:11,  2.76sample/s]2026-02-12 09:13:09,811 - INFO - HTTP Request: POST http://localhost:11434/api/chat "HTTP/1.1 200 OK"
Total Progress (Samples):   0%|          | 89/210840 [00:31<17:56:17,  3.26sample/s]Total Progress (Samples):   0%|          | 90/210840 [00:32<16:10:19,  3.62sample/s]2026-02-12 09:13:10,058 - INFO - HTTP Request: POST http://localhost:11434/api/chat "HTTP/1.1 200 OK"
2026-02-12 09:13:10,130 - INFO - HTTP Request: POST http://localhost:11434/api/chat "HTTP/1.1 200 OK"
Total Progress (Samples):   0%|          | 91/210840 [00:32<16:03:08,  3.65sample/s]2026-02-12 09:13:10,408 - INFO - HTTP Request: POST http://localhost:11434/api/chat "HTTP/1.1 200 OK"
Total Progress (Samples):   0%|          | 92/210840 [00:32<14:07:13,  4.15sample/s]2026-02-12 09:13:10,659 - INFO - HTTP Request: POST http://localhost:11434/api/chat "HTTP/1.1 200 OK"
Total Progress (Samples):   0%|          | 93/210840 [00:32<15:33:09,  3.76sample/s]2026-02-12 09:13:10,880 - INFO - HTTP Request: POST http://localhost:11434/api/chat "HTTP/1.1 200 OK"
Total Progress (Samples):   0%|          | 94/210840 [00:32<15:04:43,  3.88sample/s]2026-02-12 09:13:11,166 - INFO - HTTP Request: POST http://localhost:11434/api/chat "HTTP/1.1 200 OK"
2026-02-12 09:13:11,224 - INFO - HTTP Request: POST http://localhost:11434/api/chat "HTTP/1.1 200 OK"
Total Progress (Samples):   0%|          | 96/210840 [00:33<14:51:58,  3.94sample/s]2026-02-12 09:13:11,617 - INFO - HTTP Request: POST http://localhost:11434/api/chat "HTTP/1.1 200 OK"
Total Progress (Samples):   0%|          | 97/210840 [00:33<12:43:29,  4.60sample/s]2026-02-12 09:13:11,827 - INFO - HTTP Request: POST http://localhost:11434/api/chat "HTTP/1.1 200 OK"
Total Progress (Samples):   0%|          | 98/210840 [00:33<14:33:34,  4.02sample/s]Traceback (most recent call last):
  File "/home/ann/fiz-ddb/notebook/KDAI-Experiments-CodeIE/CodeIE/orchestrator.py", line 303, in run_experiment_task
    metrics = run_experiment(
              ^^^^^^^^^^^^^^^
  File "/home/ann/fiz-ddb/notebook/KDAI-Experiments-CodeIE/CodeIE/run_codeie_experiments.py", line 1028, in run_experiment
    sentence_nervaluate = evaluate_with_nervaluate(
                          ^^^^^^^^^^^^^^^^^^^^^^^^^
  File "/home/ann/fiz-ddb/notebook/KDAI-Experiments-CodeIE/CodeIE/src/evaluation_nervaluate.py", line 238, in evaluate_with_nervaluate
    evaluator = Evaluator(all_gold_spans, all_pred_spans, tags=entity_types, loader="default")
                ^^^^^^^^^^^^^^^^^^^^^^^^^^^^^^^^^^^^^^^^^^^^^^^^^^^^^^^^^^^^^^^^^^^^^^^^^^^^^^
  File "/home/ann/anaconda3/envs/CodeIE/lib/python3.12/site-packages/nervaluate/evaluator.py", line 36, in __init__
    self._load_data(true, pred, loader)
  File "/home/ann/anaconda3/envs/CodeIE/lib/python3.12/site-packages/nervaluate/evaluator.py", line 59, in _load_data
    if isinstance(true[0][0], dict):
                  ~~~~~~~^^^
IndexError: list index out of range
2026-02-12 09:13:12,008 - ERROR - Failed: qwen2.5-coder_coarse_pl_base - list index out of range
2026-02-12 09:13:12,010 - INFO - ============================================================
2026-02-12 09:13:12,010 - INFO - CodeIE NER Experiment (Enhanced with Entity Schema)
2026-02-12 09:13:12,010 - INFO - ============================================================
2026-02-12 09:13:12,011 - INFO - Granularity: coarse
2026-02-12 09:13:12,011 - INFO - Style: pl
2026-02-12 09:13:12,011 - INFO - Variation: backtrans_ch
2026-02-12 09:13:12,011 - INFO - Model: qwen2.5-coder:7b
2026-02-12 09:13:12,011 - INFO - ============================================================
2026-02-12 09:13:12,011 - INFO - Using ChatOllama (Chat API) for qwen2.5-coder:7b with timeout=180s
2026-02-12 09:13:12,063 - INFO - Discovered variations: ['default', 'sentence_reordering', 'backtrans_tu', 'backtrans_ch', 'reodering', 'lexical_substitution', 'backtrans_sp']
2026-02-12 09:13:12,064 - INFO - Entity types (8): ['art', 'building', 'event', 'location', 'organization', 'other', 'person', 'product']
2026-02-12 09:13:12,064 - INFO - Loading test data from: /home/ann/fiz-ddb/notebook/KDAI-Experiments-CodeIE/few-nerd_test
2026-02-12 09:13:12,065 - INFO - HTTP Request: POST http://localhost:11434/api/chat "HTTP/1.1 200 OK"
2026-02-12 09:13:12,068 - INFO - Loading custom prompt from: /home/ann/fiz-ddb/notebook/KDAI-Experiments-CodeIE/CodeIE/prompts/variations/coarse_pl_1shot/backtrans_ch.txt
2026-02-12 09:13:12,068 - INFO - Base prompt loaded (Length: 3650)
2026-02-12 09:13:12,069 - INFO - Sample base prompt (first 1000 chars):
2026-02-12 09:13:12,069 - INFO - ----------------------------------------
2026-02-12 09:13:12,069 - INFO - # Task: Complete the Python code by adding entity_list.append() statements.
2026-02-12 09:13:12,069 - INFO - # Do not explain the code; simply output the entity_list.append() line.
2026-02-12 09:13:12,069 - INFO - # DO NOT tell me how to adjust the code. Simply complete it with Just output the entity_list.append() lines.
2026-02-12 09:13:12,069 - INFO - # STICK EXACTLY to the entity-types do not define your own entity types.
2026-02-12 09:13:12,069 - INFO - # You are a professional Named Entity Recognition (NER) system, focusing on extracting entities from text.
2026-02-12 09:13:12,069 - INFO - # For each input_text, identify the named entities and add them using entity_list.append().
2026-02-12 09:13:12,069 - INFO - 
2026-02-12 09:13:12,069 - INFO - # Entity types:
2026-02-12 09:13:12,069 - INFO - # - art: Includes movies, books, music, paintings, or other creative works.
2026-02-12 09:13:12,069 - INFO - # - building: Named buildings or structures, such as stadiums, museums, or hotels.
2026-02-12 09:13:12,069 - INFO - # - event: Named events, such as wars, sports events, festivals, or historical events.
2026-02-12 09:13:12,069 - INFO - # - location: Geographical locations such as cities, countries, continents, regions, or landmarks.
2026-02-12 09:13:12,069 - INFO - # - organization: Named organizations, institutions, companies, or groups.
2026-02-12 09:13:12,069 - INFO - # - other: Other named entities no
2026-02-12 09:13:12,069 - INFO - ----------------------------------------
2026-02-12 09:13:12,069 - INFO - Processing 3765 test samples...
2026-02-12 09:13:12,222 - INFO - HTTP Request: POST http://localhost:11434/api/chat "HTTP/1.1 200 OK"
Total Progress (Samples):   0%|          | 100/210840 [00:34<18:21:23,  3.19sample/s]Traceback (most recent call last):
  File "/home/ann/fiz-ddb/notebook/KDAI-Experiments-CodeIE/CodeIE/orchestrator.py", line 303, in run_experiment_task
    metrics = run_experiment(
              ^^^^^^^^^^^^^^^
  File "/home/ann/fiz-ddb/notebook/KDAI-Experiments-CodeIE/CodeIE/run_codeie_experiments.py", line 1028, in run_experiment
    sentence_nervaluate = evaluate_with_nervaluate(
                          ^^^^^^^^^^^^^^^^^^^^^^^^^
  File "/home/ann/fiz-ddb/notebook/KDAI-Experiments-CodeIE/CodeIE/src/evaluation_nervaluate.py", line 238, in evaluate_with_nervaluate
    evaluator = Evaluator(all_gold_spans, all_pred_spans, tags=entity_types, loader="default")
                ^^^^^^^^^^^^^^^^^^^^^^^^^^^^^^^^^^^^^^^^^^^^^^^^^^^^^^^^^^^^^^^^^^^^^^^^^^^^^^
  File "/home/ann/anaconda3/envs/CodeIE/lib/python3.12/site-packages/nervaluate/evaluator.py", line 36, in __init__
    self._load_data(true, pred, loader)
  File "/home/ann/anaconda3/envs/CodeIE/lib/python3.12/site-packages/nervaluate/evaluator.py", line 59, in _load_data
    if isinstance(true[0][0], dict):
                  ~~~~~~~^^^
IndexError: list index out of range
2026-02-12 09:13:12,764 - ERROR - Failed: qwen2.5-coder_coarse_pl_lexical_substitution - list index out of range
2026-02-12 09:13:12,766 - INFO - ============================================================
2026-02-12 09:13:12,767 - INFO - CodeIE NER Experiment (Enhanced with Entity Schema)
2026-02-12 09:13:12,767 - INFO - ============================================================
2026-02-12 09:13:12,767 - INFO - Granularity: coarse
2026-02-12 09:13:12,767 - INFO - Style: pl
2026-02-12 09:13:12,767 - INFO - Variation: backtrans_sp
2026-02-12 09:13:12,767 - INFO - Model: qwen2.5:7b
2026-02-12 09:13:12,767 - INFO - ============================================================
2026-02-12 09:13:12,767 - INFO - Using ChatOllama (Chat API) for qwen2.5:7b with timeout=180s
2026-02-12 09:13:12,824 - INFO - Discovered variations: ['default', 'sentence_reordering', 'backtrans_tu', 'backtrans_ch', 'reodering', 'lexical_substitution', 'backtrans_sp']
2026-02-12 09:13:12,824 - INFO - Entity types (8): ['art', 'building', 'event', 'location', 'organization', 'other', 'person', 'product']
2026-02-12 09:13:12,824 - INFO - Loading test data from: /home/ann/fiz-ddb/notebook/KDAI-Experiments-CodeIE/few-nerd_test
2026-02-12 09:13:12,829 - INFO - Loading custom prompt from: /home/ann/fiz-ddb/notebook/KDAI-Experiments-CodeIE/CodeIE/prompts/variations/coarse_pl_1shot/backtrans_sp.txt
2026-02-12 09:13:12,829 - INFO - Base prompt loaded (Length: 3712)
2026-02-12 09:13:12,829 - INFO - Sample base prompt (first 1000 chars):
2026-02-12 09:13:12,829 - INFO - ----------------------------------------
2026-02-12 09:13:12,829 - INFO - # TASK: Complete the Python code by adding entity_list.append() statements.
2026-02-12 09:13:12,829 - INFO - # DO NOT explain the code. Only output the entity_list.append() lines.
2026-02-12 09:13:12,829 - INFO - # DO NOT tell me how to adjust the code. Simply complete it with Just output the entity_list.append() lines.
2026-02-12 09:13:12,829 - INFO - # STICK EXACTLY to the entity-types do not define your own entity types.
2026-02-12 09:13:12,829 - INFO - # You are an expert Named Entity Recognition (NER) system specialized in extracting entities from text.
2026-02-12 09:13:12,829 - INFO - # For each input_text, identify named entities and add them using entity_list.append().
2026-02-12 09:13:12,829 - INFO - 
2026-02-12 09:13:12,829 - INFO - # Entity types:
2026-02-12 09:13:12,829 - INFO - # - art: An artwork that includes films, books, music, paintings, or other creative works.
2026-02-12 09:13:12,829 - INFO - # - building: A named structure or building such as a stadium, museum, or hotel.
2026-02-12 09:13:12,829 - INFO - # - event: A named event, such as a war, sporting event, festival, or historical occurrence.
2026-02-12 09:13:12,829 - INFO - # - location: A geographic place such as a city, country, continent, region, or monument.
2026-02-12 09:13:12,829 - INFO - # - organization: A named organization, institution, company, or group.
2026-02-12 09:13:12,829 - INFO - # - other: Other named entities tha
2026-02-12 09:13:12,829 - INFO - ----------------------------------------
2026-02-12 09:13:12,829 - INFO - Processing 3765 test samples...
2026-02-12 09:13:12,970 - INFO - HTTP Request: POST http://localhost:11434/api/chat "HTTP/1.1 200 OK"
Total Progress (Samples):   0%|          | 101/210840 [00:35<19:37:47,  2.98sample/s]2026-02-12 09:13:13,376 - INFO - HTTP Request: POST http://localhost:11434/api/chat "HTTP/1.1 200 OK"
Total Progress (Samples):   0%|          | 102/210840 [00:35<20:21:53,  2.87sample/s]2026-02-12 09:13:13,771 - INFO - HTTP Request: POST http://localhost:11434/api/chat "HTTP/1.1 200 OK"
Total Progress (Samples):   0%|          | 103/210840 [00:35<20:27:19,  2.86sample/s]Traceback (most recent call last):
  File "/home/ann/fiz-ddb/notebook/KDAI-Experiments-CodeIE/CodeIE/orchestrator.py", line 303, in run_experiment_task
    metrics = run_experiment(
              ^^^^^^^^^^^^^^^
  File "/home/ann/fiz-ddb/notebook/KDAI-Experiments-CodeIE/CodeIE/run_codeie_experiments.py", line 1028, in run_experiment
    sentence_nervaluate = evaluate_with_nervaluate(
                          ^^^^^^^^^^^^^^^^^^^^^^^^^
  File "/home/ann/fiz-ddb/notebook/KDAI-Experiments-CodeIE/CodeIE/src/evaluation_nervaluate.py", line 238, in evaluate_with_nervaluate
    evaluator = Evaluator(all_gold_spans, all_pred_spans, tags=entity_types, loader="default")
                ^^^^^^^^^^^^^^^^^^^^^^^^^^^^^^^^^^^^^^^^^^^^^^^^^^^^^^^^^^^^^^^^^^^^^^^^^^^^^^
  File "/home/ann/anaconda3/envs/CodeIE/lib/python3.12/site-packages/nervaluate/evaluator.py", line 36, in __init__
    self._load_data(true, pred, loader)
  File "/home/ann/anaconda3/envs/CodeIE/lib/python3.12/site-packages/nervaluate/evaluator.py", line 59, in _load_data
    if isinstance(true[0][0], dict):
                  ~~~~~~~^^^
IndexError: list index out of range
2026-02-12 09:13:13,913 - ERROR - Failed: qwen2.5-coder_coarse_pl_reodering - list index out of range
2026-02-12 09:13:13,913 - WARNING - 3 consecutive failures detected. Triggering Ollama recovery...
2026-02-12 09:13:13,914 - INFO - ============================================================
2026-02-12 09:13:13,914 - INFO - CodeIE NER Experiment (Enhanced with Entity Schema)
2026-02-12 09:13:13,914 - INFO - ============================================================
2026-02-12 09:13:13,914 - INFO - Granularity: coarse
2026-02-12 09:13:13,915 - INFO - Style: pl
2026-02-12 09:13:13,915 - INFO - Variation: backtrans_sp
2026-02-12 09:13:13,915 - INFO - Model: qwen2.5-coder:7b
2026-02-12 09:13:13,915 - INFO - ============================================================
2026-02-12 09:13:13,915 - INFO - Using ChatOllama (Chat API) for qwen2.5-coder:7b with timeout=180s
2026-02-12 09:13:13,969 - INFO - Discovered variations: ['default', 'sentence_reordering', 'backtrans_tu', 'backtrans_ch', 'reodering', 'lexical_substitution', 'backtrans_sp']
2026-02-12 09:13:13,969 - INFO - Entity types (8): ['art', 'building', 'event', 'location', 'organization', 'other', 'person', 'product']
2026-02-12 09:13:13,969 - INFO - Loading test data from: /home/ann/fiz-ddb/notebook/KDAI-Experiments-CodeIE/few-nerd_test
2026-02-12 09:13:13,974 - INFO - Loading custom prompt from: /home/ann/fiz-ddb/notebook/KDAI-Experiments-CodeIE/CodeIE/prompts/variations/coarse_pl_1shot/backtrans_sp.txt
2026-02-12 09:13:13,974 - INFO - Base prompt loaded (Length: 3712)
2026-02-12 09:13:13,974 - INFO - Sample base prompt (first 1000 chars):
2026-02-12 09:13:13,974 - INFO - ----------------------------------------
2026-02-12 09:13:13,974 - INFO - # TASK: Complete the Python code by adding entity_list.append() statements.
2026-02-12 09:13:13,974 - INFO - # DO NOT explain the code. Only output the entity_list.append() lines.
2026-02-12 09:13:13,974 - INFO - # DO NOT tell me how to adjust the code. Simply complete it with Just output the entity_list.append() lines.
2026-02-12 09:13:13,974 - INFO - # STICK EXACTLY to the entity-types do not define your own entity types.
2026-02-12 09:13:13,974 - INFO - # You are an expert Named Entity Recognition (NER) system specialized in extracting entities from text.
2026-02-12 09:13:13,974 - INFO - # For each input_text, identify named entities and add them using entity_list.append().
2026-02-12 09:13:13,974 - INFO - 
2026-02-12 09:13:13,974 - INFO - # Entity types:
2026-02-12 09:13:13,974 - INFO - # - art: An artwork that includes films, books, music, paintings, or other creative works.
2026-02-12 09:13:13,974 - INFO - # - building: A named structure or building such as a stadium, museum, or hotel.
2026-02-12 09:13:13,974 - INFO - # - event: A named event, such as a war, sporting event, festival, or historical occurrence.
2026-02-12 09:13:13,974 - INFO - # - location: A geographic place such as a city, country, continent, region, or monument.
2026-02-12 09:13:13,974 - INFO - # - organization: A named organization, institution, company, or group.
2026-02-12 09:13:13,974 - INFO - # - other: Other named entities tha
2026-02-12 09:13:13,974 - INFO - ----------------------------------------
2026-02-12 09:13:13,974 - INFO - Processing 3765 test samples...
2026-02-12 09:13:14,118 - INFO - HTTP Request: POST http://localhost:11434/api/chat "HTTP/1.1 200 OK"
Total Progress (Samples):   0%|          | 104/210840 [00:36<22:06:45,  2.65sample/s]2026-02-12 09:13:14,575 - INFO - HTTP Request: POST http://localhost:11434/api/chat "HTTP/1.1 200 OK"
Total Progress (Samples):   0%|          | 105/210840 [00:36<19:39:34,  2.98sample/s]Total Progress (Samples):   0%|          | 106/210840 [00:36<16:35:53,  3.53sample/s]2026-02-12 09:13:14,799 - INFO - HTTP Request: POST http://localhost:11434/api/chat "HTTP/1.1 200 OK"
2026-02-12 09:13:14,964 - INFO - HTTP Request: POST http://localhost:11434/api/chat "HTTP/1.1 200 OK"
Total Progress (Samples):   0%|          | 107/210840 [00:37<18:27:12,  3.17sample/s]2026-02-12 09:13:15,342 - INFO - HTTP Request: POST http://localhost:11434/api/chat "HTTP/1.1 200 OK"
2026-02-12 09:13:15,405 - INFO - HTTP Request: POST http://localhost:11434/api/chat "HTTP/1.1 200 OK"
Total Progress (Samples):   0%|          | 109/210840 [00:37<19:01:20,  3.08sample/s]2026-02-12 09:13:16,019 - INFO - HTTP Request: POST http://localhost:11434/api/chat "HTTP/1.1 200 OK"
Total Progress (Samples):   0%|          | 110/210840 [00:38<19:48:43,  2.95sample/s]Total Progress (Samples):   0%|          | 111/210840 [00:38<17:02:33,  3.43sample/s]2026-02-12 09:13:16,349 - INFO - Progress: 10/3765 | P: 0.6667 | R: 0.6207 | Micro-F1: 0.6429 | Macro-F1: 0.6087
2026-02-12 09:13:16,407 - INFO - HTTP Request: POST http://localhost:11434/api/chat "HTTP/1.1 200 OK"
2026-02-12 09:13:16,559 - INFO - HTTP Request: POST http://localhost:11434/api/chat "HTTP/1.1 200 OK"
Total Progress (Samples):   0%|          | 112/210840 [00:38<19:04:20,  3.07sample/s]Total Progress (Samples):   0%|          | 113/210840 [00:38<16:54:19,  3.46sample/s]2026-02-12 09:13:16,978 - INFO - HTTP Request: POST http://localhost:11434/api/chat "HTTP/1.1 200 OK"
2026-02-12 09:13:17,164 - INFO - HTTP Request: POST http://localhost:11434/api/chat "HTTP/1.1 200 OK"
Total Progress (Samples):   0%|          | 114/210840 [00:39<18:07:18,  3.23sample/s]2026-02-12 09:13:17,537 - INFO - HTTP Request: POST http://localhost:11434/api/chat "HTTP/1.1 200 OK"
2026-02-12 09:13:17,548 - INFO - HTTP Request: POST http://localhost:11434/api/chat "HTTP/1.1 200 OK"
Total Progress (Samples):   0%|          | 116/210840 [00:39<18:14:17,  3.21sample/s]2026-02-12 09:13:18,160 - INFO - HTTP Request: POST http://localhost:11434/api/chat "HTTP/1.1 200 OK"
2026-02-12 09:13:18,169 - INFO - HTTP Request: POST http://localhost:11434/api/chat "HTTP/1.1 200 OK"
Total Progress (Samples):   0%|          | 118/210840 [00:40<23:18:15,  2.51sample/s]2026-02-12 09:13:19,229 - INFO - HTTP Request: POST http://localhost:11434/api/chat "HTTP/1.1 200 OK"
Total Progress (Samples):   0%|          | 119/210840 [00:41<25:55:10,  2.26sample/s]2026-02-12 09:13:19,824 - INFO - HTTP Request: POST http://localhost:11434/api/chat "HTTP/1.1 200 OK"
2026-02-12 09:13:19,865 - INFO - HTTP Request: POST http://localhost:11434/api/chat "HTTP/1.1 200 OK"
Total Progress (Samples):   0%|          | 121/210840 [00:42<22:22:05,  2.62sample/s]2026-02-12 09:13:20,403 - INFO - HTTP Request: POST http://localhost:11434/api/chat "HTTP/1.1 200 OK"
2026-02-12 09:13:20,433 - INFO - HTTP Request: POST http://localhost:11434/api/chat "HTTP/1.1 200 OK"
Total Progress (Samples):   0%|          | 123/210840 [00:42<18:43:44,  3.13sample/s]Total Progress (Samples):   0%|          | 124/210840 [00:42<17:13:09,  3.40sample/s]2026-02-12 09:13:20,813 - INFO - HTTP Request: POST http://localhost:11434/api/chat "HTTP/1.1 200 OK"
2026-02-12 09:13:21,003 - INFO - HTTP Request: POST http://localhost:11434/api/chat "HTTP/1.1 200 OK"
Total Progress (Samples):   0%|          | 125/210840 [00:43<18:43:10,  3.13sample/s]2026-02-12 09:13:21,408 - INFO - HTTP Request: POST http://localhost:11434/api/chat "HTTP/1.1 200 OK"
2026-02-12 09:13:21,438 - INFO - HTTP Request: POST http://localhost:11434/api/chat "HTTP/1.1 200 OK"
Total Progress (Samples):   0%|          | 127/210840 [00:43<17:51:16,  3.28sample/s]2026-02-12 09:13:21,971 - INFO - HTTP Request: POST http://localhost:11434/api/chat "HTTP/1.1 200 OK"
2026-02-12 09:13:22,014 - INFO - HTTP Request: POST http://localhost:11434/api/chat "HTTP/1.1 200 OK"
Total Progress (Samples):   0%|          | 129/210840 [00:44<15:41:57,  3.73sample/s]Traceback (most recent call last):
  File "/home/ann/fiz-ddb/notebook/KDAI-Experiments-CodeIE/CodeIE/orchestrator.py", line 303, in run_experiment_task
    metrics = run_experiment(
              ^^^^^^^^^^^^^^^
  File "/home/ann/fiz-ddb/notebook/KDAI-Experiments-CodeIE/CodeIE/run_codeie_experiments.py", line 1028, in run_experiment
    sentence_nervaluate = evaluate_with_nervaluate(
                          ^^^^^^^^^^^^^^^^^^^^^^^^^
  File "/home/ann/fiz-ddb/notebook/KDAI-Experiments-CodeIE/CodeIE/src/evaluation_nervaluate.py", line 238, in evaluate_with_nervaluate
    evaluator = Evaluator(all_gold_spans, all_pred_spans, tags=entity_types, loader="default")
                ^^^^^^^^^^^^^^^^^^^^^^^^^^^^^^^^^^^^^^^^^^^^^^^^^^^^^^^^^^^^^^^^^^^^^^^^^^^^^^
  File "/home/ann/anaconda3/envs/CodeIE/lib/python3.12/site-packages/nervaluate/evaluator.py", line 36, in __init__
    self._load_data(true, pred, loader)
  File "/home/ann/anaconda3/envs/CodeIE/lib/python3.12/site-packages/nervaluate/evaluator.py", line 59, in _load_data
    if isinstance(true[0][0], dict):
                  ~~~~~~~^^^
IndexError: list index out of range
2026-02-12 09:13:22,204 - ERROR - Failed: qwen2.5_coarse_pl_backtrans_ch - list index out of range
2026-02-12 09:13:22,206 - INFO - ============================================================
2026-02-12 09:13:22,206 - INFO - CodeIE NER Experiment (Enhanced with Entity Schema)
2026-02-12 09:13:22,206 - INFO - ============================================================
2026-02-12 09:13:22,206 - INFO - Granularity: coarse
2026-02-12 09:13:22,206 - INFO - Style: pl
2026-02-12 09:13:22,206 - INFO - Variation: backtrans_tu
2026-02-12 09:13:22,206 - INFO - Model: qwen2.5:7b
2026-02-12 09:13:22,206 - INFO - ============================================================
2026-02-12 09:13:22,206 - INFO - Using ChatOllama (Chat API) for qwen2.5:7b with timeout=180s
2026-02-12 09:13:22,264 - INFO - Discovered variations: ['default', 'sentence_reordering', 'backtrans_tu', 'backtrans_ch', 'reodering', 'lexical_substitution', 'backtrans_sp']
2026-02-12 09:13:22,264 - INFO - Entity types (8): ['art', 'building', 'event', 'location', 'organization', 'other', 'person', 'product']
2026-02-12 09:13:22,264 - INFO - Loading test data from: /home/ann/fiz-ddb/notebook/KDAI-Experiments-CodeIE/few-nerd_test
2026-02-12 09:13:22,269 - INFO - Loading custom prompt from: /home/ann/fiz-ddb/notebook/KDAI-Experiments-CodeIE/CodeIE/prompts/variations/coarse_pl_1shot/backtrans_tu.txt
2026-02-12 09:13:22,269 - INFO - Base prompt loaded (Length: 3612)
2026-02-12 09:13:22,269 - INFO - Sample base prompt (first 1000 chars):
2026-02-12 09:13:22,269 - INFO - ----------------------------------------
2026-02-12 09:13:22,269 - INFO - # TASK: Complete the Python code by adding entity_list.append() lines.
2026-02-12 09:13:22,269 - INFO - # Do not explain the code. Only output the entity_list.append() lines.
2026-02-12 09:13:22,269 - INFO - # You are an expert Named Entity Recognition (NER) system for extracting entities from text.
2026-02-12 09:13:22,269 - INFO - # For each input_text, identify the named entities and add them using entity_list.append().
2026-02-12 09:13:22,269 - INFO - # DO NOT tell me how to adjust the code. Simply complete it with Just output the entity_list.append() lines.
2026-02-12 09:13:22,269 - INFO - # STICK EXACTLY to the entity-types do not define your own entity types.
2026-02-12 09:13:22,269 - INFO - # Entity Types:
2026-02-12 09:13:22,269 - INFO - # - art: A work of art, such as films, books, music, paintings, or other creative works.
2026-02-12 09:13:22,269 - INFO - # - building: A named structure or building, such as a stadium, museum, or hotel.
2026-02-12 09:13:22,269 - INFO - # - event: A named event, such as a war, sports event, festival, or historical occurrence.
2026-02-12 09:13:22,269 - INFO - # - location: A geographic location such as a city, country, continent, region, or landmark.
2026-02-12 09:13:22,269 - INFO - # - organization: A named organization, institution, company, or group.
2026-02-12 09:13:22,269 - INFO - # - other: Other named entities that do not fit 
2026-02-12 09:13:22,269 - INFO - ----------------------------------------
2026-02-12 09:13:22,269 - INFO - Processing 3765 test samples...
2026-02-12 09:13:22,395 - INFO - HTTP Request: POST http://localhost:11434/api/chat "HTTP/1.1 200 OK"
2026-02-12 09:13:22,420 - INFO - HTTP Request: POST http://localhost:11434/api/chat "HTTP/1.1 200 OK"
Total Progress (Samples):   0%|          | 131/210840 [00:45<23:19:55,  2.51sample/s]2026-02-12 09:13:23,478 - INFO - Progress: 10/3765 | P: 0.5862 | R: 0.5862 | Micro-F1: 0.5862 | Macro-F1: 0.5188
2026-02-12 09:13:23,684 - INFO - HTTP Request: POST http://localhost:11434/api/chat "HTTP/1.1 200 OK"
Total Progress (Samples):   0%|          | 132/210840 [00:45<23:25:10,  2.50sample/s]2026-02-12 09:13:24,091 - INFO - HTTP Request: POST http://localhost:11434/api/chat "HTTP/1.1 200 OK"
2026-02-12 09:13:24,099 - INFO - HTTP Request: POST http://localhost:11434/api/chat "HTTP/1.1 200 OK"
Total Progress (Samples):   0%|          | 134/210840 [00:46<20:48:04,  2.81sample/s]2026-02-12 09:13:24,648 - INFO - HTTP Request: POST http://localhost:11434/api/chat "HTTP/1.1 200 OK"
Total Progress (Samples):   0%|          | 135/210840 [00:46<19:31:27,  3.00sample/s]2026-02-12 09:13:24,902 - INFO - HTTP Request: POST http://localhost:11434/api/chat "HTTP/1.1 200 OK"
Total Progress (Samples):   0%|          | 136/210840 [00:46<19:12:33,  3.05sample/s]2026-02-12 09:13:25,197 - INFO - HTTP Request: POST http://localhost:11434/api/chat "HTTP/1.1 200 OK"
Total Progress (Samples):   0%|          | 137/210840 [00:47<22:17:56,  2.62sample/s]Total Progress (Samples):   0%|          | 138/210840 [00:47<18:55:33,  3.09sample/s]2026-02-12 09:13:25,749 - INFO - HTTP Request: POST http://localhost:11434/api/chat "HTTP/1.1 200 OK"
2026-02-12 09:13:25,906 - INFO - HTTP Request: POST http://localhost:11434/api/chat "HTTP/1.1 200 OK"
Total Progress (Samples):   0%|          | 139/210840 [00:48<20:35:11,  2.84sample/s]Total Progress (Samples):   0%|          | 140/210840 [00:48<17:47:02,  3.29sample/s]2026-02-12 09:13:26,353 - INFO - HTTP Request: POST http://localhost:11434/api/chat "HTTP/1.1 200 OK"
2026-02-12 09:13:26,513 - INFO - HTTP Request: POST http://localhost:11434/api/chat "HTTP/1.1 200 OK"
Total Progress (Samples):   0%|          | 141/210840 [00:49<29:19:21,  2.00sample/s]2026-02-12 09:13:27,303 - INFO - Progress: 10/3765 | P: 0.6667 | R: 0.6207 | Micro-F1: 0.6429 | Macro-F1: 0.6087
2026-02-12 09:13:27,512 - INFO - HTTP Request: POST http://localhost:11434/api/chat "HTTP/1.1 200 OK"
2026-02-12 09:13:27,537 - INFO - HTTP Request: POST http://localhost:11434/api/chat "HTTP/1.1 200 OK"
Total Progress (Samples):   0%|          | 143/210840 [00:49<21:40:38,  2.70sample/s]Total Progress (Samples):   0%|          | 144/210840 [00:49<18:34:54,  3.15sample/s]2026-02-12 09:13:27,933 - INFO - HTTP Request: POST http://localhost:11434/api/chat "HTTP/1.1 200 OK"
2026-02-12 09:13:28,080 - INFO - HTTP Request: POST http://localhost:11434/api/chat "HTTP/1.1 200 OK"
Total Progress (Samples):   0%|          | 145/210840 [00:50<20:27:44,  2.86sample/s]2026-02-12 09:13:28,526 - INFO - HTTP Request: POST http://localhost:11434/api/chat "HTTP/1.1 200 OK"
Total Progress (Samples):   0%|          | 146/210840 [00:50<24:46:46,  2.36sample/s]2026-02-12 09:13:29,150 - INFO - HTTP Request: POST http://localhost:11434/api/chat "HTTP/1.1 200 OK"
Total Progress (Samples):   0%|          | 147/210840 [00:51<27:23:51,  2.14sample/s]2026-02-12 09:13:29,730 - INFO - HTTP Request: POST http://localhost:11434/api/chat "HTTP/1.1 200 OK"
Total Progress (Samples):   0%|          | 148/210840 [00:52<28:23:12,  2.06sample/s]2026-02-12 09:13:30,262 - INFO - HTTP Request: POST http://localhost:11434/api/chat "HTTP/1.1 200 OK"
Total Progress (Samples):   0%|          | 149/210840 [00:52<26:01:47,  2.25sample/s]2026-02-12 09:13:30,603 - INFO - HTTP Request: POST http://localhost:11434/api/chat "HTTP/1.1 200 OK"
Total Progress (Samples):   0%|          | 150/210840 [00:52<23:17:25,  2.51sample/s]2026-02-12 09:13:30,899 - INFO - HTTP Request: POST http://localhost:11434/api/chat "HTTP/1.1 200 OK"
Total Progress (Samples):   0%|          | 151/210840 [00:53<32:23:44,  1.81sample/s]2026-02-12 09:13:31,814 - INFO - HTTP Request: POST http://localhost:11434/api/chat "HTTP/1.1 200 OK"
Total Progress (Samples):   0%|          | 152/210840 [00:53<29:48:56,  1.96sample/s]2026-02-12 09:13:32,227 - INFO - HTTP Request: POST http://localhost:11434/api/chat "HTTP/1.1 200 OK"
2026-02-12 09:13:32,228 - INFO - HTTP Request: POST http://localhost:11434/api/chat "HTTP/1.1 200 OK"
Total Progress (Samples):   0%|          | 154/210840 [00:54<21:12:49,  2.76sample/s]2026-02-12 09:13:32,604 - INFO - HTTP Request: POST http://localhost:11434/api/chat "HTTP/1.1 200 OK"
Total Progress (Samples):   0%|          | 155/210840 [00:54<19:28:19,  3.01sample/s]2026-02-12 09:13:32,843 - INFO - HTTP Request: POST http://localhost:11434/api/chat "HTTP/1.1 200 OK"
Total Progress (Samples):   0%|          | 156/210840 [00:54<19:28:03,  3.01sample/s]2026-02-12 09:13:33,168 - INFO - HTTP Request: POST http://localhost:11434/api/chat "HTTP/1.1 200 OK"
Total Progress (Samples):   0%|          | 157/210840 [00:55<18:21:42,  3.19sample/s]Total Progress (Samples):   0%|          | 158/210840 [00:55<14:57:20,  3.91sample/s]2026-02-12 09:13:33,438 - INFO - HTTP Request: POST http://localhost:11434/api/chat "HTTP/1.1 200 OK"
2026-02-12 09:13:33,554 - INFO - HTTP Request: POST http://localhost:11434/api/chat "HTTP/1.1 200 OK"
Total Progress (Samples):   0%|          | 159/210840 [00:55<16:16:03,  3.60sample/s]Traceback (most recent call last):
  File "/home/ann/fiz-ddb/notebook/KDAI-Experiments-CodeIE/CodeIE/orchestrator.py", line 303, in run_experiment_task
    metrics = run_experiment(
              ^^^^^^^^^^^^^^^
  File "/home/ann/fiz-ddb/notebook/KDAI-Experiments-CodeIE/CodeIE/run_codeie_experiments.py", line 1028, in run_experiment
    sentence_nervaluate = evaluate_with_nervaluate(
                          ^^^^^^^^^^^^^^^^^^^^^^^^^
  File "/home/ann/fiz-ddb/notebook/KDAI-Experiments-CodeIE/CodeIE/src/evaluation_nervaluate.py", line 238, in evaluate_with_nervaluate
    evaluator = Evaluator(all_gold_spans, all_pred_spans, tags=entity_types, loader="default")
                ^^^^^^^^^^^^^^^^^^^^^^^^^^^^^^^^^^^^^^^^^^^^^^^^^^^^^^^^^^^^^^^^^^^^^^^^^^^^^^
  File "/home/ann/anaconda3/envs/CodeIE/lib/python3.12/site-packages/nervaluate/evaluator.py", line 36, in __init__
    self._load_data(true, pred, loader)
  File "/home/ann/anaconda3/envs/CodeIE/lib/python3.12/site-packages/nervaluate/evaluator.py", line 59, in _load_data
    if isinstance(true[0][0], dict):
                  ~~~~~~~^^^
IndexError: list index out of range
2026-02-12 09:13:33,667 - ERROR - Failed: qwen2.5_coarse_pl_backtrans_sp - list index out of range
2026-02-12 09:13:33,669 - INFO - ============================================================
2026-02-12 09:13:33,669 - INFO - CodeIE NER Experiment (Enhanced with Entity Schema)
2026-02-12 09:13:33,669 - INFO - ============================================================
2026-02-12 09:13:33,669 - INFO - Granularity: coarse
2026-02-12 09:13:33,669 - INFO - Style: pl
2026-02-12 09:13:33,669 - INFO - Variation: backtrans_tu
2026-02-12 09:13:33,669 - INFO - Model: qwen2.5-coder:7b
2026-02-12 09:13:33,669 - INFO - ============================================================
2026-02-12 09:13:33,669 - INFO - Using ChatOllama (Chat API) for qwen2.5-coder:7b with timeout=180s
2026-02-12 09:13:33,729 - INFO - Discovered variations: ['default', 'sentence_reordering', 'backtrans_tu', 'backtrans_ch', 'reodering', 'lexical_substitution', 'backtrans_sp']
2026-02-12 09:13:33,729 - INFO - Entity types (8): ['art', 'building', 'event', 'location', 'organization', 'other', 'person', 'product']
2026-02-12 09:13:33,729 - INFO - Loading test data from: /home/ann/fiz-ddb/notebook/KDAI-Experiments-CodeIE/few-nerd_test
2026-02-12 09:13:33,733 - INFO - Loading custom prompt from: /home/ann/fiz-ddb/notebook/KDAI-Experiments-CodeIE/CodeIE/prompts/variations/coarse_pl_1shot/backtrans_tu.txt
2026-02-12 09:13:33,734 - INFO - Base prompt loaded (Length: 3612)
2026-02-12 09:13:33,734 - INFO - Sample base prompt (first 1000 chars):
2026-02-12 09:13:33,734 - INFO - ----------------------------------------
2026-02-12 09:13:33,734 - INFO - # TASK: Complete the Python code by adding entity_list.append() lines.
2026-02-12 09:13:33,734 - INFO - # Do not explain the code. Only output the entity_list.append() lines.
2026-02-12 09:13:33,734 - INFO - # You are an expert Named Entity Recognition (NER) system for extracting entities from text.
2026-02-12 09:13:33,734 - INFO - # For each input_text, identify the named entities and add them using entity_list.append().
2026-02-12 09:13:33,734 - INFO - # DO NOT tell me how to adjust the code. Simply complete it with Just output the entity_list.append() lines.
2026-02-12 09:13:33,734 - INFO - # STICK EXACTLY to the entity-types do not define your own entity types.
2026-02-12 09:13:33,734 - INFO - # Entity Types:
2026-02-12 09:13:33,734 - INFO - # - art: A work of art, such as films, books, music, paintings, or other creative works.
2026-02-12 09:13:33,734 - INFO - # - building: A named structure or building, such as a stadium, museum, or hotel.
2026-02-12 09:13:33,734 - INFO - # - event: A named event, such as a war, sports event, festival, or historical occurrence.
2026-02-12 09:13:33,734 - INFO - # - location: A geographic location such as a city, country, continent, region, or landmark.
2026-02-12 09:13:33,734 - INFO - # - organization: A named organization, institution, company, or group.
2026-02-12 09:13:33,734 - INFO - # - other: Other named entities that do not fit 
2026-02-12 09:13:33,734 - INFO - ----------------------------------------
2026-02-12 09:13:33,734 - INFO - Processing 3765 test samples...
2026-02-12 09:13:33,888 - INFO - HTTP Request: POST http://localhost:11434/api/chat "HTTP/1.1 200 OK"
Total Progress (Samples):   0%|          | 160/210840 [00:56<28:37:40,  2.04sample/s]2026-02-12 09:13:34,675 - INFO - Progress: 10/3765 | P: 0.5667 | R: 0.5862 | Micro-F1: 0.5763 | Macro-F1: 0.4898
2026-02-12 09:13:34,885 - INFO - HTTP Request: POST http://localhost:11434/api/chat "HTTP/1.1 200 OK"
Total Progress (Samples):   0%|          | 161/210840 [00:57<32:42:02,  1.79sample/s]Traceback (most recent call last):
  File "/home/ann/fiz-ddb/notebook/KDAI-Experiments-CodeIE/CodeIE/orchestrator.py", line 303, in run_experiment_task
    metrics = run_experiment(
              ^^^^^^^^^^^^^^^
  File "/home/ann/fiz-ddb/notebook/KDAI-Experiments-CodeIE/CodeIE/run_codeie_experiments.py", line 1028, in run_experiment
    sentence_nervaluate = evaluate_with_nervaluate(
                          ^^^^^^^^^^^^^^^^^^^^^^^^^
  File "/home/ann/fiz-ddb/notebook/KDAI-Experiments-CodeIE/CodeIE/src/evaluation_nervaluate.py", line 238, in evaluate_with_nervaluate
    evaluator = Evaluator(all_gold_spans, all_pred_spans, tags=entity_types, loader="default")
                ^^^^^^^^^^^^^^^^^^^^^^^^^^^^^^^^^^^^^^^^^^^^^^^^^^^^^^^^^^^^^^^^^^^^^^^^^^^^^^
  File "/home/ann/anaconda3/envs/CodeIE/lib/python3.12/site-packages/nervaluate/evaluator.py", line 36, in __init__
    self._load_data(true, pred, loader)
  File "/home/ann/anaconda3/envs/CodeIE/lib/python3.12/site-packages/nervaluate/evaluator.py", line 59, in _load_data
    if isinstance(true[0][0], dict):
                  ~~~~~~~^^^
IndexError: list index out of range
2026-02-12 09:13:35,430 - ERROR - Failed: qwen2.5-coder_coarse_pl_sentence_reordering - list index out of range
2026-02-12 09:13:35,430 - WARNING - 3 consecutive failures detected. Triggering Ollama recovery...
2026-02-12 09:13:35,432 - INFO - ============================================================
2026-02-12 09:13:35,432 - INFO - CodeIE NER Experiment (Enhanced with Entity Schema)
2026-02-12 09:13:35,432 - INFO - ============================================================
2026-02-12 09:13:35,432 - INFO - Granularity: coarse
2026-02-12 09:13:35,432 - INFO - Style: nl
2026-02-12 09:13:35,432 - INFO - Variation: v0_original
2026-02-12 09:13:35,432 - INFO - Model: qwen2.5:7b
2026-02-12 09:13:35,432 - INFO - ============================================================
2026-02-12 09:13:35,432 - INFO - Using ChatOllama (Chat API) for qwen2.5:7b with timeout=180s
2026-02-12 09:13:35,497 - INFO - Discovered variations: ['default', 'sentence_reordering', 'backtrans_tu', 'backtrans_ch', 'reodering', 'lexical_substitution', 'backtrans_sp']
2026-02-12 09:13:35,497 - INFO - Entity types (8): ['art', 'building', 'event', 'location', 'organization', 'other', 'person', 'product']
2026-02-12 09:13:35,497 - INFO - Loading test data from: /home/ann/fiz-ddb/notebook/KDAI-Experiments-CodeIE/few-nerd_test
2026-02-12 09:13:35,501 - INFO - Loading custom prompt from: /home/ann/fiz-ddb/notebook/KDAI-Experiments-CodeIE/CodeIE/prompts/base/coarse_nl_1shot.txt
2026-02-12 09:13:35,501 - INFO - Base prompt loaded (Length: 2351)
2026-02-12 09:13:35,501 - INFO - Sample base prompt (first 1000 chars):
2026-02-12 09:13:35,501 - INFO - ----------------------------------------
2026-02-12 09:13:35,501 - INFO - You are an expert Named Entity Recognition (NER) system specializing in extracting entities from text.
2026-02-12 09:13:35,501 - INFO - 
2026-02-12 09:13:35,501 - INFO - Annotation Guidelines:
2026-02-12 09:13:35,501 - INFO - Extract named entities based on the following categories, and stick exactly to these entity types do not create your own more specific ones:
2026-02-12 09:13:35,501 - INFO - 
2026-02-12 09:13:35,501 - INFO - * art: A named work of art including films, books, music, paintings, or other creative works.
2026-02-12 09:13:35,501 - INFO - * building: A named structure or building, such as a stadium, museum, or hotel.
2026-02-12 09:13:35,501 - INFO - * event: A named event such as a war, sports event, festival, or historical occurrence.
2026-02-12 09:13:35,501 - INFO - * location: A geographical location such as a city, country, continent, region, or landmark.
2026-02-12 09:13:35,501 - INFO - * organization: A named organization, institution, company, or group.
2026-02-12 09:13:35,501 - INFO - * other: Other named entities that don't fit into the above categories.
2026-02-12 09:13:35,501 - INFO - * person: A named individual, including fictional characters, historical figures, celebrities, and common people.
2026-02-12 09:13:35,501 - INFO - * product: A named commercial product, software, vehicle model, or branded item.
2026-02-12 09:13:35,501 - INFO - 
2026-02-12 09:13:35,501 - INFO - The text is "The album was released on
2026-02-12 09:13:35,501 - INFO - ----------------------------------------
2026-02-12 09:13:35,501 - INFO - Processing 3765 test samples...
2026-02-12 09:13:35,506 - INFO - HTTP Request: POST http://localhost:11434/api/chat "HTTP/1.1 200 OK"
2026-02-12 09:13:35,635 - INFO - HTTP Request: POST http://localhost:11434/api/chat "HTTP/1.1 200 OK"
Total Progress (Samples):   0%|          | 163/210840 [00:57<22:03:08,  2.65sample/s]2026-02-12 09:13:35,871 - INFO - HTTP Request: POST http://localhost:11434/api/chat "HTTP/1.1 200 OK"
Total Progress (Samples):   0%|          | 164/210840 [00:58<25:43:52,  2.27sample/s]2026-02-12 09:13:36,574 - INFO - HTTP Request: POST http://localhost:11434/api/chat "HTTP/1.1 200 OK"
Total Progress (Samples):   0%|          | 165/210840 [00:58<24:08:34,  2.42sample/s]2026-02-12 09:13:36,689 - INFO - Progress: 10/3765 | P: 0.5517 | R: 0.5517 | Micro-F1: 0.5517 | Macro-F1: 0.4886
2026-02-12 09:13:36,899 - INFO - HTTP Request: POST http://localhost:11434/api/chat "HTTP/1.1 200 OK"
Total Progress (Samples):   0%|          | 166/210840 [00:59<31:20:18,  1.87sample/s]2026-02-12 09:13:37,556 - INFO - Progress: 10/3765 | P: 0.5926 | R: 0.5517 | Micro-F1: 0.5714 | Macro-F1: 0.5293
2026-02-12 09:13:37,704 - INFO - HTTP Request: POST http://localhost:11434/api/chat "HTTP/1.1 200 OK"
Total Progress (Samples):   0%|          | 168/210840 [00:59<20:35:53,  2.84sample/s]2026-02-12 09:13:37,783 - INFO - HTTP Request: POST http://localhost:11434/api/chat "HTTP/1.1 200 OK"
2026-02-12 09:13:38,002 - INFO - HTTP Request: POST http://localhost:11434/api/chat "HTTP/1.1 200 OK"
Total Progress (Samples):   0%|          | 169/210840 [01:00<20:25:24,  2.87sample/s]2026-02-12 09:13:38,328 - INFO - HTTP Request: POST http://localhost:11434/api/chat "HTTP/1.1 200 OK"
Total Progress (Samples):   0%|          | 170/210840 [01:00<18:49:53,  3.11sample/s]2026-02-12 09:13:38,513 - INFO - HTTP Request: POST http://localhost:11434/api/chat "HTTP/1.1 200 OK"
Total Progress (Samples):   0%|          | 171/210840 [01:00<17:04:05,  3.43sample/s]2026-02-12 09:13:38,784 - INFO - HTTP Request: POST http://localhost:11434/api/chat "HTTP/1.1 200 OK"
2026-02-12 09:13:38,864 - INFO - HTTP Request: POST http://localhost:11434/api/chat "HTTP/1.1 200 OK"
Total Progress (Samples):   0%|          | 173/210840 [01:01<15:32:46,  3.76sample/s]2026-02-12 09:13:39,240 - INFO - HTTP Request: POST http://localhost:11434/api/chat "HTTP/1.1 200 OK"
Total Progress (Samples):   0%|          | 174/210840 [01:01<17:27:02,  3.35sample/s]2026-02-12 09:13:39,645 - INFO - HTTP Request: POST http://localhost:11434/api/chat "HTTP/1.1 200 OK"
Total Progress (Samples):   0%|          | 175/210840 [01:01<16:33:01,  3.54sample/s]2026-02-12 09:13:39,827 - INFO - HTTP Request: POST http://localhost:11434/api/chat "HTTP/1.1 200 OK"
Total Progress (Samples):   0%|          | 176/210840 [01:01<15:51:51,  3.69sample/s]2026-02-12 09:13:40,127 - INFO - HTTP Request: POST http://localhost:11434/api/chat "HTTP/1.1 200 OK"
Total Progress (Samples):   0%|          | 177/210840 [01:02<20:31:33,  2.85sample/s]2026-02-12 09:13:40,620 - INFO - HTTP Request: POST http://localhost:11434/api/chat "HTTP/1.1 200 OK"
2026-02-12 09:13:40,681 - INFO - HTTP Request: POST http://localhost:11434/api/chat "HTTP/1.1 200 OK"
Total Progress (Samples):   0%|          | 179/210840 [01:02<14:36:16,  4.01sample/s]Total Progress (Samples):   0%|          | 180/210840 [01:02<13:24:58,  4.36sample/s]2026-02-12 09:13:40,934 - INFO - HTTP Request: POST http://localhost:11434/api/chat "HTTP/1.1 200 OK"
2026-02-12 09:13:41,091 - INFO - HTTP Request: POST http://localhost:11434/api/chat "HTTP/1.1 200 OK"
Total Progress (Samples):   0%|          | 181/210840 [01:03<16:53:55,  3.46sample/s]2026-02-12 09:13:41,491 - INFO - HTTP Request: POST http://localhost:11434/api/chat "HTTP/1.1 200 OK"
Total Progress (Samples):   0%|          | 182/210840 [01:03<16:13:44,  3.61sample/s]2026-02-12 09:13:41,797 - INFO - HTTP Request: POST http://localhost:11434/api/chat "HTTP/1.1 200 OK"
2026-02-12 09:13:41,853 - INFO - HTTP Request: POST http://localhost:11434/api/chat "HTTP/1.1 200 OK"
Total Progress (Samples):   0%|          | 184/210840 [01:04<15:24:01,  3.80sample/s]Traceback (most recent call last):
  File "/home/ann/fiz-ddb/notebook/KDAI-Experiments-CodeIE/CodeIE/orchestrator.py", line 303, in run_experiment_task
    metrics = run_experiment(
              ^^^^^^^^^^^^^^^
  File "/home/ann/fiz-ddb/notebook/KDAI-Experiments-CodeIE/CodeIE/run_codeie_experiments.py", line 1028, in run_experiment
    sentence_nervaluate = evaluate_with_nervaluate(
                          ^^^^^^^^^^^^^^^^^^^^^^^^^
  File "/home/ann/fiz-ddb/notebook/KDAI-Experiments-CodeIE/CodeIE/src/evaluation_nervaluate.py", line 238, in evaluate_with_nervaluate
    evaluator = Evaluator(all_gold_spans, all_pred_spans, tags=entity_types, loader="default")
                ^^^^^^^^^^^^^^^^^^^^^^^^^^^^^^^^^^^^^^^^^^^^^^^^^^^^^^^^^^^^^^^^^^^^^^^^^^^^^^
  File "/home/ann/anaconda3/envs/CodeIE/lib/python3.12/site-packages/nervaluate/evaluator.py", line 36, in __init__
    self._load_data(true, pred, loader)
  File "/home/ann/anaconda3/envs/CodeIE/lib/python3.12/site-packages/nervaluate/evaluator.py", line 59, in _load_data
    if isinstance(true[0][0], dict):
                  ~~~~~~~^^^
IndexError: list index out of range
2026-02-12 09:13:42,080 - ERROR - Failed: qwen2.5_coarse_pl_backtrans_tu - list index out of range
2026-02-12 09:13:42,082 - INFO - ============================================================
2026-02-12 09:13:42,082 - INFO - CodeIE NER Experiment (Enhanced with Entity Schema)
2026-02-12 09:13:42,083 - INFO - ============================================================
2026-02-12 09:13:42,083 - INFO - Granularity: coarse
2026-02-12 09:13:42,083 - INFO - Style: nl
2026-02-12 09:13:42,083 - INFO - Variation: v0_original
2026-02-12 09:13:42,083 - INFO - Model: qwen2.5-coder:7b
2026-02-12 09:13:42,083 - INFO - ============================================================
2026-02-12 09:13:42,083 - INFO - Using ChatOllama (Chat API) for qwen2.5-coder:7b with timeout=180s
2026-02-12 09:13:42,143 - INFO - Discovered variations: ['default', 'sentence_reordering', 'backtrans_tu', 'backtrans_ch', 'reodering', 'lexical_substitution', 'backtrans_sp']
2026-02-12 09:13:42,143 - INFO - Entity types (8): ['art', 'building', 'event', 'location', 'organization', 'other', 'person', 'product']
2026-02-12 09:13:42,143 - INFO - Loading test data from: /home/ann/fiz-ddb/notebook/KDAI-Experiments-CodeIE/few-nerd_test
2026-02-12 09:13:42,149 - INFO - Loading custom prompt from: /home/ann/fiz-ddb/notebook/KDAI-Experiments-CodeIE/CodeIE/prompts/base/coarse_nl_1shot.txt
2026-02-12 09:13:42,149 - INFO - Base prompt loaded (Length: 2351)
2026-02-12 09:13:42,149 - INFO - Sample base prompt (first 1000 chars):
2026-02-12 09:13:42,149 - INFO - ----------------------------------------
2026-02-12 09:13:42,149 - INFO - You are an expert Named Entity Recognition (NER) system specializing in extracting entities from text.
2026-02-12 09:13:42,149 - INFO - 
2026-02-12 09:13:42,149 - INFO - Annotation Guidelines:
2026-02-12 09:13:42,149 - INFO - Extract named entities based on the following categories, and stick exactly to these entity types do not create your own more specific ones:
2026-02-12 09:13:42,149 - INFO - 
2026-02-12 09:13:42,149 - INFO - * art: A named work of art including films, books, music, paintings, or other creative works.
2026-02-12 09:13:42,149 - INFO - * building: A named structure or building, such as a stadium, museum, or hotel.
2026-02-12 09:13:42,149 - INFO - * event: A named event such as a war, sports event, festival, or historical occurrence.
2026-02-12 09:13:42,149 - INFO - * location: A geographical location such as a city, country, continent, region, or landmark.
2026-02-12 09:13:42,149 - INFO - * organization: A named organization, institution, company, or group.
2026-02-12 09:13:42,149 - INFO - * other: Other named entities that don't fit into the above categories.
2026-02-12 09:13:42,149 - INFO - * person: A named individual, including fictional characters, historical figures, celebrities, and common people.
2026-02-12 09:13:42,149 - INFO - * product: A named commercial product, software, vehicle model, or branded item.
2026-02-12 09:13:42,149 - INFO - 
2026-02-12 09:13:42,149 - INFO - The text is "The album was released on
2026-02-12 09:13:42,149 - INFO - ----------------------------------------
2026-02-12 09:13:42,149 - INFO - Processing 3765 test samples...
2026-02-12 09:13:42,229 - INFO - HTTP Request: POST http://localhost:11434/api/chat "HTTP/1.1 200 OK"
2026-02-12 09:13:42,326 - INFO - HTTP Request: POST http://localhost:11434/api/chat "HTTP/1.1 200 OK"
Total Progress (Samples):   0%|          | 186/210840 [01:04<15:13:57,  3.84sample/s]2026-02-12 09:13:42,694 - INFO - HTTP Request: POST http://localhost:11434/api/chat "HTTP/1.1 200 OK"
2026-02-12 09:13:42,900 - INFO - HTTP Request: POST http://localhost:11434/api/chat "HTTP/1.1 200 OK"
Total Progress (Samples):   0%|          | 188/210840 [01:05<15:20:25,  3.81sample/s]2026-02-12 09:13:43,227 - INFO - HTTP Request: POST http://localhost:11434/api/chat "HTTP/1.1 200 OK"
Total Progress (Samples):   0%|          | 189/210840 [01:05<13:50:00,  4.23sample/s]2026-02-12 09:13:43,400 - INFO - HTTP Request: POST http://localhost:11434/api/chat "HTTP/1.1 200 OK"
2026-02-12 09:13:43,462 - INFO - HTTP Request: POST http://localhost:11434/api/chat "HTTP/1.1 200 OK"
Total Progress (Samples):   0%|          | 191/210840 [01:05<14:48:09,  3.95sample/s]2026-02-12 09:13:43,969 - INFO - HTTP Request: POST http://localhost:11434/api/chat "HTTP/1.1 200 OK"
Total Progress (Samples):   0%|          | 192/210840 [01:06<14:23:00,  4.07sample/s]2026-02-12 09:13:44,245 - INFO - HTTP Request: POST http://localhost:11434/api/chat "HTTP/1.1 200 OK"
Total Progress (Samples):   0%|          | 193/210840 [01:06<16:23:39,  3.57sample/s]2026-02-12 09:13:44,437 - INFO - Progress: 10/3765 | P: 0.3125 | R: 0.1724 | Micro-F1: 0.2222 | Macro-F1: 0.2646
2026-02-12 09:13:44,563 - INFO - HTTP Request: POST http://localhost:11434/api/chat "HTTP/1.1 200 OK"
2026-02-12 09:13:44,657 - INFO - HTTP Request: POST http://localhost:11434/api/chat "HTTP/1.1 200 OK"
Total Progress (Samples):   0%|          | 195/210840 [01:06<12:55:28,  4.53sample/s]2026-02-12 09:13:44,791 - INFO - HTTP Request: POST http://localhost:11434/api/chat "HTTP/1.1 200 OK"
Total Progress (Samples):   0%|          | 196/210840 [01:06<12:23:13,  4.72sample/s]Traceback (most recent call last):
  File "/home/ann/fiz-ddb/notebook/KDAI-Experiments-CodeIE/CodeIE/orchestrator.py", line 303, in run_experiment_task
    metrics = run_experiment(
              ^^^^^^^^^^^^^^^
  File "/home/ann/fiz-ddb/notebook/KDAI-Experiments-CodeIE/CodeIE/run_codeie_experiments.py", line 1028, in run_experiment
    sentence_nervaluate = evaluate_with_nervaluate(
                          ^^^^^^^^^^^^^^^^^^^^^^^^^
  File "/home/ann/fiz-ddb/notebook/KDAI-Experiments-CodeIE/CodeIE/src/evaluation_nervaluate.py", line 238, in evaluate_with_nervaluate
    evaluator = Evaluator(all_gold_spans, all_pred_spans, tags=entity_types, loader="default")
                ^^^^^^^^^^^^^^^^^^^^^^^^^^^^^^^^^^^^^^^^^^^^^^^^^^^^^^^^^^^^^^^^^^^^^^^^^^^^^^
  File "/home/ann/anaconda3/envs/CodeIE/lib/python3.12/site-packages/nervaluate/evaluator.py", line 36, in __init__
    self._load_data(true, pred, loader)
  File "/home/ann/anaconda3/envs/CodeIE/lib/python3.12/site-packages/nervaluate/evaluator.py", line 59, in _load_data
    if isinstance(true[0][0], dict):
                  ~~~~~~~^^^
IndexError: list index out of range
2026-02-12 09:13:44,874 - ERROR - Failed: qwen2.5-coder_coarse_pl_backtrans_ch - list index out of range
2026-02-12 09:13:44,876 - INFO - ============================================================
2026-02-12 09:13:44,876 - INFO - CodeIE NER Experiment (Enhanced with Entity Schema)
2026-02-12 09:13:44,876 - INFO - ============================================================
2026-02-12 09:13:44,876 - INFO - Granularity: coarse
2026-02-12 09:13:44,877 - INFO - Style: nl
2026-02-12 09:13:44,877 - INFO - Variation: lexical_substitution
2026-02-12 09:13:44,877 - INFO - Model: qwen2.5:7b
2026-02-12 09:13:44,877 - INFO - ============================================================
2026-02-12 09:13:44,877 - INFO - Using ChatOllama (Chat API) for qwen2.5:7b with timeout=180s
2026-02-12 09:13:44,940 - INFO - Discovered variations: ['default', 'sentence_reordering', 'backtrans_tu', 'backtrans_ch', 'reodering', 'lexical_substitution', 'backtrans_sp']
2026-02-12 09:13:44,940 - INFO - Entity types (8): ['art', 'building', 'event', 'location', 'organization', 'other', 'person', 'product']
2026-02-12 09:13:44,940 - INFO - Loading test data from: /home/ann/fiz-ddb/notebook/KDAI-Experiments-CodeIE/few-nerd_test
2026-02-12 09:13:44,945 - INFO - Loading custom prompt from: /home/ann/fiz-ddb/notebook/KDAI-Experiments-CodeIE/CodeIE/prompts/variations/coarse_nl_1shot/lexical_substitution.txt
2026-02-12 09:13:44,945 - INFO - Base prompt loaded (Length: 2390)
2026-02-12 09:13:44,945 - INFO - Sample base prompt (first 1000 chars):
2026-02-12 09:13:44,945 - INFO - ----------------------------------------
2026-02-12 09:13:44,945 - INFO - You are a skilled Named Entity Recognition (NER) tool focused on mining entities from text.
2026-02-12 09:13:44,945 - INFO - 
2026-02-12 09:13:44,945 - INFO - Annotation Rules:
2026-02-12 09:13:44,945 - INFO - Identify named entities according to the classifications below:
2026-02-12 09:13:44,945 - INFO - 
2026-02-12 09:13:44,945 - INFO - * art: A titled creative piece such as movies, literature, songs, artwork, or other artistic productions.
2026-02-12 09:13:44,945 - INFO - * building: A specific edifice or construction, like a stadium, gallery, or inn.
2026-02-12 09:13:44,945 - INFO - * event: A specific occasion like a conflict, athletic competition, gala, or historic incident.
2026-02-12 09:13:44,945 - INFO - * location: A geographic place like a town, nation, landmass, area, or point of interest.
2026-02-12 09:13:44,945 - INFO - * organization: A specific association, institute, enterprise, or team.
2026-02-12 09:13:44,945 - INFO - * other: Miscellaneous named entities that do not belong to the listed groups.
2026-02-12 09:13:44,945 - INFO - * person: A specific human, covering made-up figures, figures from history, stars, and ordinary individuals.
2026-02-12 09:13:44,945 - INFO - * product: A specific merchandise, computer program, car make, or trademarked good.
2026-02-12 09:13:44,945 - INFO - IMPORTANT: Stick to exactly these entity types, do not create your own ones. 
2026-02-12 09:13:44,945 - INFO - 
2026-02-12 09:13:44,945 - INFO - The text is "The record came
2026-02-12 09:13:44,945 - INFO - ----------------------------------------
2026-02-12 09:13:44,945 - INFO - Processing 3765 test samples...
Total Progress (Samples):   0%|          | 197/210840 [01:07<11:42:52,  4.99sample/s]2026-02-12 09:13:45,081 - INFO - HTTP Request: POST http://localhost:11434/api/chat "HTTP/1.1 200 OK"
2026-02-12 09:13:45,185 - INFO - HTTP Request: POST http://localhost:11434/api/chat "HTTP/1.1 200 OK"
Total Progress (Samples):   0%|          | 198/210840 [01:07<17:27:36,  3.35sample/s]Traceback (most recent call last):
  File "/home/ann/fiz-ddb/notebook/KDAI-Experiments-CodeIE/CodeIE/orchestrator.py", line 303, in run_experiment_task
    metrics = run_experiment(
              ^^^^^^^^^^^^^^^
  File "/home/ann/fiz-ddb/notebook/KDAI-Experiments-CodeIE/CodeIE/run_codeie_experiments.py", line 1028, in run_experiment
    sentence_nervaluate = evaluate_with_nervaluate(
                          ^^^^^^^^^^^^^^^^^^^^^^^^^
  File "/home/ann/fiz-ddb/notebook/KDAI-Experiments-CodeIE/CodeIE/src/evaluation_nervaluate.py", line 238, in evaluate_with_nervaluate
    evaluator = Evaluator(all_gold_spans, all_pred_spans, tags=entity_types, loader="default")
                ^^^^^^^^^^^^^^^^^^^^^^^^^^^^^^^^^^^^^^^^^^^^^^^^^^^^^^^^^^^^^^^^^^^^^^^^^^^^^^
  File "/home/ann/anaconda3/envs/CodeIE/lib/python3.12/site-packages/nervaluate/evaluator.py", line 36, in __init__
    self._load_data(true, pred, loader)
  File "/home/ann/anaconda3/envs/CodeIE/lib/python3.12/site-packages/nervaluate/evaluator.py", line 59, in _load_data
    if isinstance(true[0][0], dict):
                  ~~~~~~~^^^
IndexError: list index out of range
2026-02-12 09:13:45,624 - ERROR - Failed: qwen2.5-coder_coarse_pl_backtrans_sp - list index out of range
2026-02-12 09:13:45,625 - WARNING - 3 consecutive failures detected. Triggering Ollama recovery...
2026-02-12 09:13:45,626 - INFO - ============================================================
2026-02-12 09:13:45,627 - INFO - CodeIE NER Experiment (Enhanced with Entity Schema)
2026-02-12 09:13:45,627 - INFO - ============================================================
2026-02-12 09:13:45,627 - INFO - Granularity: coarse
2026-02-12 09:13:45,627 - INFO - Style: nl
2026-02-12 09:13:45,627 - INFO - Variation: lexical_substitution
2026-02-12 09:13:45,627 - INFO - Model: qwen2.5-coder:7b
2026-02-12 09:13:45,627 - INFO - ============================================================
2026-02-12 09:13:45,627 - INFO - Using ChatOllama (Chat API) for qwen2.5-coder:7b with timeout=180s
2026-02-12 09:13:45,688 - INFO - Discovered variations: ['default', 'sentence_reordering', 'backtrans_tu', 'backtrans_ch', 'reodering', 'lexical_substitution', 'backtrans_sp']
2026-02-12 09:13:45,688 - INFO - Entity types (8): ['art', 'building', 'event', 'location', 'organization', 'other', 'person', 'product']
2026-02-12 09:13:45,688 - INFO - Loading test data from: /home/ann/fiz-ddb/notebook/KDAI-Experiments-CodeIE/few-nerd_test
2026-02-12 09:13:45,692 - INFO - Loading custom prompt from: /home/ann/fiz-ddb/notebook/KDAI-Experiments-CodeIE/CodeIE/prompts/variations/coarse_nl_1shot/lexical_substitution.txt
2026-02-12 09:13:45,693 - INFO - Base prompt loaded (Length: 2390)
2026-02-12 09:13:45,693 - INFO - Sample base prompt (first 1000 chars):
2026-02-12 09:13:45,693 - INFO - ----------------------------------------
2026-02-12 09:13:45,693 - INFO - You are a skilled Named Entity Recognition (NER) tool focused on mining entities from text.
2026-02-12 09:13:45,693 - INFO - 
2026-02-12 09:13:45,693 - INFO - Annotation Rules:
2026-02-12 09:13:45,693 - INFO - Identify named entities according to the classifications below:
2026-02-12 09:13:45,693 - INFO - 
2026-02-12 09:13:45,693 - INFO - * art: A titled creative piece such as movies, literature, songs, artwork, or other artistic productions.
2026-02-12 09:13:45,693 - INFO - * building: A specific edifice or construction, like a stadium, gallery, or inn.
2026-02-12 09:13:45,693 - INFO - * event: A specific occasion like a conflict, athletic competition, gala, or historic incident.
2026-02-12 09:13:45,693 - INFO - * location: A geographic place like a town, nation, landmass, area, or point of interest.
2026-02-12 09:13:45,693 - INFO - * organization: A specific association, institute, enterprise, or team.
2026-02-12 09:13:45,693 - INFO - * other: Miscellaneous named entities that do not belong to the listed groups.
2026-02-12 09:13:45,693 - INFO - * person: A specific human, covering made-up figures, figures from history, stars, and ordinary individuals.
2026-02-12 09:13:45,693 - INFO - * product: A specific merchandise, computer program, car make, or trademarked good.
2026-02-12 09:13:45,693 - INFO - IMPORTANT: Stick to exactly these entity types, do not create your own ones. 
2026-02-12 09:13:45,693 - INFO - 
2026-02-12 09:13:45,693 - INFO - The text is "The record came
2026-02-12 09:13:45,693 - INFO - ----------------------------------------
2026-02-12 09:13:45,693 - INFO - Processing 3765 test samples...
2026-02-12 09:13:45,764 - INFO - HTTP Request: POST http://localhost:11434/api/chat "HTTP/1.1 200 OK"
Total Progress (Samples):   0%|          | 200/210840 [01:07<12:50:10,  4.56sample/s]2026-02-12 09:13:45,863 - INFO - HTTP Request: POST http://localhost:11434/api/chat "HTTP/1.1 200 OK"
2026-02-12 09:13:46,050 - INFO - HTTP Request: POST http://localhost:11434/api/chat "HTTP/1.1 200 OK"
Total Progress (Samples):   0%|          | 201/210840 [01:08<15:25:26,  3.79sample/s]Total Progress (Samples):   0%|          | 202/210840 [01:08<13:32:56,  4.32sample/s]2026-02-12 09:13:46,403 - INFO - HTTP Request: POST http://localhost:11434/api/chat "HTTP/1.1 200 OK"
2026-02-12 09:13:46,534 - INFO - HTTP Request: POST http://localhost:11434/api/chat "HTTP/1.1 200 OK"
2026-02-12 09:13:46,620 - INFO - HTTP Request: POST http://localhost:11434/api/chat "HTTP/1.1 200 OK"
Total Progress (Samples):   0%|          | 204/210840 [01:08<11:04:27,  5.28sample/s]Total Progress (Samples):   0%|          | 205/210840 [01:08<10:05:56,  5.79sample/s]2026-02-12 09:13:46,788 - INFO - HTTP Request: POST http://localhost:11434/api/chat "HTTP/1.1 200 OK"
2026-02-12 09:13:46,909 - INFO - HTTP Request: POST http://localhost:11434/api/chat "HTTP/1.1 200 OK"
2026-02-12 09:13:47,068 - INFO - HTTP Request: POST http://localhost:11434/api/chat "HTTP/1.1 200 OK"
Total Progress (Samples):   0%|          | 207/210840 [01:09<10:46:39,  5.43sample/s]2026-02-12 09:13:47,314 - INFO - HTTP Request: POST http://localhost:11434/api/chat "HTTP/1.1 200 OK"
Total Progress (Samples):   0%|          | 208/210840 [01:09<11:24:10,  5.13sample/s]Traceback (most recent call last):
  File "/home/ann/fiz-ddb/notebook/KDAI-Experiments-CodeIE/CodeIE/orchestrator.py", line 303, in run_experiment_task
    metrics = run_experiment(
              ^^^^^^^^^^^^^^^
  File "/home/ann/fiz-ddb/notebook/KDAI-Experiments-CodeIE/CodeIE/run_codeie_experiments.py", line 1028, in run_experiment
    sentence_nervaluate = evaluate_with_nervaluate(
                          ^^^^^^^^^^^^^^^^^^^^^^^^^
  File "/home/ann/fiz-ddb/notebook/KDAI-Experiments-CodeIE/CodeIE/src/evaluation_nervaluate.py", line 238, in evaluate_with_nervaluate
    evaluator = Evaluator(all_gold_spans, all_pred_spans, tags=entity_types, loader="default")
                ^^^^^^^^^^^^^^^^^^^^^^^^^^^^^^^^^^^^^^^^^^^^^^^^^^^^^^^^^^^^^^^^^^^^^^^^^^^^^^
  File "/home/ann/anaconda3/envs/CodeIE/lib/python3.12/site-packages/nervaluate/evaluator.py", line 36, in __init__
    self._load_data(true, pred, loader)
  File "/home/ann/anaconda3/envs/CodeIE/lib/python3.12/site-packages/nervaluate/evaluator.py", line 59, in _load_data
    if isinstance(true[0][0], dict):
                  ~~~~~~~^^^
IndexError: list index out of range
2026-02-12 09:13:47,404 - ERROR - Failed: qwen2.5_coarse_nl_base - list index out of range
2026-02-12 09:13:47,406 - INFO - ============================================================
2026-02-12 09:13:47,406 - INFO - CodeIE NER Experiment (Enhanced with Entity Schema)
2026-02-12 09:13:47,407 - INFO - ============================================================
2026-02-12 09:13:47,407 - INFO - Granularity: coarse
2026-02-12 09:13:47,407 - INFO - Style: nl
2026-02-12 09:13:47,407 - INFO - Variation: reodering
2026-02-12 09:13:47,407 - INFO - Model: qwen2.5:7b
2026-02-12 09:13:47,407 - INFO - ============================================================
2026-02-12 09:13:47,407 - INFO - Using ChatOllama (Chat API) for qwen2.5:7b with timeout=180s
2026-02-12 09:13:47,462 - INFO - Discovered variations: ['default', 'sentence_reordering', 'backtrans_tu', 'backtrans_ch', 'reodering', 'lexical_substitution', 'backtrans_sp']
2026-02-12 09:13:47,462 - INFO - Entity types (8): ['art', 'building', 'event', 'location', 'organization', 'other', 'person', 'product']
2026-02-12 09:13:47,462 - INFO - Loading test data from: /home/ann/fiz-ddb/notebook/KDAI-Experiments-CodeIE/few-nerd_test
2026-02-12 09:13:47,467 - INFO - Loading custom prompt from: /home/ann/fiz-ddb/notebook/KDAI-Experiments-CodeIE/CodeIE/prompts/variations/coarse_nl_1shot/reodering.txt
2026-02-12 09:13:47,467 - INFO - Base prompt loaded (Length: 2349)
2026-02-12 09:13:47,467 - INFO - Sample base prompt (first 1000 chars):
2026-02-12 09:13:47,467 - INFO - ----------------------------------------
2026-02-12 09:13:47,467 - INFO - Extract named entities based on the categories listed below. You are an expert Named Entity Recognition (NER) system specializing in extracting entities from text.
2026-02-12 09:13:47,467 - INFO - 
2026-02-12 09:13:47,467 - INFO - Annotation Guidelines:
2026-02-12 09:13:47,467 - INFO - 
2026-02-12 09:13:47,467 - INFO - * person: A named individual, including fictional characters, historical figures, celebrities, and common people.
2026-02-12 09:13:47,467 - INFO - * organization: A named organization, institution, company, or group.
2026-02-12 09:13:47,467 - INFO - * location: A geographical location such as a city, country, continent, region, or landmark.
2026-02-12 09:13:47,467 - INFO - * event: A named event such as a war, sports event, festival, or historical occurrence.
2026-02-12 09:13:47,467 - INFO - * product: A named commercial product, software, vehicle model, or branded item.
2026-02-12 09:13:47,467 - INFO - * building: A named structure or building, such as a stadium, museum, or hotel.
2026-02-12 09:13:47,467 - INFO - * art: A named work of art including films, books, music, paintings, or other creative works.
2026-02-12 09:13:47,467 - INFO - * other: Other named entities that don't fit into the above categories.
2026-02-12 09:13:47,467 - INFO - IMPORTANT: Stick to exactly these entity types, do not create your own ones. 
2026-02-12 09:13:47,467 - INFO - 
2026-02-12 09:13:47,467 - INFO - The text is "Liddy was nominally in char
2026-02-12 09:13:47,467 - INFO - ----------------------------------------
2026-02-12 09:13:47,467 - INFO - Processing 3765 test samples...
2026-02-12 09:13:47,545 - INFO - HTTP Request: POST http://localhost:11434/api/chat "HTTP/1.1 200 OK"
Total Progress (Samples):   0%|          | 209/210840 [01:09<11:21:30,  5.15sample/s]2026-02-12 09:13:47,738 - INFO - HTTP Request: POST http://localhost:11434/api/chat "HTTP/1.1 200 OK"
2026-02-12 09:13:47,785 - INFO - HTTP Request: POST http://localhost:11434/api/chat "HTTP/1.1 200 OK"
Total Progress (Samples):   0%|          | 211/210840 [01:09<9:21:57,  6.25sample/s] 2026-02-12 09:13:47,951 - INFO - HTTP Request: POST http://localhost:11434/api/chat "HTTP/1.1 200 OK"
Total Progress (Samples):   0%|          | 212/210840 [01:09<9:09:43,  6.39sample/s]2026-02-12 09:13:48,103 - INFO - HTTP Request: POST http://localhost:11434/api/chat "HTTP/1.1 200 OK"
2026-02-12 09:13:48,243 - INFO - HTTP Request: POST http://localhost:11434/api/chat "HTTP/1.1 200 OK"
Total Progress (Samples):   0%|          | 214/210840 [01:10<11:03:34,  5.29sample/s]2026-02-12 09:13:48,582 - INFO - HTTP Request: POST http://localhost:11434/api/chat "HTTP/1.1 200 OK"
Total Progress (Samples):   0%|          | 215/210840 [01:10<13:25:30,  4.36sample/s]2026-02-12 09:13:48,954 - INFO - HTTP Request: POST http://localhost:11434/api/chat "HTTP/1.1 200 OK"
Total Progress (Samples):   0%|          | 216/210840 [01:11<15:09:08,  3.86sample/s]2026-02-12 09:13:49,309 - INFO - HTTP Request: POST http://localhost:11434/api/chat "HTTP/1.1 200 OK"
Total Progress (Samples):   0%|          | 217/210840 [01:11<14:18:40,  4.09sample/s]2026-02-12 09:13:49,519 - INFO - HTTP Request: POST http://localhost:11434/api/chat "HTTP/1.1 200 OK"
Total Progress (Samples):   0%|          | 218/210840 [01:11<15:15:16,  3.84sample/s]2026-02-12 09:13:49,815 - INFO - HTTP Request: POST http://localhost:11434/api/chat "HTTP/1.1 200 OK"
Total Progress (Samples):   0%|          | 219/210840 [01:11<13:49:52,  4.23sample/s]2026-02-12 09:13:49,986 - INFO - HTTP Request: POST http://localhost:11434/api/chat "HTTP/1.1 200 OK"
2026-02-12 09:13:50,013 - INFO - HTTP Request: POST http://localhost:11434/api/chat "HTTP/1.1 200 OK"
Total Progress (Samples):   0%|          | 221/210840 [01:12<10:41:01,  5.48sample/s]2026-02-12 09:13:50,224 - INFO - HTTP Request: POST http://localhost:11434/api/chat "HTTP/1.1 200 OK"
2026-02-12 09:13:50,302 - INFO - HTTP Request: POST http://localhost:11434/api/chat "HTTP/1.1 200 OK"
Total Progress (Samples):   0%|          | 223/210840 [01:12<10:57:13,  5.34sample/s]2026-02-12 09:13:50,601 - INFO - HTTP Request: POST http://localhost:11434/api/chat "HTTP/1.1 200 OK"
Total Progress (Samples):   0%|          | 224/210840 [01:12<11:02:59,  5.29sample/s]2026-02-12 09:13:50,801 - INFO - HTTP Request: POST http://localhost:11434/api/chat "HTTP/1.1 200 OK"
2026-02-12 09:13:50,830 - INFO - HTTP Request: POST http://localhost:11434/api/chat "HTTP/1.1 200 OK"
Total Progress (Samples):   0%|          | 226/210840 [01:12<9:36:23,  6.09sample/s] Total Progress (Samples):   0%|          | 227/210840 [01:13<10:16:50,  5.69sample/s]2026-02-12 09:13:51,125 - INFO - HTTP Request: POST http://localhost:11434/api/chat "HTTP/1.1 200 OK"
2026-02-12 09:13:51,269 - INFO - HTTP Request: POST http://localhost:11434/api/chat "HTTP/1.1 200 OK"
Total Progress (Samples):   0%|          | 228/210840 [01:13<11:42:46,  4.99sample/s]2026-02-12 09:13:51,546 - INFO - HTTP Request: POST http://localhost:11434/api/chat "HTTP/1.1 200 OK"
Total Progress (Samples):   0%|          | 229/210840 [01:13<11:59:31,  4.88sample/s]2026-02-12 09:13:51,781 - INFO - HTTP Request: POST http://localhost:11434/api/chat "HTTP/1.1 200 OK"
Total Progress (Samples):   0%|          | 230/210840 [01:14<18:00:43,  3.25sample/s]2026-02-12 09:13:52,220 - INFO - Progress: 10/3765 | P: 0.6000 | R: 0.6207 | Micro-F1: 0.6102 | Macro-F1: 0.5222
2026-02-12 09:13:52,359 - INFO - HTTP Request: POST http://localhost:11434/api/chat "HTTP/1.1 200 OK"
Total Progress (Samples):   0%|          | 231/210840 [01:14<16:50:03,  3.48sample/s]2026-02-12 09:13:52,602 - INFO - HTTP Request: POST http://localhost:11434/api/chat "HTTP/1.1 200 OK"
Total Progress (Samples):   0%|          | 232/210840 [01:14<16:21:30,  3.58sample/s]2026-02-12 09:13:52,798 - INFO - Progress: 10/3765 | P: 0.3125 | R: 0.1724 | Micro-F1: 0.2222 | Macro-F1: 0.2874
2026-02-12 09:13:52,919 - INFO - HTTP Request: POST http://localhost:11434/api/chat "HTTP/1.1 200 OK"
2026-02-12 09:13:52,953 - INFO - HTTP Request: POST http://localhost:11434/api/chat "HTTP/1.1 200 OK"
Total Progress (Samples):   0%|          | 234/210840 [01:15<16:02:47,  3.65sample/s]2026-02-12 09:13:53,384 - INFO - HTTP Request: POST http://localhost:11434/api/chat "HTTP/1.1 200 OK"
2026-02-12 09:13:53,427 - INFO - HTTP Request: POST http://localhost:11434/api/chat "HTTP/1.1 200 OK"
Total Progress (Samples):   0%|          | 236/210840 [01:15<12:23:12,  4.72sample/s]2026-02-12 09:13:53,623 - INFO - HTTP Request: POST http://localhost:11434/api/chat "HTTP/1.1 200 OK"
2026-02-12 09:13:53,707 - INFO - HTTP Request: POST http://localhost:11434/api/chat "HTTP/1.1 200 OK"
Total Progress (Samples):   0%|          | 238/210840 [01:16<13:43:07,  4.26sample/s]Total Progress (Samples):   0%|          | 239/210840 [01:16<12:13:18,  4.79sample/s]2026-02-12 09:13:54,232 - INFO - HTTP Request: POST http://localhost:11434/api/chat "HTTP/1.1 200 OK"
2026-02-12 09:13:54,281 - INFO - HTTP Request: POST http://localhost:11434/api/chat "HTTP/1.1 200 OK"
Total Progress (Samples):   0%|          | 240/210840 [01:16<15:58:15,  3.66sample/s]2026-02-12 09:13:54,772 - INFO - HTTP Request: POST http://localhost:11434/api/chat "HTTP/1.1 200 OK"
Total Progress (Samples):   0%|          | 241/210840 [01:17<18:09:27,  3.22sample/s]2026-02-12 09:13:55,207 - INFO - HTTP Request: POST http://localhost:11434/api/chat "HTTP/1.1 200 OK"
2026-02-12 09:13:55,267 - INFO - HTTP Request: POST http://localhost:11434/api/chat "HTTP/1.1 200 OK"
Total Progress (Samples):   0%|          | 243/210840 [01:17<13:54:30,  4.21sample/s]2026-02-12 09:13:55,463 - INFO - HTTP Request: POST http://localhost:11434/api/chat "HTTP/1.1 200 OK"
Total Progress (Samples):   0%|          | 244/210840 [01:17<13:24:20,  4.36sample/s]2026-02-12 09:13:55,727 - INFO - HTTP Request: POST http://localhost:11434/api/chat "HTTP/1.1 200 OK"
2026-02-12 09:13:55,778 - INFO - HTTP Request: POST http://localhost:11434/api/chat "HTTP/1.1 200 OK"
Total Progress (Samples):   0%|          | 246/210840 [01:18<17:39:02,  3.31sample/s]2026-02-12 09:13:56,350 - INFO - Progress: 10/3765 | P: 0.2667 | R: 0.1379 | Micro-F1: 0.1818 | Macro-F1: 0.1684
2026-02-12 09:13:56,497 - INFO - HTTP Request: POST http://localhost:11434/api/chat "HTTP/1.1 200 OK"
2026-02-12 09:13:56,499 - INFO - HTTP Request: POST http://localhost:11434/api/chat "HTTP/1.1 200 OK"
Total Progress (Samples):   0%|          | 248/210840 [01:18<14:32:04,  4.02sample/s]2026-02-12 09:13:56,801 - INFO - HTTP Request: POST http://localhost:11434/api/chat "HTTP/1.1 200 OK"
Total Progress (Samples):   0%|          | 249/210840 [01:18<13:50:43,  4.23sample/s]2026-02-12 09:13:56,998 - INFO - HTTP Request: POST http://localhost:11434/api/chat "HTTP/1.1 200 OK"
2026-02-12 09:13:57,045 - INFO - HTTP Request: POST http://localhost:11434/api/chat "HTTP/1.1 200 OK"
Total Progress (Samples):   0%|          | 251/210840 [01:19<11:50:21,  4.94sample/s]Traceback (most recent call last):
  File "/home/ann/fiz-ddb/notebook/KDAI-Experiments-CodeIE/CodeIE/orchestrator.py", line 303, in run_experiment_task
    metrics = run_experiment(
              ^^^^^^^^^^^^^^^
  File "/home/ann/fiz-ddb/notebook/KDAI-Experiments-CodeIE/CodeIE/run_codeie_experiments.py", line 1028, in run_experiment
    sentence_nervaluate = evaluate_with_nervaluate(
                          ^^^^^^^^^^^^^^^^^^^^^^^^^
  File "/home/ann/fiz-ddb/notebook/KDAI-Experiments-CodeIE/CodeIE/src/evaluation_nervaluate.py", line 238, in evaluate_with_nervaluate
    evaluator = Evaluator(all_gold_spans, all_pred_spans, tags=entity_types, loader="default")
                ^^^^^^^^^^^^^^^^^^^^^^^^^^^^^^^^^^^^^^^^^^^^^^^^^^^^^^^^^^^^^^^^^^^^^^^^^^^^^^
  File "/home/ann/anaconda3/envs/CodeIE/lib/python3.12/site-packages/nervaluate/evaluator.py", line 36, in __init__
    self._load_data(true, pred, loader)
  File "/home/ann/anaconda3/envs/CodeIE/lib/python3.12/site-packages/nervaluate/evaluator.py", line 59, in _load_data
    if isinstance(true[0][0], dict):
                  ~~~~~~~^^^
IndexError: list index out of range
2026-02-12 09:13:57,137 - ERROR - Failed: qwen2.5_coarse_nl_lexical_substitution - list index out of range
2026-02-12 09:13:57,139 - INFO - ============================================================
2026-02-12 09:13:57,139 - INFO - CodeIE NER Experiment (Enhanced with Entity Schema)
2026-02-12 09:13:57,140 - INFO - ============================================================
2026-02-12 09:13:57,140 - INFO - Granularity: coarse
2026-02-12 09:13:57,140 - INFO - Style: nl
2026-02-12 09:13:57,140 - INFO - Variation: reodering
2026-02-12 09:13:57,140 - INFO - Model: qwen2.5-coder:7b
2026-02-12 09:13:57,140 - INFO - ============================================================
2026-02-12 09:13:57,140 - INFO - Using ChatOllama (Chat API) for qwen2.5-coder:7b with timeout=180s
2026-02-12 09:13:57,197 - INFO - Discovered variations: ['default', 'sentence_reordering', 'backtrans_tu', 'backtrans_ch', 'reodering', 'lexical_substitution', 'backtrans_sp']
2026-02-12 09:13:57,197 - INFO - Entity types (8): ['art', 'building', 'event', 'location', 'organization', 'other', 'person', 'product']
2026-02-12 09:13:57,197 - INFO - Loading test data from: /home/ann/fiz-ddb/notebook/KDAI-Experiments-CodeIE/few-nerd_test
2026-02-12 09:13:57,202 - INFO - Loading custom prompt from: /home/ann/fiz-ddb/notebook/KDAI-Experiments-CodeIE/CodeIE/prompts/variations/coarse_nl_1shot/reodering.txt
2026-02-12 09:13:57,202 - INFO - Base prompt loaded (Length: 2349)
2026-02-12 09:13:57,202 - INFO - Sample base prompt (first 1000 chars):
2026-02-12 09:13:57,202 - INFO - ----------------------------------------
2026-02-12 09:13:57,202 - INFO - Extract named entities based on the categories listed below. You are an expert Named Entity Recognition (NER) system specializing in extracting entities from text.
2026-02-12 09:13:57,202 - INFO - 
2026-02-12 09:13:57,202 - INFO - Annotation Guidelines:
2026-02-12 09:13:57,202 - INFO - 
2026-02-12 09:13:57,202 - INFO - * person: A named individual, including fictional characters, historical figures, celebrities, and common people.
2026-02-12 09:13:57,202 - INFO - * organization: A named organization, institution, company, or group.
2026-02-12 09:13:57,202 - INFO - * location: A geographical location such as a city, country, continent, region, or landmark.
2026-02-12 09:13:57,202 - INFO - * event: A named event such as a war, sports event, festival, or historical occurrence.
2026-02-12 09:13:57,202 - INFO - * product: A named commercial product, software, vehicle model, or branded item.
2026-02-12 09:13:57,202 - INFO - * building: A named structure or building, such as a stadium, museum, or hotel.
2026-02-12 09:13:57,202 - INFO - * art: A named work of art including films, books, music, paintings, or other creative works.
2026-02-12 09:13:57,203 - INFO - * other: Other named entities that don't fit into the above categories.
2026-02-12 09:13:57,203 - INFO - IMPORTANT: Stick to exactly these entity types, do not create your own ones. 
2026-02-12 09:13:57,203 - INFO - 
2026-02-12 09:13:57,203 - INFO - The text is "Liddy was nominally in char
2026-02-12 09:13:57,203 - INFO - ----------------------------------------
2026-02-12 09:13:57,203 - INFO - Processing 3765 test samples...
2026-02-12 09:13:57,287 - INFO - HTTP Request: POST http://localhost:11434/api/chat "HTTP/1.1 200 OK"
Total Progress (Samples):   0%|          | 252/210840 [01:19<11:32:01,  5.07sample/s]2026-02-12 09:13:57,312 - INFO - Progress: 10/3765 | P: 0.3333 | R: 0.1034 | Micro-F1: 0.1579 | Macro-F1: 0.1905
2026-02-12 09:13:57,520 - INFO - HTTP Request: POST http://localhost:11434/api/chat "HTTP/1.1 200 OK"
Total Progress (Samples):   0%|          | 253/210840 [01:19<12:06:22,  4.83sample/s]2026-02-12 09:13:57,650 - INFO - HTTP Request: POST http://localhost:11434/api/chat "HTTP/1.1 200 OK"
Total Progress (Samples):   0%|          | 254/210840 [01:19<13:51:31,  4.22sample/s]2026-02-12 09:13:58,018 - INFO - HTTP Request: POST http://localhost:11434/api/chat "HTTP/1.1 200 OK"
Total Progress (Samples):   0%|          | 255/210840 [01:20<13:00:06,  4.50sample/s]2026-02-12 09:13:58,170 - INFO - HTTP Request: POST http://localhost:11434/api/chat "HTTP/1.1 200 OK"
2026-02-12 09:13:58,217 - INFO - HTTP Request: POST http://localhost:11434/api/chat "HTTP/1.1 200 OK"
Total Progress (Samples):   0%|          | 257/210840 [01:20<10:14:51,  5.71sample/s]2026-02-12 09:13:58,423 - INFO - HTTP Request: POST http://localhost:11434/api/chat "HTTP/1.1 200 OK"
2026-02-12 09:13:58,437 - INFO - HTTP Request: POST http://localhost:11434/api/chat "HTTP/1.1 200 OK"
Total Progress (Samples):   0%|          | 259/210840 [01:20<9:01:35,  6.48sample/s] Traceback (most recent call last):
  File "/home/ann/fiz-ddb/notebook/KDAI-Experiments-CodeIE/CodeIE/orchestrator.py", line 303, in run_experiment_task
    metrics = run_experiment(
              ^^^^^^^^^^^^^^^
  File "/home/ann/fiz-ddb/notebook/KDAI-Experiments-CodeIE/CodeIE/run_codeie_experiments.py", line 1028, in run_experiment
    sentence_nervaluate = evaluate_with_nervaluate(
                          ^^^^^^^^^^^^^^^^^^^^^^^^^
  File "/home/ann/fiz-ddb/notebook/KDAI-Experiments-CodeIE/CodeIE/src/evaluation_nervaluate.py", line 238, in evaluate_with_nervaluate
    evaluator = Evaluator(all_gold_spans, all_pred_spans, tags=entity_types, loader="default")
                ^^^^^^^^^^^^^^^^^^^^^^^^^^^^^^^^^^^^^^^^^^^^^^^^^^^^^^^^^^^^^^^^^^^^^^^^^^^^^^
  File "/home/ann/anaconda3/envs/CodeIE/lib/python3.12/site-packages/nervaluate/evaluator.py", line 36, in __init__
    self._load_data(true, pred, loader)
  File "/home/ann/anaconda3/envs/CodeIE/lib/python3.12/site-packages/nervaluate/evaluator.py", line 59, in _load_data
    if isinstance(true[0][0], dict):
                  ~~~~~~~^^^
IndexError: list index out of range
2026-02-12 09:13:58,526 - ERROR - Failed: qwen2.5_coarse_nl_reodering - list index out of range
2026-02-12 09:13:58,526 - WARNING - 3 consecutive failures detected. Triggering Ollama recovery...
2026-02-12 09:13:58,528 - INFO - ============================================================
2026-02-12 09:13:58,528 - INFO - CodeIE NER Experiment (Enhanced with Entity Schema)
2026-02-12 09:13:58,528 - INFO - ============================================================
2026-02-12 09:13:58,528 - INFO - Granularity: coarse
2026-02-12 09:13:58,528 - INFO - Style: nl
2026-02-12 09:13:58,529 - INFO - Variation: sentence_reordering
2026-02-12 09:13:58,529 - INFO - Model: qwen2.5:7b
2026-02-12 09:13:58,529 - INFO - ============================================================
2026-02-12 09:13:58,529 - INFO - Using ChatOllama (Chat API) for qwen2.5:7b with timeout=180s
2026-02-12 09:13:58,585 - INFO - Discovered variations: ['default', 'sentence_reordering', 'backtrans_tu', 'backtrans_ch', 'reodering', 'lexical_substitution', 'backtrans_sp']
2026-02-12 09:13:58,585 - INFO - Entity types (8): ['art', 'building', 'event', 'location', 'organization', 'other', 'person', 'product']
2026-02-12 09:13:58,586 - INFO - Loading test data from: /home/ann/fiz-ddb/notebook/KDAI-Experiments-CodeIE/few-nerd_test
2026-02-12 09:13:58,590 - INFO - Loading custom prompt from: /home/ann/fiz-ddb/notebook/KDAI-Experiments-CodeIE/CodeIE/prompts/variations/coarse_nl_1shot/sentence_reordering.txt
2026-02-12 09:13:58,590 - INFO - Base prompt loaded (Length: 2446)
2026-02-12 09:13:58,590 - INFO - Sample base prompt (first 1000 chars):
2026-02-12 09:13:58,590 - INFO - ----------------------------------------
2026-02-12 09:13:58,590 - INFO - Your task is to act as an expert Named Entity Recognition (NER) system capable of identifying entities within text.
2026-02-12 09:13:58,590 - INFO - 
2026-02-12 09:13:58,590 - INFO - Annotation Guidelines:
2026-02-12 09:13:58,590 - INFO - Identify and classify named entities according to the definitions below:
2026-02-12 09:13:58,590 - INFO - 
2026-02-12 09:13:58,590 - INFO - * art: Creative works that have a name, including music, books, films, paintings, etc.
2026-02-12 09:13:58,590 - INFO - * building: Named constructions or structures, for example, museums, stadiums, or hotels.
2026-02-12 09:13:58,590 - INFO - * event: Specific named occurrences like festivals, wars, historical events, or sports competitions.
2026-02-12 09:13:58,590 - INFO - * location: Geographical places including countries, cities, regions, landmarks, or continents.
2026-02-12 09:13:58,590 - INFO - * organization: Named groups, companies, institutions, or organizations.
2026-02-12 09:13:58,590 - INFO - * other: Named entities that do not fall into the specific categories listed above.
2026-02-12 09:13:58,590 - INFO - * person: Specific individuals, covering celebrities, historical figures, common people, and fictional characters.
2026-02-12 09:13:58,590 - INFO - * product: Commercial items with names, such as software, vehicles, or branded goods.
2026-02-12 09:13:58,590 - INFO - IMPORTANT: Stick to exactly these entity types, do not
2026-02-12 09:13:58,590 - INFO - ----------------------------------------
2026-02-12 09:13:58,590 - INFO - Processing 3765 test samples...
2026-02-12 09:13:58,783 - INFO - HTTP Request: POST http://localhost:11434/api/chat "HTTP/1.1 200 OK"
2026-02-12 09:13:58,824 - INFO - HTTP Request: POST http://localhost:11434/api/chat "HTTP/1.1 200 OK"
Total Progress (Samples):   0%|          | 261/210840 [01:21<12:43:08,  4.60sample/s]2026-02-12 09:13:59,296 - INFO - HTTP Request: POST http://localhost:11434/api/chat "HTTP/1.1 200 OK"
Total Progress (Samples):   0%|          | 262/210840 [01:21<11:36:44,  5.04sample/s]Traceback (most recent call last):
  File "/home/ann/fiz-ddb/notebook/KDAI-Experiments-CodeIE/CodeIE/orchestrator.py", line 303, in run_experiment_task
    metrics = run_experiment(
              ^^^^^^^^^^^^^^^
  File "/home/ann/fiz-ddb/notebook/KDAI-Experiments-CodeIE/CodeIE/run_codeie_experiments.py", line 1028, in run_experiment
    sentence_nervaluate = evaluate_with_nervaluate(
                          ^^^^^^^^^^^^^^^^^^^^^^^^^
  File "/home/ann/fiz-ddb/notebook/KDAI-Experiments-CodeIE/CodeIE/src/evaluation_nervaluate.py", line 238, in evaluate_with_nervaluate
    evaluator = Evaluator(all_gold_spans, all_pred_spans, tags=entity_types, loader="default")
                ^^^^^^^^^^^^^^^^^^^^^^^^^^^^^^^^^^^^^^^^^^^^^^^^^^^^^^^^^^^^^^^^^^^^^^^^^^^^^^
  File "/home/ann/anaconda3/envs/CodeIE/lib/python3.12/site-packages/nervaluate/evaluator.py", line 36, in __init__
    self._load_data(true, pred, loader)
  File "/home/ann/anaconda3/envs/CodeIE/lib/python3.12/site-packages/nervaluate/evaluator.py", line 59, in _load_data
    if isinstance(true[0][0], dict):
                  ~~~~~~~^^^
IndexError: list index out of range
2026-02-12 09:13:59,318 - ERROR - Failed: qwen2.5-coder_coarse_pl_backtrans_tu - list index out of range
2026-02-12 09:13:59,320 - INFO - ============================================================
2026-02-12 09:13:59,320 - INFO - CodeIE NER Experiment (Enhanced with Entity Schema)
2026-02-12 09:13:59,320 - INFO - ============================================================
2026-02-12 09:13:59,320 - INFO - Granularity: coarse
2026-02-12 09:13:59,320 - INFO - Style: nl
2026-02-12 09:13:59,320 - INFO - Variation: sentence_reordering
2026-02-12 09:13:59,320 - INFO - Model: qwen2.5-coder:7b
2026-02-12 09:13:59,320 - INFO - ============================================================
2026-02-12 09:13:59,320 - INFO - Using ChatOllama (Chat API) for qwen2.5-coder:7b with timeout=180s
2026-02-12 09:13:59,384 - INFO - Discovered variations: ['default', 'sentence_reordering', 'backtrans_tu', 'backtrans_ch', 'reodering', 'lexical_substitution', 'backtrans_sp']
2026-02-12 09:13:59,384 - INFO - Entity types (8): ['art', 'building', 'event', 'location', 'organization', 'other', 'person', 'product']
2026-02-12 09:13:59,384 - INFO - Loading test data from: /home/ann/fiz-ddb/notebook/KDAI-Experiments-CodeIE/few-nerd_test
2026-02-12 09:13:59,389 - INFO - Loading custom prompt from: /home/ann/fiz-ddb/notebook/KDAI-Experiments-CodeIE/CodeIE/prompts/variations/coarse_nl_1shot/sentence_reordering.txt
2026-02-12 09:13:59,389 - INFO - Base prompt loaded (Length: 2446)
2026-02-12 09:13:59,389 - INFO - Sample base prompt (first 1000 chars):
2026-02-12 09:13:59,389 - INFO - ----------------------------------------
2026-02-12 09:13:59,389 - INFO - Your task is to act as an expert Named Entity Recognition (NER) system capable of identifying entities within text.
2026-02-12 09:13:59,389 - INFO - 
2026-02-12 09:13:59,389 - INFO - Annotation Guidelines:
2026-02-12 09:13:59,389 - INFO - Identify and classify named entities according to the definitions below:
2026-02-12 09:13:59,389 - INFO - 
2026-02-12 09:13:59,389 - INFO - * art: Creative works that have a name, including music, books, films, paintings, etc.
2026-02-12 09:13:59,389 - INFO - * building: Named constructions or structures, for example, museums, stadiums, or hotels.
2026-02-12 09:13:59,389 - INFO - * event: Specific named occurrences like festivals, wars, historical events, or sports competitions.
2026-02-12 09:13:59,389 - INFO - * location: Geographical places including countries, cities, regions, landmarks, or continents.
2026-02-12 09:13:59,389 - INFO - * organization: Named groups, companies, institutions, or organizations.
2026-02-12 09:13:59,389 - INFO - * other: Named entities that do not fall into the specific categories listed above.
2026-02-12 09:13:59,389 - INFO - * person: Specific individuals, covering celebrities, historical figures, common people, and fictional characters.
2026-02-12 09:13:59,389 - INFO - * product: Commercial items with names, such as software, vehicles, or branded goods.
2026-02-12 09:13:59,389 - INFO - IMPORTANT: Stick to exactly these entity types, do not
2026-02-12 09:13:59,389 - INFO - ----------------------------------------
2026-02-12 09:13:59,389 - INFO - Processing 3765 test samples...
2026-02-12 09:13:59,470 - INFO - HTTP Request: POST http://localhost:11434/api/chat "HTTP/1.1 200 OK"
Total Progress (Samples):   0%|          | 263/210840 [01:21<14:21:13,  4.08sample/s]2026-02-12 09:13:59,791 - INFO - Progress: 10/3765 | P: 0.3000 | R: 0.1034 | Micro-F1: 0.1538 | Macro-F1: 0.1450
2026-02-12 09:13:59,828 - INFO - HTTP Request: POST http://localhost:11434/api/chat "HTTP/1.1 200 OK"
2026-02-12 09:13:59,931 - INFO - HTTP Request: POST http://localhost:11434/api/chat "HTTP/1.1 200 OK"
Total Progress (Samples):   0%|          | 265/210840 [01:21<11:58:43,  4.88sample/s]2026-02-12 09:14:00,147 - INFO - HTTP Request: POST http://localhost:11434/api/chat "HTTP/1.1 200 OK"
Total Progress (Samples):   0%|          | 266/210840 [01:22<12:20:48,  4.74sample/s]2026-02-12 09:14:00,380 - INFO - HTTP Request: POST http://localhost:11434/api/chat "HTTP/1.1 200 OK"
Total Progress (Samples):   0%|          | 267/210840 [01:22<12:18:05,  4.75sample/s]2026-02-12 09:14:00,589 - INFO - HTTP Request: POST http://localhost:11434/api/chat "HTTP/1.1 200 OK"
2026-02-12 09:14:00,634 - INFO - HTTP Request: POST http://localhost:11434/api/chat "HTTP/1.1 200 OK"
Total Progress (Samples):   0%|          | 269/210840 [01:22<10:46:33,  5.43sample/s]2026-02-12 09:14:00,878 - INFO - HTTP Request: POST http://localhost:11434/api/chat "HTTP/1.1 200 OK"
Total Progress (Samples):   0%|          | 270/210840 [01:22<10:55:37,  5.35sample/s]2026-02-12 09:14:01,063 - INFO - HTTP Request: POST http://localhost:11434/api/chat "HTTP/1.1 200 OK"
2026-02-12 09:14:01,080 - INFO - HTTP Request: POST http://localhost:11434/api/chat "HTTP/1.1 200 OK"
Total Progress (Samples):   0%|          | 272/210840 [01:23<8:58:21,  6.52sample/s] 2026-02-12 09:14:01,277 - INFO - HTTP Request: POST http://localhost:11434/api/chat "HTTP/1.1 200 OK"
Total Progress (Samples):   0%|          | 273/210840 [01:23<9:02:23,  6.47sample/s]2026-02-12 09:14:01,387 - INFO - HTTP Request: POST http://localhost:11434/api/chat "HTTP/1.1 200 OK"
2026-02-12 09:14:01,495 - INFO - HTTP Request: POST http://localhost:11434/api/chat "HTTP/1.1 200 OK"
Total Progress (Samples):   0%|          | 275/210840 [01:23<8:57:17,  6.53sample/s]2026-02-12 09:14:01,689 - INFO - HTTP Request: POST http://localhost:11434/api/chat "HTTP/1.1 200 OK"
2026-02-12 09:14:01,734 - INFO - HTTP Request: POST http://localhost:11434/api/chat "HTTP/1.1 200 OK"
Total Progress (Samples):   0%|          | 277/210840 [01:23<8:04:04,  7.25sample/s]Total Progress (Samples):   0%|          | 278/210840 [01:23<7:40:53,  7.61sample/s]2026-02-12 09:14:01,965 - INFO - HTTP Request: POST http://localhost:11434/api/chat "HTTP/1.1 200 OK"
2026-02-12 09:14:02,042 - INFO - HTTP Request: POST http://localhost:11434/api/chat "HTTP/1.1 200 OK"
Total Progress (Samples):   0%|          | 279/210840 [01:24<8:41:17,  6.73sample/s]2026-02-12 09:14:02,269 - INFO - HTTP Request: POST http://localhost:11434/api/chat "HTTP/1.1 200 OK"
Total Progress (Samples):   0%|          | 280/210840 [01:24<9:19:11,  6.28sample/s]2026-02-12 09:14:02,464 - INFO - HTTP Request: POST http://localhost:11434/api/chat "HTTP/1.1 200 OK"
Total Progress (Samples):   0%|          | 281/210840 [01:24<9:53:14,  5.92sample/s]2026-02-12 09:14:02,662 - INFO - HTTP Request: POST http://localhost:11434/api/chat "HTTP/1.1 200 OK"
2026-02-12 09:14:02,666 - INFO - HTTP Request: POST http://localhost:11434/api/chat "HTTP/1.1 200 OK"
Total Progress (Samples):   0%|          | 283/210840 [01:24<8:35:51,  6.80sample/s]2026-02-12 09:14:02,894 - INFO - HTTP Request: POST http://localhost:11434/api/chat "HTTP/1.1 200 OK"
2026-02-12 09:14:02,895 - INFO - HTTP Request: POST http://localhost:11434/api/chat "HTTP/1.1 200 OK"
Total Progress (Samples):   0%|          | 285/210840 [01:24<7:48:47,  7.49sample/s]Traceback (most recent call last):
  File "/home/ann/fiz-ddb/notebook/KDAI-Experiments-CodeIE/CodeIE/orchestrator.py", line 303, in run_experiment_task
    metrics = run_experiment(
              ^^^^^^^^^^^^^^^
  File "/home/ann/fiz-ddb/notebook/KDAI-Experiments-CodeIE/CodeIE/run_codeie_experiments.py", line 1028, in run_experiment
    sentence_nervaluate = evaluate_with_nervaluate(
                          ^^^^^^^^^^^^^^^^^^^^^^^^^
  File "/home/ann/fiz-ddb/notebook/KDAI-Experiments-CodeIE/CodeIE/src/evaluation_nervaluate.py", line 238, in evaluate_with_nervaluate
    evaluator = Evaluator(all_gold_spans, all_pred_spans, tags=entity_types, loader="default")
                ^^^^^^^^^^^^^^^^^^^^^^^^^^^^^^^^^^^^^^^^^^^^^^^^^^^^^^^^^^^^^^^^^^^^^^^^^^^^^^
  File "/home/ann/anaconda3/envs/CodeIE/lib/python3.12/site-packages/nervaluate/evaluator.py", line 36, in __init__
    self._load_data(true, pred, loader)
  File "/home/ann/anaconda3/envs/CodeIE/lib/python3.12/site-packages/nervaluate/evaluator.py", line 59, in _load_data
    if isinstance(true[0][0], dict):
                  ~~~~~~~^^^
IndexError: list index out of range
2026-02-12 09:14:02,980 - ERROR - Failed: qwen2.5-coder_coarse_nl_base - list index out of range
2026-02-12 09:14:02,982 - INFO - ============================================================
2026-02-12 09:14:02,982 - INFO - CodeIE NER Experiment (Enhanced with Entity Schema)
2026-02-12 09:14:02,982 - INFO - ============================================================
2026-02-12 09:14:02,982 - INFO - Granularity: coarse
2026-02-12 09:14:02,982 - INFO - Style: nl
2026-02-12 09:14:02,982 - INFO - Variation: backtrans_ch
2026-02-12 09:14:02,982 - INFO - Model: qwen2.5:7b
2026-02-12 09:14:02,982 - INFO - ============================================================
2026-02-12 09:14:02,982 - INFO - Using ChatOllama (Chat API) for qwen2.5:7b with timeout=180s
2026-02-12 09:14:03,041 - INFO - Discovered variations: ['default', 'sentence_reordering', 'backtrans_tu', 'backtrans_ch', 'reodering', 'lexical_substitution', 'backtrans_sp']
2026-02-12 09:14:03,041 - INFO - Entity types (8): ['art', 'building', 'event', 'location', 'organization', 'other', 'person', 'product']
2026-02-12 09:14:03,041 - INFO - Loading test data from: /home/ann/fiz-ddb/notebook/KDAI-Experiments-CodeIE/few-nerd_test
2026-02-12 09:14:03,046 - INFO - Loading custom prompt from: /home/ann/fiz-ddb/notebook/KDAI-Experiments-CodeIE/CodeIE/prompts/variations/coarse_nl_1shot/backtrans_ch.txt
2026-02-12 09:14:03,046 - INFO - Base prompt loaded (Length: 2172)
2026-02-12 09:14:03,046 - INFO - Sample base prompt (first 1000 chars):
2026-02-12 09:14:03,046 - INFO - ----------------------------------------
2026-02-12 09:14:03,046 - INFO - You are a named entity recognition (NER) expert system specialized in extracting entities from text.
2026-02-12 09:14:03,046 - INFO - 
2026-02-12 09:14:03,046 - INFO - **Annotation guidelines:**  
2026-02-12 09:14:03,046 - INFO - - **art**: a named work of art, including movies, books, music, paintings, or other creative works.  
2026-02-12 09:14:03,046 - INFO - - **building**: a named structure or building, such as a stadium, museum, or hotel.  
2026-02-12 09:14:03,046 - INFO - - **event**: a named event, such as a war, sports event, festival, or historical event.  
2026-02-12 09:14:03,046 - INFO - - **location**: a geographic location, such as a city, country, continent, region, or landmark.  
2026-02-12 09:14:03,046 - INFO - - **organization**: a named organization, institution, company, or group.  
2026-02-12 09:14:03,046 - INFO - - **other**: other named entities not falling into the above categories.  
2026-02-12 09:14:03,046 - INFO - - **person**: a named individual, including fictional characters, historical figures, celebrities, and ordinary people.  
2026-02-12 09:14:03,046 - INFO - - **product**: a named commercial product, software, vehicle model, or branded item.
2026-02-12 09:14:03,046 - INFO - IMPORTANT: Stick to exactly these entity types, do not create your own ones. 
2026-02-12 09:14:03,046 - INFO - 
2026-02-12 09:14:03,046 - INFO - **Extract named entities according to the following cate
2026-02-12 09:14:03,046 - INFO - ----------------------------------------
2026-02-12 09:14:03,046 - INFO - Processing 3765 test samples...
2026-02-12 09:14:03,114 - INFO - HTTP Request: POST http://localhost:11434/api/chat "HTTP/1.1 200 OK"
Total Progress (Samples):   0%|          | 286/210840 [01:25<8:53:32,  6.58sample/s]2026-02-12 09:14:03,338 - INFO - HTTP Request: POST http://localhost:11434/api/chat "HTTP/1.1 200 OK"
Total Progress (Samples):   0%|          | 287/210840 [01:25<10:38:37,  5.49sample/s]2026-02-12 09:14:03,616 - INFO - HTTP Request: POST http://localhost:11434/api/chat "HTTP/1.1 200 OK"
Total Progress (Samples):   0%|          | 288/210840 [01:25<10:51:59,  5.38sample/s]2026-02-12 09:14:03,679 - INFO - Progress: 10/3765 | P: 0.2778 | R: 0.1724 | Micro-F1: 0.2128 | Macro-F1: 0.1944
2026-02-12 09:14:03,822 - INFO - HTTP Request: POST http://localhost:11434/api/chat "HTTP/1.1 200 OK"
2026-02-12 09:14:03,830 - INFO - HTTP Request: POST http://localhost:11434/api/chat "HTTP/1.1 200 OK"
Total Progress (Samples):   0%|          | 290/210840 [01:25<9:20:14,  6.26sample/s] 2026-02-12 09:14:04,070 - INFO - HTTP Request: POST http://localhost:11434/api/chat "HTTP/1.1 200 OK"
2026-02-12 09:14:04,106 - INFO - HTTP Request: POST http://localhost:11434/api/chat "HTTP/1.1 200 OK"
Total Progress (Samples):   0%|          | 292/210840 [01:26<8:24:10,  6.96sample/s]Traceback (most recent call last):
  File "/home/ann/fiz-ddb/notebook/KDAI-Experiments-CodeIE/CodeIE/orchestrator.py", line 303, in run_experiment_task
    metrics = run_experiment(
              ^^^^^^^^^^^^^^^
  File "/home/ann/fiz-ddb/notebook/KDAI-Experiments-CodeIE/CodeIE/run_codeie_experiments.py", line 1028, in run_experiment
    sentence_nervaluate = evaluate_with_nervaluate(
                          ^^^^^^^^^^^^^^^^^^^^^^^^^
  File "/home/ann/fiz-ddb/notebook/KDAI-Experiments-CodeIE/CodeIE/src/evaluation_nervaluate.py", line 238, in evaluate_with_nervaluate
    evaluator = Evaluator(all_gold_spans, all_pred_spans, tags=entity_types, loader="default")
                ^^^^^^^^^^^^^^^^^^^^^^^^^^^^^^^^^^^^^^^^^^^^^^^^^^^^^^^^^^^^^^^^^^^^^^^^^^^^^^
  File "/home/ann/anaconda3/envs/CodeIE/lib/python3.12/site-packages/nervaluate/evaluator.py", line 36, in __init__
    self._load_data(true, pred, loader)
  File "/home/ann/anaconda3/envs/CodeIE/lib/python3.12/site-packages/nervaluate/evaluator.py", line 59, in _load_data
    if isinstance(true[0][0], dict):
                  ~~~~~~~^^^
IndexError: list index out of range
2026-02-12 09:14:04,157 - ERROR - Failed: qwen2.5-coder_coarse_nl_lexical_substitution - list index out of range
2026-02-12 09:14:04,158 - WARNING - 3 consecutive failures detected. Triggering Ollama recovery...
2026-02-12 09:14:04,159 - INFO - ============================================================
2026-02-12 09:14:04,160 - INFO - CodeIE NER Experiment (Enhanced with Entity Schema)
2026-02-12 09:14:04,160 - INFO - ============================================================
2026-02-12 09:14:04,160 - INFO - Granularity: coarse
2026-02-12 09:14:04,160 - INFO - Style: nl
2026-02-12 09:14:04,160 - INFO - Variation: backtrans_ch
2026-02-12 09:14:04,160 - INFO - Model: qwen2.5-coder:7b
2026-02-12 09:14:04,160 - INFO - ============================================================
2026-02-12 09:14:04,160 - INFO - Using ChatOllama (Chat API) for qwen2.5-coder:7b with timeout=180s
2026-02-12 09:14:04,218 - INFO - Discovered variations: ['default', 'sentence_reordering', 'backtrans_tu', 'backtrans_ch', 'reodering', 'lexical_substitution', 'backtrans_sp']
2026-02-12 09:14:04,218 - INFO - Entity types (8): ['art', 'building', 'event', 'location', 'organization', 'other', 'person', 'product']
2026-02-12 09:14:04,218 - INFO - Loading test data from: /home/ann/fiz-ddb/notebook/KDAI-Experiments-CodeIE/few-nerd_test
2026-02-12 09:14:04,222 - INFO - Loading custom prompt from: /home/ann/fiz-ddb/notebook/KDAI-Experiments-CodeIE/CodeIE/prompts/variations/coarse_nl_1shot/backtrans_ch.txt
2026-02-12 09:14:04,223 - INFO - Base prompt loaded (Length: 2172)
2026-02-12 09:14:04,223 - INFO - Sample base prompt (first 1000 chars):
2026-02-12 09:14:04,223 - INFO - ----------------------------------------
2026-02-12 09:14:04,223 - INFO - You are a named entity recognition (NER) expert system specialized in extracting entities from text.
2026-02-12 09:14:04,223 - INFO - 
2026-02-12 09:14:04,223 - INFO - **Annotation guidelines:**  
2026-02-12 09:14:04,223 - INFO - - **art**: a named work of art, including movies, books, music, paintings, or other creative works.  
2026-02-12 09:14:04,223 - INFO - - **building**: a named structure or building, such as a stadium, museum, or hotel.  
2026-02-12 09:14:04,223 - INFO - - **event**: a named event, such as a war, sports event, festival, or historical event.  
2026-02-12 09:14:04,223 - INFO - - **location**: a geographic location, such as a city, country, continent, region, or landmark.  
2026-02-12 09:14:04,223 - INFO - - **organization**: a named organization, institution, company, or group.  
2026-02-12 09:14:04,223 - INFO - - **other**: other named entities not falling into the above categories.  
2026-02-12 09:14:04,223 - INFO - - **person**: a named individual, including fictional characters, historical figures, celebrities, and ordinary people.  
2026-02-12 09:14:04,223 - INFO - - **product**: a named commercial product, software, vehicle model, or branded item.
2026-02-12 09:14:04,223 - INFO - IMPORTANT: Stick to exactly these entity types, do not create your own ones. 
2026-02-12 09:14:04,223 - INFO - 
2026-02-12 09:14:04,223 - INFO - **Extract named entities according to the following cate
2026-02-12 09:14:04,223 - INFO - ----------------------------------------
2026-02-12 09:14:04,223 - INFO - Processing 3765 test samples...
2026-02-12 09:14:04,303 - INFO - HTTP Request: POST http://localhost:11434/api/chat "HTTP/1.1 200 OK"
Total Progress (Samples):   0%|          | 293/210840 [01:26<10:27:15,  5.59sample/s]2026-02-12 09:14:04,610 - INFO - HTTP Request: POST http://localhost:11434/api/chat "HTTP/1.1 200 OK"
Total Progress (Samples):   0%|          | 294/210840 [01:26<10:58:37,  5.33sample/s]2026-02-12 09:14:04,828 - INFO - HTTP Request: POST http://localhost:11434/api/chat "HTTP/1.1 200 OK"
2026-02-12 09:14:04,874 - INFO - HTTP Request: POST http://localhost:11434/api/chat "HTTP/1.1 200 OK"
Total Progress (Samples):   0%|          | 296/210840 [01:26<9:35:48,  6.09sample/s] 2026-02-12 09:14:05,084 - INFO - HTTP Request: POST http://localhost:11434/api/chat "HTTP/1.1 200 OK"
2026-02-12 09:14:05,124 - INFO - HTTP Request: POST http://localhost:11434/api/chat "HTTP/1.1 200 OK"
Total Progress (Samples):   0%|          | 298/210840 [01:27<10:35:05,  5.53sample/s]2026-02-12 09:14:05,500 - INFO - HTTP Request: POST http://localhost:11434/api/chat "HTTP/1.1 200 OK"
Total Progress (Samples):   0%|          | 299/210840 [01:27<10:53:29,  5.37sample/s]2026-02-12 09:14:05,712 - INFO - HTTP Request: POST http://localhost:11434/api/chat "HTTP/1.1 200 OK"
2026-02-12 09:14:05,734 - INFO - HTTP Request: POST http://localhost:11434/api/chat "HTTP/1.1 200 OK"
Total Progress (Samples):   0%|          | 301/210840 [01:27<9:37:18,  6.08sample/s] 2026-02-12 09:14:05,957 - INFO - HTTP Request: POST http://localhost:11434/api/chat "HTTP/1.1 200 OK"
Total Progress (Samples):   0%|          | 302/210840 [01:28<10:23:15,  5.63sample/s]2026-02-12 09:14:06,197 - INFO - HTTP Request: POST http://localhost:11434/api/chat "HTTP/1.1 200 OK"
Total Progress (Samples):   0%|          | 303/210840 [01:28<10:42:33,  5.46sample/s]2026-02-12 09:14:06,395 - INFO - HTTP Request: POST http://localhost:11434/api/chat "HTTP/1.1 200 OK"
Total Progress (Samples):   0%|          | 304/210840 [01:28<13:01:34,  4.49sample/s]2026-02-12 09:14:06,733 - INFO - HTTP Request: POST http://localhost:11434/api/chat "HTTP/1.1 200 OK"
Total Progress (Samples):   0%|          | 305/210840 [01:28<13:58:05,  4.19sample/s]2026-02-12 09:14:07,020 - INFO - HTTP Request: POST http://localhost:11434/api/chat "HTTP/1.1 200 OK"
2026-02-12 09:14:07,077 - INFO - HTTP Request: POST http://localhost:11434/api/chat "HTTP/1.1 200 OK"
Total Progress (Samples):   0%|          | 307/210840 [01:29<10:48:35,  5.41sample/s]Total Progress (Samples):   0%|          | 308/210840 [01:29<9:53:18,  5.91sample/s] 2026-02-12 09:14:07,258 - INFO - HTTP Request: POST http://localhost:11434/api/chat "HTTP/1.1 200 OK"
2026-02-12 09:14:07,357 - INFO - HTTP Request: POST http://localhost:11434/api/chat "HTTP/1.1 200 OK"
Total Progress (Samples):   0%|          | 309/210840 [01:29<11:05:56,  5.27sample/s]2026-02-12 09:14:07,543 - INFO - Progress: 10/3765 | P: 0.3000 | R: 0.1034 | Micro-F1: 0.1538 | Macro-F1: 0.1508
2026-02-12 09:14:07,620 - INFO - HTTP Request: POST http://localhost:11434/api/chat "HTTP/1.1 200 OK"
2026-02-12 09:14:07,684 - INFO - HTTP Request: POST http://localhost:11434/api/chat "HTTP/1.1 200 OK"
Total Progress (Samples):   0%|          | 311/210840 [01:29<9:43:00,  6.02sample/s] 2026-02-12 09:14:07,872 - INFO - HTTP Request: POST http://localhost:11434/api/chat "HTTP/1.1 200 OK"
Total Progress (Samples):   0%|          | 312/210840 [01:29<10:51:21,  5.39sample/s]2026-02-12 09:14:08,133 - INFO - HTTP Request: POST http://localhost:11434/api/chat "HTTP/1.1 200 OK"
Total Progress (Samples):   0%|          | 313/210840 [01:30<12:20:22,  4.74sample/s]Traceback (most recent call last):
  File "/home/ann/fiz-ddb/notebook/KDAI-Experiments-CodeIE/CodeIE/orchestrator.py", line 303, in run_experiment_task
    metrics = run_experiment(
              ^^^^^^^^^^^^^^^
  File "/home/ann/fiz-ddb/notebook/KDAI-Experiments-CodeIE/CodeIE/run_codeie_experiments.py", line 1028, in run_experiment
    sentence_nervaluate = evaluate_with_nervaluate(
                          ^^^^^^^^^^^^^^^^^^^^^^^^^
  File "/home/ann/fiz-ddb/notebook/KDAI-Experiments-CodeIE/CodeIE/src/evaluation_nervaluate.py", line 238, in evaluate_with_nervaluate
    evaluator = Evaluator(all_gold_spans, all_pred_spans, tags=entity_types, loader="default")
                ^^^^^^^^^^^^^^^^^^^^^^^^^^^^^^^^^^^^^^^^^^^^^^^^^^^^^^^^^^^^^^^^^^^^^^^^^^^^^^
  File "/home/ann/anaconda3/envs/CodeIE/lib/python3.12/site-packages/nervaluate/evaluator.py", line 36, in __init__
    self._load_data(true, pred, loader)
  File "/home/ann/anaconda3/envs/CodeIE/lib/python3.12/site-packages/nervaluate/evaluator.py", line 59, in _load_data
    if isinstance(true[0][0], dict):
                  ~~~~~~~^^^
IndexError: list index out of range
2026-02-12 09:14:08,382 - ERROR - Failed: qwen2.5_coarse_nl_sentence_reordering - list index out of range
2026-02-12 09:14:08,384 - INFO - ============================================================
2026-02-12 09:14:08,384 - INFO - CodeIE NER Experiment (Enhanced with Entity Schema)
2026-02-12 09:14:08,384 - INFO - ============================================================
2026-02-12 09:14:08,384 - INFO - Granularity: coarse
2026-02-12 09:14:08,384 - INFO - Style: nl
2026-02-12 09:14:08,384 - INFO - Variation: backtrans_sp
2026-02-12 09:14:08,384 - INFO - Model: qwen2.5:7b
2026-02-12 09:14:08,384 - INFO - ============================================================
2026-02-12 09:14:08,384 - INFO - Using ChatOllama (Chat API) for qwen2.5:7b with timeout=180s
2026-02-12 09:14:08,431 - INFO - HTTP Request: POST http://localhost:11434/api/chat "HTTP/1.1 200 OK"
2026-02-12 09:14:08,447 - INFO - Discovered variations: ['default', 'sentence_reordering', 'backtrans_tu', 'backtrans_ch', 'reodering', 'lexical_substitution', 'backtrans_sp']
2026-02-12 09:14:08,447 - INFO - Entity types (8): ['art', 'building', 'event', 'location', 'organization', 'other', 'person', 'product']
2026-02-12 09:14:08,447 - INFO - Loading test data from: /home/ann/fiz-ddb/notebook/KDAI-Experiments-CodeIE/few-nerd_test
2026-02-12 09:14:08,452 - INFO - Loading custom prompt from: /home/ann/fiz-ddb/notebook/KDAI-Experiments-CodeIE/CodeIE/prompts/variations/coarse_nl_1shot/backtrans_sp.txt
2026-02-12 09:14:08,452 - INFO - Base prompt loaded (Length: 2174)
2026-02-12 09:14:08,452 - INFO - Sample base prompt (first 1000 chars):
2026-02-12 09:14:08,452 - INFO - ----------------------------------------
2026-02-12 09:14:08,452 - INFO - # Annotation guidelines:
2026-02-12 09:14:08,452 - INFO - # Extract named entities based on the following categories:
2026-02-12 09:14:08,452 - INFO - #
2026-02-12 09:14:08,452 - INFO - # art: A named work of art including films, books, music, paintings, or other creative works.
2026-02-12 09:14:08,452 - INFO - # building: A named structure or building, such as a stadium, museum, or hotel.
2026-02-12 09:14:08,452 - INFO - # event: A named event such as a war, sports event, festival, or historical occurrence.
2026-02-12 09:14:08,452 - INFO - # location: A geographical location such as a city, country, continent, region, or landmark.
2026-02-12 09:14:08,452 - INFO - # organization: A named organization, institution, company, or group.
2026-02-12 09:14:08,452 - INFO - # other: Other named entities that don't fit into the above categories.
2026-02-12 09:14:08,452 - INFO - # person: A named individual, including fictional characters, historical figures, celebrities, and common people.
2026-02-12 09:14:08,452 - INFO - # product: A named commercial product, software, vehicle model, or branded item.
2026-02-12 09:14:08,452 - INFO - IMPORTANT: Stick to exactly these entity types, do not create your own ones. 
2026-02-12 09:14:08,453 - INFO - 
2026-02-12 09:14:08,453 - INFO - Text: "The album was released on March 25, 2008. It was the first new‑material album the group had released since **Good Content** in 1992."
2026-02-12 09:14:08,453 - INFO - N
2026-02-12 09:14:08,453 - INFO - ----------------------------------------
2026-02-12 09:14:08,453 - INFO - Processing 3765 test samples...
2026-02-12 09:14:08,520 - INFO - HTTP Request: POST http://localhost:11434/api/chat "HTTP/1.1 200 OK"
Total Progress (Samples):   0%|          | 315/210840 [01:30<12:07:47,  4.82sample/s]2026-02-12 09:14:08,729 - INFO - Progress: 10/3765 | P: 0.4000 | R: 0.1379 | Micro-F1: 0.2051 | Macro-F1: 0.2165
2026-02-12 09:14:08,832 - INFO - HTTP Request: POST http://localhost:11434/api/chat "HTTP/1.1 200 OK"
2026-02-12 09:14:08,857 - INFO - HTTP Request: POST http://localhost:11434/api/chat "HTTP/1.1 200 OK"
Total Progress (Samples):   0%|          | 317/210840 [01:30<10:43:41,  5.45sample/s]2026-02-12 09:14:09,116 - INFO - HTTP Request: POST http://localhost:11434/api/chat "HTTP/1.1 200 OK"
Total Progress (Samples):   0%|          | 318/210840 [01:31<11:24:24,  5.13sample/s]2026-02-12 09:14:09,348 - INFO - HTTP Request: POST http://localhost:11434/api/chat "HTTP/1.1 200 OK"
Total Progress (Samples):   0%|          | 319/210840 [01:31<12:39:14,  4.62sample/s]2026-02-12 09:14:09,626 - INFO - HTTP Request: POST http://localhost:11434/api/chat "HTTP/1.1 200 OK"
Total Progress (Samples):   0%|          | 320/210840 [01:31<12:29:42,  4.68sample/s]2026-02-12 09:14:09,849 - INFO - HTTP Request: POST http://localhost:11434/api/chat "HTTP/1.1 200 OK"
Total Progress (Samples):   0%|          | 321/210840 [01:31<11:58:45,  4.88sample/s]2026-02-12 09:14:10,029 - INFO - HTTP Request: POST http://localhost:11434/api/chat "HTTP/1.1 200 OK"
2026-02-12 09:14:10,056 - INFO - HTTP Request: POST http://localhost:11434/api/chat "HTTP/1.1 200 OK"
Total Progress (Samples):   0%|          | 323/210840 [01:32<10:11:22,  5.74sample/s]2026-02-12 09:14:10,295 - INFO - HTTP Request: POST http://localhost:11434/api/chat "HTTP/1.1 200 OK"
Total Progress (Samples):   0%|          | 324/210840 [01:32<11:13:04,  5.21sample/s]2026-02-12 09:14:10,539 - INFO - HTTP Request: POST http://localhost:11434/api/chat "HTTP/1.1 200 OK"
2026-02-12 09:14:10,604 - INFO - HTTP Request: POST http://localhost:11434/api/chat "HTTP/1.1 200 OK"
Total Progress (Samples):   0%|          | 326/210840 [01:32<9:52:31,  5.92sample/s] 2026-02-12 09:14:10,811 - INFO - HTTP Request: POST http://localhost:11434/api/chat "HTTP/1.1 200 OK"
Total Progress (Samples):   0%|          | 328/210840 [01:32<8:24:42,  6.95sample/s]2026-02-12 09:14:10,880 - INFO - HTTP Request: POST http://localhost:11434/api/chat "HTTP/1.1 200 OK"
2026-02-12 09:14:11,005 - INFO - HTTP Request: POST http://localhost:11434/api/chat "HTTP/1.1 200 OK"
Total Progress (Samples):   0%|          | 329/210840 [01:33<11:27:36,  5.10sample/s]Total Progress (Samples):   0%|          | 330/210840 [01:33<10:20:25,  5.66sample/s]2026-02-12 09:14:11,408 - INFO - HTTP Request: POST http://localhost:11434/api/chat "HTTP/1.1 200 OK"
2026-02-12 09:14:11,516 - INFO - HTTP Request: POST http://localhost:11434/api/chat "HTTP/1.1 200 OK"
Total Progress (Samples):   0%|          | 331/210840 [01:33<10:11:04,  5.74sample/s]Traceback (most recent call last):
  File "/home/ann/fiz-ddb/notebook/KDAI-Experiments-CodeIE/CodeIE/orchestrator.py", line 303, in run_experiment_task
    metrics = run_experiment(
              ^^^^^^^^^^^^^^^
  File "/home/ann/fiz-ddb/notebook/KDAI-Experiments-CodeIE/CodeIE/run_codeie_experiments.py", line 1028, in run_experiment
    sentence_nervaluate = evaluate_with_nervaluate(
                          ^^^^^^^^^^^^^^^^^^^^^^^^^
  File "/home/ann/fiz-ddb/notebook/KDAI-Experiments-CodeIE/CodeIE/src/evaluation_nervaluate.py", line 238, in evaluate_with_nervaluate
    evaluator = Evaluator(all_gold_spans, all_pred_spans, tags=entity_types, loader="default")
                ^^^^^^^^^^^^^^^^^^^^^^^^^^^^^^^^^^^^^^^^^^^^^^^^^^^^^^^^^^^^^^^^^^^^^^^^^^^^^^
  File "/home/ann/anaconda3/envs/CodeIE/lib/python3.12/site-packages/nervaluate/evaluator.py", line 36, in __init__
    self._load_data(true, pred, loader)
  File "/home/ann/anaconda3/envs/CodeIE/lib/python3.12/site-packages/nervaluate/evaluator.py", line 59, in _load_data
    if isinstance(true[0][0], dict):
                  ~~~~~~~^^^
IndexError: list index out of range
2026-02-12 09:14:11,583 - ERROR - Failed: qwen2.5-coder_coarse_nl_reodering - list index out of range
2026-02-12 09:14:11,585 - INFO - ============================================================
2026-02-12 09:14:11,585 - INFO - CodeIE NER Experiment (Enhanced with Entity Schema)
2026-02-12 09:14:11,586 - INFO - ============================================================
2026-02-12 09:14:11,586 - INFO - Granularity: coarse
2026-02-12 09:14:11,586 - INFO - Style: nl
2026-02-12 09:14:11,586 - INFO - Variation: backtrans_sp
2026-02-12 09:14:11,586 - INFO - Model: qwen2.5-coder:7b
2026-02-12 09:14:11,586 - INFO - ============================================================
2026-02-12 09:14:11,586 - INFO - Using ChatOllama (Chat API) for qwen2.5-coder:7b with timeout=180s
2026-02-12 09:14:11,646 - INFO - Discovered variations: ['default', 'sentence_reordering', 'backtrans_tu', 'backtrans_ch', 'reodering', 'lexical_substitution', 'backtrans_sp']
2026-02-12 09:14:11,646 - INFO - Entity types (8): ['art', 'building', 'event', 'location', 'organization', 'other', 'person', 'product']
2026-02-12 09:14:11,646 - INFO - Loading test data from: /home/ann/fiz-ddb/notebook/KDAI-Experiments-CodeIE/few-nerd_test
2026-02-12 09:14:11,651 - INFO - Loading custom prompt from: /home/ann/fiz-ddb/notebook/KDAI-Experiments-CodeIE/CodeIE/prompts/variations/coarse_nl_1shot/backtrans_sp.txt
2026-02-12 09:14:11,651 - INFO - Base prompt loaded (Length: 2174)
2026-02-12 09:14:11,651 - INFO - Sample base prompt (first 1000 chars):
2026-02-12 09:14:11,651 - INFO - ----------------------------------------
2026-02-12 09:14:11,651 - INFO - # Annotation guidelines:
2026-02-12 09:14:11,651 - INFO - # Extract named entities based on the following categories:
2026-02-12 09:14:11,651 - INFO - #
2026-02-12 09:14:11,651 - INFO - # art: A named work of art including films, books, music, paintings, or other creative works.
2026-02-12 09:14:11,651 - INFO - # building: A named structure or building, such as a stadium, museum, or hotel.
2026-02-12 09:14:11,651 - INFO - # event: A named event such as a war, sports event, festival, or historical occurrence.
2026-02-12 09:14:11,651 - INFO - # location: A geographical location such as a city, country, continent, region, or landmark.
2026-02-12 09:14:11,651 - INFO - # organization: A named organization, institution, company, or group.
2026-02-12 09:14:11,651 - INFO - # other: Other named entities that don't fit into the above categories.
2026-02-12 09:14:11,651 - INFO - # person: A named individual, including fictional characters, historical figures, celebrities, and common people.
2026-02-12 09:14:11,651 - INFO - # product: A named commercial product, software, vehicle model, or branded item.
2026-02-12 09:14:11,651 - INFO - IMPORTANT: Stick to exactly these entity types, do not create your own ones. 
2026-02-12 09:14:11,651 - INFO - 
2026-02-12 09:14:11,651 - INFO - Text: "The album was released on March 25, 2008. It was the first new‑material album the group had released since **Good Content** in 1992."
2026-02-12 09:14:11,651 - INFO - N
2026-02-12 09:14:11,651 - INFO - ----------------------------------------
2026-02-12 09:14:11,651 - INFO - Processing 3765 test samples...
2026-02-12 09:14:11,683 - INFO - HTTP Request: POST http://localhost:11434/api/chat "HTTP/1.1 200 OK"
2026-02-12 09:14:11,719 - INFO - HTTP Request: POST http://localhost:11434/api/chat "HTTP/1.1 200 OK"
Total Progress (Samples):   0%|          | 333/210840 [01:33<9:40:21,  6.05sample/s] 2026-02-12 09:14:11,988 - INFO - HTTP Request: POST http://localhost:11434/api/chat "HTTP/1.1 200 OK"
Total Progress (Samples):   0%|          | 334/210840 [01:34<10:27:48,  5.59sample/s]2026-02-12 09:14:12,215 - INFO - HTTP Request: POST http://localhost:11434/api/chat "HTTP/1.1 200 OK"
Total Progress (Samples):   0%|          | 335/210840 [01:34<10:53:42,  5.37sample/s]2026-02-12 09:14:12,425 - INFO - HTTP Request: POST http://localhost:11434/api/chat "HTTP/1.1 200 OK"
2026-02-12 09:14:12,499 - INFO - HTTP Request: POST http://localhost:11434/api/chat "HTTP/1.1 200 OK"
Total Progress (Samples):   0%|          | 337/210840 [01:34<9:08:51,  6.39sample/s] Traceback (most recent call last):
  File "/home/ann/fiz-ddb/notebook/KDAI-Experiments-CodeIE/CodeIE/orchestrator.py", line 303, in run_experiment_task
    metrics = run_experiment(
              ^^^^^^^^^^^^^^^
  File "/home/ann/fiz-ddb/notebook/KDAI-Experiments-CodeIE/CodeIE/run_codeie_experiments.py", line 1028, in run_experiment
    sentence_nervaluate = evaluate_with_nervaluate(
                          ^^^^^^^^^^^^^^^^^^^^^^^^^
  File "/home/ann/fiz-ddb/notebook/KDAI-Experiments-CodeIE/CodeIE/src/evaluation_nervaluate.py", line 238, in evaluate_with_nervaluate
    evaluator = Evaluator(all_gold_spans, all_pred_spans, tags=entity_types, loader="default")
                ^^^^^^^^^^^^^^^^^^^^^^^^^^^^^^^^^^^^^^^^^^^^^^^^^^^^^^^^^^^^^^^^^^^^^^^^^^^^^^
  File "/home/ann/anaconda3/envs/CodeIE/lib/python3.12/site-packages/nervaluate/evaluator.py", line 36, in __init__
    self._load_data(true, pred, loader)
  File "/home/ann/anaconda3/envs/CodeIE/lib/python3.12/site-packages/nervaluate/evaluator.py", line 59, in _load_data
    if isinstance(true[0][0], dict):
                  ~~~~~~~^^^
IndexError: list index out of range
2026-02-12 09:14:12,512 - ERROR - Failed: qwen2.5-coder_coarse_nl_sentence_reordering - list index out of range
2026-02-12 09:14:12,512 - WARNING - 3 consecutive failures detected. Triggering Ollama recovery...
2026-02-12 09:14:12,513 - INFO - ============================================================
2026-02-12 09:14:12,513 - INFO - CodeIE NER Experiment (Enhanced with Entity Schema)
2026-02-12 09:14:12,514 - INFO - ============================================================
2026-02-12 09:14:12,514 - INFO - Granularity: coarse
2026-02-12 09:14:12,514 - INFO - Style: nl
2026-02-12 09:14:12,514 - INFO - Variation: backtrans_tu
2026-02-12 09:14:12,514 - INFO - Model: qwen2.5:7b
2026-02-12 09:14:12,514 - INFO - ============================================================
2026-02-12 09:14:12,514 - INFO - Using ChatOllama (Chat API) for qwen2.5:7b with timeout=180s
2026-02-12 09:14:12,577 - INFO - Discovered variations: ['default', 'sentence_reordering', 'backtrans_tu', 'backtrans_ch', 'reodering', 'lexical_substitution', 'backtrans_sp']
2026-02-12 09:14:12,577 - INFO - Entity types (8): ['art', 'building', 'event', 'location', 'organization', 'other', 'person', 'product']
2026-02-12 09:14:12,577 - INFO - Loading test data from: /home/ann/fiz-ddb/notebook/KDAI-Experiments-CodeIE/few-nerd_test
2026-02-12 09:14:12,581 - INFO - Loading custom prompt from: /home/ann/fiz-ddb/notebook/KDAI-Experiments-CodeIE/CodeIE/prompts/variations/coarse_nl_1shot/backtrans_tu.txt
2026-02-12 09:14:12,581 - INFO - Base prompt loaded (Length: 2422)
2026-02-12 09:14:12,581 - INFO - Sample base prompt (first 1000 chars):
2026-02-12 09:14:12,581 - INFO - ----------------------------------------
2026-02-12 09:14:12,581 - INFO - # You are a Named Entity Recognition (NER) system specialized in extracting entities from text.
2026-02-12 09:14:12,581 - INFO - 
2026-02-12 09:14:12,581 - INFO - # Description Guidelines:
2026-02-12 09:14:12,581 - INFO - # Extract named entities according to the following categories:
2026-02-12 09:14:12,581 - INFO - 
2026-02-12 09:14:12,581 - INFO - # * art: A named artistic work such as a film, book, music, painting, or other creative piece.
2026-02-12 09:14:12,581 - INFO - # * building: A named structure or building such as a stadium, museum, or hotel.
2026-02-12 09:14:12,581 - INFO - # * event: A named event such as a war, sports event, festival, or historical event.
2026-02-12 09:14:12,581 - INFO - # * location: A geographic location such as a city, country, continent, region, or monument.
2026-02-12 09:14:12,581 - INFO - # * organization: A named organization, institution, company, or group.
2026-02-12 09:14:12,581 - INFO - # * other: Named entities that do not fit the categories above.
2026-02-12 09:14:12,581 - INFO - # * person: A named individual such as fictional characters, historical figures, celebrities, or ordinary people.
2026-02-12 09:14:12,581 - INFO - # * product: A named commercial product, software, vehicle model, or branded item.
2026-02-12 09:14:12,581 - INFO - IMPORTANT: Stick to exactly these entity types, do not create your own ones. 
2026-02-12 09:14:12,581 - INFO - 
2026-02-12 09:14:12,581 - INFO - # The text is as follows: The album was releas
2026-02-12 09:14:12,581 - INFO - ----------------------------------------
2026-02-12 09:14:12,581 - INFO - Processing 3765 test samples...
2026-02-12 09:14:12,652 - INFO - HTTP Request: POST http://localhost:11434/api/chat "HTTP/1.1 200 OK"
2026-02-12 09:14:12,739 - INFO - HTTP Request: POST http://localhost:11434/api/chat "HTTP/1.1 200 OK"
Total Progress (Samples):   0%|          | 339/210840 [01:35<12:08:15,  4.82sample/s]2026-02-12 09:14:13,099 - INFO - Progress: 10/3765 | P: 0.3077 | R: 0.1379 | Micro-F1: 0.1905 | Macro-F1: 0.1342
Total Progress (Samples):   0%|          | 340/210840 [01:35<11:11:45,  5.22sample/s]2026-02-12 09:14:13,231 - INFO - Progress: 10/3765 | P: 0.3333 | R: 0.1724 | Micro-F1: 0.2273 | Macro-F1: 0.1837
2026-02-12 09:14:13,244 - INFO - HTTP Request: POST http://localhost:11434/api/chat "HTTP/1.1 200 OK"
2026-02-12 09:14:13,386 - INFO - HTTP Request: POST http://localhost:11434/api/chat "HTTP/1.1 200 OK"
2026-02-12 09:14:13,453 - INFO - HTTP Request: POST http://localhost:11434/api/chat "HTTP/1.1 200 OK"
Total Progress (Samples):   0%|          | 342/210840 [01:35<10:35:27,  5.52sample/s]2026-02-12 09:14:13,703 - INFO - HTTP Request: POST http://localhost:11434/api/chat "HTTP/1.1 200 OK"
Total Progress (Samples):   0%|          | 343/210840 [01:35<10:51:41,  5.38sample/s]2026-02-12 09:14:13,894 - INFO - HTTP Request: POST http://localhost:11434/api/chat "HTTP/1.1 200 OK"
2026-02-12 09:14:13,941 - INFO - HTTP Request: POST http://localhost:11434/api/chat "HTTP/1.1 200 OK"
Total Progress (Samples):   0%|          | 345/210840 [01:35<9:17:07,  6.30sample/s] 2026-02-12 09:14:14,134 - INFO - HTTP Request: POST http://localhost:11434/api/chat "HTTP/1.1 200 OK"
Total Progress (Samples):   0%|          | 346/210840 [01:36<10:10:07,  5.75sample/s]2026-02-12 09:14:14,351 - INFO - HTTP Request: POST http://localhost:11434/api/chat "HTTP/1.1 200 OK"
Total Progress (Samples):   0%|          | 347/210840 [01:36<10:46:05,  5.43sample/s]2026-02-12 09:14:14,572 - INFO - HTTP Request: POST http://localhost:11434/api/chat "HTTP/1.1 200 OK"
Total Progress (Samples):   0%|          | 348/210840 [01:36<11:07:21,  5.26sample/s]2026-02-12 09:14:14,786 - INFO - HTTP Request: POST http://localhost:11434/api/chat "HTTP/1.1 200 OK"
2026-02-12 09:14:14,791 - INFO - HTTP Request: POST http://localhost:11434/api/chat "HTTP/1.1 200 OK"
Total Progress (Samples):   0%|          | 350/210840 [01:36<10:12:43,  5.73sample/s]2026-02-12 09:14:15,086 - INFO - HTTP Request: POST http://localhost:11434/api/chat "HTTP/1.1 200 OK"
Total Progress (Samples):   0%|          | 351/210840 [01:37<10:43:20,  5.45sample/s]2026-02-12 09:14:15,295 - INFO - HTTP Request: POST http://localhost:11434/api/chat "HTTP/1.1 200 OK"
Total Progress (Samples):   0%|          | 352/210840 [01:37<11:08:09,  5.25sample/s]Traceback (most recent call last):
  File "/home/ann/fiz-ddb/notebook/KDAI-Experiments-CodeIE/CodeIE/orchestrator.py", line 303, in run_experiment_task
    metrics = run_experiment(
              ^^^^^^^^^^^^^^^
  File "/home/ann/fiz-ddb/notebook/KDAI-Experiments-CodeIE/CodeIE/run_codeie_experiments.py", line 1028, in run_experiment
    sentence_nervaluate = evaluate_with_nervaluate(
                          ^^^^^^^^^^^^^^^^^^^^^^^^^
  File "/home/ann/fiz-ddb/notebook/KDAI-Experiments-CodeIE/CodeIE/src/evaluation_nervaluate.py", line 238, in evaluate_with_nervaluate
    evaluator = Evaluator(all_gold_spans, all_pred_spans, tags=entity_types, loader="default")
                ^^^^^^^^^^^^^^^^^^^^^^^^^^^^^^^^^^^^^^^^^^^^^^^^^^^^^^^^^^^^^^^^^^^^^^^^^^^^^^
  File "/home/ann/anaconda3/envs/CodeIE/lib/python3.12/site-packages/nervaluate/evaluator.py", line 36, in __init__
    self._load_data(true, pred, loader)
  File "/home/ann/anaconda3/envs/CodeIE/lib/python3.12/site-packages/nervaluate/evaluator.py", line 59, in _load_data
    if isinstance(true[0][0], dict):
                  ~~~~~~~^^^
IndexError: list index out of range
2026-02-12 09:14:15,411 - ERROR - Failed: qwen2.5-coder_coarse_nl_backtrans_ch - list index out of range
2026-02-12 09:14:15,413 - INFO - ============================================================
2026-02-12 09:14:15,413 - INFO - CodeIE NER Experiment (Enhanced with Entity Schema)
2026-02-12 09:14:15,413 - INFO - ============================================================
2026-02-12 09:14:15,413 - INFO - Granularity: coarse
2026-02-12 09:14:15,413 - INFO - Style: nl
2026-02-12 09:14:15,413 - INFO - Variation: backtrans_tu
2026-02-12 09:14:15,413 - INFO - Model: qwen2.5-coder:7b
2026-02-12 09:14:15,413 - INFO - ============================================================
2026-02-12 09:14:15,413 - INFO - Using ChatOllama (Chat API) for qwen2.5-coder:7b with timeout=180s
2026-02-12 09:14:15,471 - INFO - Discovered variations: ['default', 'sentence_reordering', 'backtrans_tu', 'backtrans_ch', 'reodering', 'lexical_substitution', 'backtrans_sp']
2026-02-12 09:14:15,471 - INFO - Entity types (8): ['art', 'building', 'event', 'location', 'organization', 'other', 'person', 'product']
2026-02-12 09:14:15,471 - INFO - Loading test data from: /home/ann/fiz-ddb/notebook/KDAI-Experiments-CodeIE/few-nerd_test
2026-02-12 09:14:15,476 - INFO - Loading custom prompt from: /home/ann/fiz-ddb/notebook/KDAI-Experiments-CodeIE/CodeIE/prompts/variations/coarse_nl_1shot/backtrans_tu.txt
2026-02-12 09:14:15,476 - INFO - Base prompt loaded (Length: 2422)
2026-02-12 09:14:15,476 - INFO - Sample base prompt (first 1000 chars):
2026-02-12 09:14:15,476 - INFO - ----------------------------------------
2026-02-12 09:14:15,476 - INFO - # You are a Named Entity Recognition (NER) system specialized in extracting entities from text.
2026-02-12 09:14:15,476 - INFO - 
2026-02-12 09:14:15,476 - INFO - # Description Guidelines:
2026-02-12 09:14:15,476 - INFO - # Extract named entities according to the following categories:
2026-02-12 09:14:15,476 - INFO - 
2026-02-12 09:14:15,476 - INFO - # * art: A named artistic work such as a film, book, music, painting, or other creative piece.
2026-02-12 09:14:15,476 - INFO - # * building: A named structure or building such as a stadium, museum, or hotel.
2026-02-12 09:14:15,476 - INFO - # * event: A named event such as a war, sports event, festival, or historical event.
2026-02-12 09:14:15,476 - INFO - # * location: A geographic location such as a city, country, continent, region, or monument.
2026-02-12 09:14:15,476 - INFO - # * organization: A named organization, institution, company, or group.
2026-02-12 09:14:15,476 - INFO - # * other: Named entities that do not fit the categories above.
2026-02-12 09:14:15,476 - INFO - # * person: A named individual such as fictional characters, historical figures, celebrities, or ordinary people.
2026-02-12 09:14:15,476 - INFO - # * product: A named commercial product, software, vehicle model, or branded item.
2026-02-12 09:14:15,476 - INFO - IMPORTANT: Stick to exactly these entity types, do not create your own ones. 
2026-02-12 09:14:15,476 - INFO - 
2026-02-12 09:14:15,476 - INFO - # The text is as follows: The album was releas
2026-02-12 09:14:15,476 - INFO - ----------------------------------------
2026-02-12 09:14:15,476 - INFO - Processing 3765 test samples...
2026-02-12 09:14:15,532 - INFO - HTTP Request: POST http://localhost:11434/api/chat "HTTP/1.1 200 OK"
2026-02-12 09:14:15,554 - INFO - HTTP Request: POST http://localhost:11434/api/chat "HTTP/1.1 200 OK"
Total Progress (Samples):   0%|          | 354/210840 [01:37<9:22:58,  6.23sample/s] 2026-02-12 09:14:15,758 - INFO - HTTP Request: POST http://localhost:11434/api/chat "HTTP/1.1 200 OK"
2026-02-12 09:14:15,793 - INFO - HTTP Request: POST http://localhost:11434/api/chat "HTTP/1.1 200 OK"
Total Progress (Samples):   0%|          | 356/210840 [01:37<9:04:25,  6.44sample/s]Total Progress (Samples):   0%|          | 357/210840 [01:38<8:42:12,  6.72sample/s]2026-02-12 09:14:16,042 - INFO - HTTP Request: POST http://localhost:11434/api/chat "HTTP/1.1 200 OK"
2026-02-12 09:14:16,173 - INFO - HTTP Request: POST http://localhost:11434/api/chat "HTTP/1.1 200 OK"
Total Progress (Samples):   0%|          | 358/210840 [01:38<11:39:25,  5.02sample/s]2026-02-12 09:14:16,554 - INFO - HTTP Request: POST http://localhost:11434/api/chat "HTTP/1.1 200 OK"
Total Progress (Samples):   0%|          | 359/210840 [01:38<11:55:15,  4.90sample/s]2026-02-12 09:14:16,765 - INFO - HTTP Request: POST http://localhost:11434/api/chat "HTTP/1.1 200 OK"
2026-02-12 09:14:16,820 - INFO - HTTP Request: POST http://localhost:11434/api/chat "HTTP/1.1 200 OK"
Total Progress (Samples):   0%|          | 361/210840 [01:38<10:23:25,  5.63sample/s]2026-02-12 09:14:17,032 - INFO - HTTP Request: POST http://localhost:11434/api/chat "HTTP/1.1 200 OK"
Total Progress (Samples):   0%|          | 362/210840 [01:39<10:36:14,  5.51sample/s]2026-02-12 09:14:17,243 - INFO - HTTP Request: POST http://localhost:11434/api/chat "HTTP/1.1 200 OK"
Total Progress (Samples):   0%|          | 363/210840 [01:39<11:01:47,  5.30sample/s]2026-02-12 09:14:17,448 - INFO - HTTP Request: POST http://localhost:11434/api/chat "HTTP/1.1 200 OK"
2026-02-12 09:14:17,478 - INFO - HTTP Request: POST http://localhost:11434/api/chat "HTTP/1.1 200 OK"
Total Progress (Samples):   0%|          | 365/210840 [01:39<9:24:04,  6.22sample/s] 2026-02-12 09:14:17,545 - INFO - Progress: 10/3765 | P: 0.3000 | R: 0.1034 | Micro-F1: 0.1538 | Macro-F1: 0.1837
2026-02-12 09:14:17,693 - INFO - HTTP Request: POST http://localhost:11434/api/chat "HTTP/1.1 200 OK"
Total Progress (Samples):   0%|          | 366/210840 [01:39<10:27:08,  5.59sample/s]2026-02-12 09:14:17,918 - INFO - HTTP Request: POST http://localhost:11434/api/chat "HTTP/1.1 200 OK"
Total Progress (Samples):   0%|          | 367/210840 [01:40<12:16:07,  4.77sample/s]2026-02-12 09:14:18,239 - INFO - HTTP Request: POST http://localhost:11434/api/chat "HTTP/1.1 200 OK"
Total Progress (Samples):   0%|          | 368/210840 [01:40<12:48:46,  4.56sample/s]2026-02-12 09:14:18,473 - INFO - HTTP Request: POST http://localhost:11434/api/chat "HTTP/1.1 200 OK"
Total Progress (Samples):   0%|          | 369/210840 [01:40<13:01:57,  4.49sample/s]2026-02-12 09:14:18,715 - INFO - HTTP Request: POST http://localhost:11434/api/chat "HTTP/1.1 200 OK"
2026-02-12 09:14:18,733 - INFO - HTTP Request: POST http://localhost:11434/api/chat "HTTP/1.1 200 OK"
Total Progress (Samples):   0%|          | 371/210840 [01:40<10:13:22,  5.72sample/s]Total Progress (Samples):   0%|          | 372/210840 [01:40<9:19:45,  6.27sample/s] 2026-02-12 09:14:18,932 - INFO - HTTP Request: POST http://localhost:11434/api/chat "HTTP/1.1 200 OK"
2026-02-12 09:14:19,047 - INFO - HTTP Request: POST http://localhost:11434/api/chat "HTTP/1.1 200 OK"
2026-02-12 09:14:19,142 - INFO - HTTP Request: POST http://localhost:11434/api/chat "HTTP/1.1 200 OK"
Total Progress (Samples):   0%|          | 374/210840 [01:41<9:49:38,  5.95sample/s]2026-02-12 09:14:19,404 - INFO - HTTP Request: POST http://localhost:11434/api/chat "HTTP/1.1 200 OK"
Total Progress (Samples):   0%|          | 375/210840 [01:41<10:20:38,  5.65sample/s]2026-02-12 09:14:19,614 - INFO - HTTP Request: POST http://localhost:11434/api/chat "HTTP/1.1 200 OK"
2026-02-12 09:14:19,708 - INFO - HTTP Request: POST http://localhost:11434/api/chat "HTTP/1.1 200 OK"
Total Progress (Samples):   0%|          | 377/210840 [01:41<9:42:26,  6.02sample/s] 