2026-02-12 08:58:18,420 - INFO - Orchestrator initialized with config: /home/ann/fiz-ddb/notebook/KDAI-Experiments-CodeIE/CodeIE/config/experiment_config.yaml
2026-02-12 08:58:18,420 - INFO - GPU count: 2
2026-02-12 08:58:18,420 - INFO - Auto-calculated max_workers=6 based on model sizes: ['qwen2.5:7b', 'qwen2.5-coder:7b']
2026-02-12 08:58:18,420 - INFO - 
############################################################
2026-02-12 08:58:18,420 - INFO - # CodeIE Experiment Orchestrator
2026-02-12 08:58:18,420 - INFO - # One-Stop Shop Pipeline (Parallel Execution)
2026-02-12 08:58:18,420 - INFO - # GPU Count: 2 | Max Workers: 6
2026-02-12 08:58:18,420 - INFO - ############################################################
2026-02-12 08:58:18,420 - INFO - 
[Step 1/3] Skipping variation check
2026-02-12 08:58:18,420 - INFO - 
[Step 2/3] Generating experiment matrix...
2026-02-12 08:58:18,421 - INFO - Generated 56 experiment runs
2026-02-12 08:58:18,421 - INFO -   Total experiments: 56
2026-02-12 08:58:18,421 - INFO - 
[OLLAMA SETUP] Initializing Ollama with auto-recovery...
2026-02-12 08:58:18,427 - INFO - Pre-loading model: qwen2.5-coder:7b
2026-02-12 08:58:18,717 - INFO - Model qwen2.5-coder:7b pre-loaded successfully
2026-02-12 08:58:18,717 - INFO - Pre-loading model: qwen2.5:7b
2026-02-12 08:58:19,047 - INFO - Model qwen2.5:7b pre-loaded successfully
2026-02-12 08:58:19,048 - INFO -   Ollama ready with models: ['qwen2.5-coder:7b', 'qwen2.5:7b']
2026-02-12 08:58:19,048 - INFO -   Auto-calculated workers: 6 (based on model size)
2026-02-12 08:58:19,048 - WARNING - Dataset path not found: /home/ann/fiz-ddb/notebook/KDAI-Experiments-CodeIE/few-nerd_test
2026-02-12 08:58:19,048 - INFO -   Estimated samples per run: 3765 (max_samples=3765)
2026-02-12 08:58:19,048 - INFO -   Estimated total samples: 210840
2026-02-12 08:58:19,048 - INFO - 
[Step 3/3] Running experiments (Parallel workers: 6)...
2026-02-12 08:58:19,079 - WARNING - Dataset path not found: /home/ann/fiz-ddb/notebook/KDAI-Experiments-CodeIE/few-nerd_test
Total Progress (Samples):   0%|          | 0/210840 [00:00<?, ?sample/s]2026-02-12 08:58:19,141 - INFO - ============================================================
2026-02-12 08:58:19,141 - INFO - CodeIE NER Experiment (Enhanced with Entity Schema)
2026-02-12 08:58:19,141 - INFO - ============================================================
2026-02-12 08:58:19,141 - INFO - Granularity: coarse
2026-02-12 08:58:19,141 - INFO - Style: pl
2026-02-12 08:58:19,141 - INFO - Variation: v0_original
2026-02-12 08:58:19,141 - INFO - Model: qwen2.5:7b
2026-02-12 08:58:19,141 - INFO - ============================================================
2026-02-12 08:58:19,141 - INFO - Using ChatOllama (Chat API) for qwen2.5:7b with timeout=180s
2026-02-12 08:58:19,141 - INFO - ============================================================
2026-02-12 08:58:19,141 - INFO - CodeIE NER Experiment (Enhanced with Entity Schema)
2026-02-12 08:58:19,141 - INFO - ============================================================
2026-02-12 08:58:19,141 - INFO - Granularity: coarse
2026-02-12 08:58:19,141 - INFO - Style: pl
2026-02-12 08:58:19,141 - INFO - Variation: v0_original
2026-02-12 08:58:19,141 - INFO - Model: qwen2.5-coder:7b
2026-02-12 08:58:19,142 - INFO - ============================================================
2026-02-12 08:58:19,142 - INFO - Using ChatOllama (Chat API) for qwen2.5-coder:7b with timeout=180s
2026-02-12 08:58:19,142 - INFO - ============================================================
2026-02-12 08:58:19,142 - INFO - CodeIE NER Experiment (Enhanced with Entity Schema)
2026-02-12 08:58:19,142 - INFO - ============================================================
2026-02-12 08:58:19,142 - INFO - Granularity: coarse
2026-02-12 08:58:19,142 - INFO - Style: pl
2026-02-12 08:58:19,142 - INFO - Variation: reodering
2026-02-12 08:58:19,142 - INFO - Model: qwen2.5:7b
2026-02-12 08:58:19,142 - INFO - ============================================================
2026-02-12 08:58:19,142 - INFO - ============================================================
2026-02-12 08:58:19,142 - INFO - ============================================================
2026-02-12 08:58:19,142 - INFO - CodeIE NER Experiment (Enhanced with Entity Schema)
2026-02-12 08:58:19,142 - INFO - CodeIE NER Experiment (Enhanced with Entity Schema)
2026-02-12 08:58:19,142 - INFO - Using ChatOllama (Chat API) for qwen2.5:7b with timeout=180s
2026-02-12 08:58:19,142 - INFO - ============================================================
2026-02-12 08:58:19,142 - INFO - ============================================================
2026-02-12 08:58:19,143 - INFO - Granularity: coarse
2026-02-12 08:58:19,143 - INFO - Granularity: coarse
2026-02-12 08:58:19,143 - INFO - Style: pl
2026-02-12 08:58:19,143 - INFO - Style: pl
2026-02-12 08:58:19,143 - INFO - Variation: reodering
2026-02-12 08:58:19,143 - INFO - Variation: lexical_substitution
2026-02-12 08:58:19,143 - INFO - Model: qwen2.5-coder:7b
2026-02-12 08:58:19,143 - INFO - Model: qwen2.5:7b
2026-02-12 08:58:19,143 - INFO - ============================================================
2026-02-12 08:58:19,143 - INFO - ============================================================
2026-02-12 08:58:19,143 - INFO - Using ChatOllama (Chat API) for qwen2.5:7b with timeout=180s
2026-02-12 08:58:19,143 - INFO - Using ChatOllama (Chat API) for qwen2.5-coder:7b with timeout=180s
2026-02-12 08:58:19,143 - INFO - ============================================================
2026-02-12 08:58:19,143 - INFO - CodeIE NER Experiment (Enhanced with Entity Schema)
2026-02-12 08:58:19,143 - INFO - ============================================================
2026-02-12 08:58:19,143 - INFO - Granularity: coarse
2026-02-12 08:58:19,143 - INFO - Style: pl
2026-02-12 08:58:19,143 - INFO - Variation: lexical_substitution
2026-02-12 08:58:19,143 - INFO - Model: qwen2.5-coder:7b
2026-02-12 08:58:19,143 - INFO - ============================================================
2026-02-12 08:58:19,143 - INFO - Using ChatOllama (Chat API) for qwen2.5-coder:7b with timeout=180s
2026-02-12 08:58:19,195 - INFO - Discovered variations: ['default', 'sentence_reordering', 'backtrans_tu', 'backtrans_ch', 'reodering', 'lexical_substitution', 'backtrans_sp']
2026-02-12 08:58:19,195 - INFO - Entity types (8): ['art', 'building', 'event', 'location', 'organization', 'other', 'person', 'product']
2026-02-12 08:58:19,195 - INFO - Loading test data from: /home/ann/fiz-ddb/notebook/KDAI-Experiments-CodeIE/few-nerd_test
2026-02-12 08:58:19,196 - INFO - Discovered variations: ['default', 'sentence_reordering', 'backtrans_tu', 'backtrans_ch', 'reodering', 'lexical_substitution', 'backtrans_sp']
2026-02-12 08:58:19,196 - INFO - Discovered variations: ['default', 'sentence_reordering', 'backtrans_tu', 'backtrans_ch', 'reodering', 'lexical_substitution', 'backtrans_sp']
2026-02-12 08:58:19,196 - INFO - Discovered variations: ['default', 'sentence_reordering', 'backtrans_tu', 'backtrans_ch', 'reodering', 'lexical_substitution', 'backtrans_sp']
2026-02-12 08:58:19,196 - INFO - Entity types (8): ['art', 'building', 'event', 'location', 'organization', 'other', 'person', 'product']
2026-02-12 08:58:19,196 - INFO - Entity types (8): ['art', 'building', 'event', 'location', 'organization', 'other', 'person', 'product']
2026-02-12 08:58:19,196 - INFO - Entity types (8): ['art', 'building', 'event', 'location', 'organization', 'other', 'person', 'product']
2026-02-12 08:58:19,196 - INFO - Loading test data from: /home/ann/fiz-ddb/notebook/KDAI-Experiments-CodeIE/few-nerd_test
2026-02-12 08:58:19,196 - INFO - Loading test data from: /home/ann/fiz-ddb/notebook/KDAI-Experiments-CodeIE/few-nerd_test
2026-02-12 08:58:19,196 - INFO - Loading test data from: /home/ann/fiz-ddb/notebook/KDAI-Experiments-CodeIE/few-nerd_test
2026-02-12 08:58:19,198 - INFO - Discovered variations: ['default', 'sentence_reordering', 'backtrans_tu', 'backtrans_ch', 'reodering', 'lexical_substitution', 'backtrans_sp']
2026-02-12 08:58:19,198 - INFO - Entity types (8): ['art', 'building', 'event', 'location', 'organization', 'other', 'person', 'product']
2026-02-12 08:58:19,198 - INFO - Loading test data from: /home/ann/fiz-ddb/notebook/KDAI-Experiments-CodeIE/few-nerd_test
Traceback (most recent call last):
  File "/home/ann/fiz-ddb/notebook/KDAI-Experiments-CodeIE/CodeIE/orchestrator.py", line 303, in run_experiment_task
    metrics = run_experiment(
              ^^^^^^^^^^^^^^^
  File "/home/ann/fiz-ddb/notebook/KDAI-Experiments-CodeIE/CodeIE/run_codeie_experiments.py", line 834, in run_experiment
    ds_test = load_from_disk(test_path)
              ^^^^^^^^^^^^^^^^^^^^^^^^^
  File "/home/ann/anaconda3/envs/CodeIE/lib/python3.12/site-packages/datasets/load.py", line 1562, in load_from_disk
    raise FileNotFoundError(f"Directory {dataset_path} not found")
FileNotFoundError: Directory /home/ann/fiz-ddb/notebook/KDAI-Experiments-CodeIE/few-nerd_test not found
2026-02-12 08:58:19,202 - INFO - Discovered variations: ['default', 'sentence_reordering', 'backtrans_tu', 'backtrans_ch', 'reodering', 'lexical_substitution', 'backtrans_sp']
2026-02-12 08:58:19,203 - INFO - Entity types (8): ['art', 'building', 'event', 'location', 'organization', 'other', 'person', 'product']
2026-02-12 08:58:19,203 - INFO - Loading test data from: /home/ann/fiz-ddb/notebook/KDAI-Experiments-CodeIE/few-nerd_test
2026-02-12 08:58:19,203 - ERROR - Failed: qwen2.5_coarse_pl_base - Directory /home/ann/fiz-ddb/notebook/KDAI-Experiments-CodeIE/few-nerd_test not found
Traceback (most recent call last):
Traceback (most recent call last):
Traceback (most recent call last):
  File "/home/ann/fiz-ddb/notebook/KDAI-Experiments-CodeIE/CodeIE/orchestrator.py", line 303, in run_experiment_task
    metrics = run_experiment(
              ^^^^^^^^^^^^^^^
  File "/home/ann/fiz-ddb/notebook/KDAI-Experiments-CodeIE/CodeIE/run_codeie_experiments.py", line 834, in run_experiment
    ds_test = load_from_disk(test_path)
              ^^^^^^^^^^^^^^^^^^^^^^^^^
  File "/home/ann/anaconda3/envs/CodeIE/lib/python3.12/site-packages/datasets/load.py", line 1562, in load_from_disk
    raise FileNotFoundError(f"Directory {dataset_path} not found")
FileNotFoundError: Directory /home/ann/fiz-ddb/notebook/KDAI-Experiments-CodeIE/few-nerd_test not found
2026-02-12 08:58:19,204 - INFO - ============================================================
2026-02-12 08:58:19,204 - INFO - CodeIE NER Experiment (Enhanced with Entity Schema)
2026-02-12 08:58:19,204 - INFO - ============================================================
2026-02-12 08:58:19,204 - INFO - Granularity: coarse
  File "/home/ann/fiz-ddb/notebook/KDAI-Experiments-CodeIE/CodeIE/orchestrator.py", line 303, in run_experiment_task
    metrics = run_experiment(
              ^^^^^^^^^^^^^^^
2026-02-12 08:58:19,204 - INFO - Style: pl
  File "/home/ann/fiz-ddb/notebook/KDAI-Experiments-CodeIE/CodeIE/run_codeie_experiments.py", line 834, in run_experiment
    ds_test = load_from_disk(test_path)
              ^^^^^^^^^^^^^^^^^^^^^^^^^
  File "/home/ann/anaconda3/envs/CodeIE/lib/python3.12/site-packages/datasets/load.py", line 1562, in load_from_disk
    raise FileNotFoundError(f"Directory {dataset_path} not found")
2026-02-12 08:58:19,204 - INFO - Variation: sentence_reordering
FileNotFoundError: Directory /home/ann/fiz-ddb/notebook/KDAI-Experiments-CodeIE/few-nerd_test not found
2026-02-12 08:58:19,204 - INFO - Model: qwen2.5:7b
2026-02-12 08:58:19,204 - INFO - ============================================================
  File "/home/ann/fiz-ddb/notebook/KDAI-Experiments-CodeIE/CodeIE/orchestrator.py", line 303, in run_experiment_task
    metrics = run_experiment(
              ^^^^^^^^^^^^^^^
  File "/home/ann/fiz-ddb/notebook/KDAI-Experiments-CodeIE/CodeIE/run_codeie_experiments.py", line 834, in run_experiment
    ds_test = load_from_disk(test_path)
              ^^^^^^^^^^^^^^^^^^^^^^^^^
  File "/home/ann/anaconda3/envs/CodeIE/lib/python3.12/site-packages/datasets/load.py", line 1562, in load_from_disk
    raise FileNotFoundError(f"Directory {dataset_path} not found")
2026-02-12 08:58:19,204 - INFO - Using ChatOllama (Chat API) for qwen2.5:7b with timeout=180s
FileNotFoundError: Directory /home/ann/fiz-ddb/notebook/KDAI-Experiments-CodeIE/few-nerd_test not found
Traceback (most recent call last):
  File "/home/ann/fiz-ddb/notebook/KDAI-Experiments-CodeIE/CodeIE/orchestrator.py", line 303, in run_experiment_task
    metrics = run_experiment(
              ^^^^^^^^^^^^^^^
  File "/home/ann/fiz-ddb/notebook/KDAI-Experiments-CodeIE/CodeIE/run_codeie_experiments.py", line 834, in run_experiment
    ds_test = load_from_disk(test_path)
              ^^^^^^^^^^^^^^^^^^^^^^^^^
  File "/home/ann/anaconda3/envs/CodeIE/lib/python3.12/site-packages/datasets/load.py", line 1562, in load_from_disk
    raise FileNotFoundError(f"Directory {dataset_path} not found")
FileNotFoundError: Directory /home/ann/fiz-ddb/notebook/KDAI-Experiments-CodeIE/few-nerd_test not found
Traceback (most recent call last):
  File "/home/ann/fiz-ddb/notebook/KDAI-Experiments-CodeIE/CodeIE/orchestrator.py", line 303, in run_experiment_task
    metrics = run_experiment(
              ^^^^^^^^^^^^^^^
  File "/home/ann/fiz-ddb/notebook/KDAI-Experiments-CodeIE/CodeIE/run_codeie_experiments.py", line 834, in run_experiment
    ds_test = load_from_disk(test_path)
              ^^^^^^^^^^^^^^^^^^^^^^^^^
  File "/home/ann/anaconda3/envs/CodeIE/lib/python3.12/site-packages/datasets/load.py", line 1562, in load_from_disk
    raise FileNotFoundError(f"Directory {dataset_path} not found")
FileNotFoundError: Directory /home/ann/fiz-ddb/notebook/KDAI-Experiments-CodeIE/few-nerd_test not found
2026-02-12 08:58:19,206 - ERROR - Failed: qwen2.5-coder_coarse_pl_base - Directory /home/ann/fiz-ddb/notebook/KDAI-Experiments-CodeIE/few-nerd_test not found
2026-02-12 08:58:19,206 - ERROR - Failed: qwen2.5_coarse_pl_lexical_substitution - Directory /home/ann/fiz-ddb/notebook/KDAI-Experiments-CodeIE/few-nerd_test not found
2026-02-12 08:58:19,206 - WARNING - 3 consecutive failures detected. Triggering Ollama recovery...
2026-02-12 08:58:19,208 - INFO - ============================================================
2026-02-12 08:58:19,208 - INFO - CodeIE NER Experiment (Enhanced with Entity Schema)
2026-02-12 08:58:19,208 - INFO - ============================================================
2026-02-12 08:58:19,208 - INFO - Granularity: coarse
2026-02-12 08:58:19,208 - INFO - Style: pl
2026-02-12 08:58:19,208 - INFO - Variation: sentence_reordering
2026-02-12 08:58:19,208 - INFO - Model: qwen2.5-coder:7b
2026-02-12 08:58:19,208 - INFO - ============================================================
2026-02-12 08:58:19,208 - INFO - Using ChatOllama (Chat API) for qwen2.5-coder:7b with timeout=180s
2026-02-12 08:58:19,209 - INFO - ============================================================
2026-02-12 08:58:19,209 - INFO - ============================================================
2026-02-12 08:58:19,209 - INFO - CodeIE NER Experiment (Enhanced with Entity Schema)
2026-02-12 08:58:19,209 - INFO - CodeIE NER Experiment (Enhanced with Entity Schema)
2026-02-12 08:58:19,209 - INFO - ============================================================
2026-02-12 08:58:19,209 - INFO - Granularity: coarse
2026-02-12 08:58:19,209 - INFO - ============================================================
2026-02-12 08:58:19,209 - INFO - Style: pl
2026-02-12 08:58:19,209 - INFO - Granularity: coarse
2026-02-12 08:58:19,209 - INFO - Style: pl
2026-02-12 08:58:19,209 - INFO - Variation: backtrans_ch
2026-02-12 08:58:19,209 - INFO - Model: qwen2.5:7b
2026-02-12 08:58:19,209 - INFO - Variation: backtrans_ch
2026-02-12 08:58:19,209 - INFO - ============================================================
2026-02-12 08:58:19,209 - INFO - Model: qwen2.5-coder:7b
2026-02-12 08:58:19,209 - INFO - ============================================================
2026-02-12 08:58:19,209 - INFO - Using ChatOllama (Chat API) for qwen2.5-coder:7b with timeout=180s
2026-02-12 08:58:19,209 - INFO - Using ChatOllama (Chat API) for qwen2.5:7b with timeout=180s
2026-02-12 08:58:19,209 - INFO - ============================================================
2026-02-12 08:58:19,209 - INFO - CodeIE NER Experiment (Enhanced with Entity Schema)
2026-02-12 08:58:19,209 - INFO - ============================================================
2026-02-12 08:58:19,209 - INFO - Granularity: coarse
2026-02-12 08:58:19,209 - INFO - Style: pl
2026-02-12 08:58:19,209 - INFO - Variation: backtrans_sp
2026-02-12 08:58:19,209 - INFO - Model: qwen2.5:7b
2026-02-12 08:58:19,209 - INFO - ============================================================
2026-02-12 08:58:19,209 - INFO - Using ChatOllama (Chat API) for qwen2.5:7b with timeout=180s
2026-02-12 08:58:19,210 - INFO - ============================================================
2026-02-12 08:58:19,210 - INFO - CodeIE NER Experiment (Enhanced with Entity Schema)
2026-02-12 08:58:19,210 - INFO - ============================================================
2026-02-12 08:58:19,210 - INFO - Granularity: coarse
2026-02-12 08:58:19,210 - INFO - Style: pl
2026-02-12 08:58:19,210 - INFO - Variation: backtrans_sp
2026-02-12 08:58:19,210 - INFO - Model: qwen2.5-coder:7b
2026-02-12 08:58:19,210 - INFO - ============================================================
2026-02-12 08:58:19,210 - INFO - Using ChatOllama (Chat API) for qwen2.5-coder:7b with timeout=180s
2026-02-12 08:58:19,212 - ERROR - Failed: qwen2.5-coder_coarse_pl_lexical_substitution - Directory /home/ann/fiz-ddb/notebook/KDAI-Experiments-CodeIE/few-nerd_test not found
2026-02-12 08:58:19,212 - ERROR - Failed: qwen2.5-coder_coarse_pl_reodering - Directory /home/ann/fiz-ddb/notebook/KDAI-Experiments-CodeIE/few-nerd_test not found
2026-02-12 08:58:19,212 - ERROR - Failed: qwen2.5_coarse_pl_reodering - Directory /home/ann/fiz-ddb/notebook/KDAI-Experiments-CodeIE/few-nerd_test not found
2026-02-12 08:58:19,212 - WARNING - 3 consecutive failures detected. Triggering Ollama recovery...
2026-02-12 08:58:19,250 - INFO - Discovered variations: ['default', 'sentence_reordering', 'backtrans_tu', 'backtrans_ch', 'reodering', 'lexical_substitution', 'backtrans_sp']
2026-02-12 08:58:19,250 - INFO - Entity types (8): ['art', 'building', 'event', 'location', 'organization', 'other', 'person', 'product']
2026-02-12 08:58:19,250 - INFO - Loading test data from: /home/ann/fiz-ddb/notebook/KDAI-Experiments-CodeIE/few-nerd_test
2026-02-12 08:58:19,254 - INFO - Discovered variations: ['default', 'sentence_reordering', 'backtrans_tu', 'backtrans_ch', 'reodering', 'lexical_substitution', 'backtrans_sp']
2026-02-12 08:58:19,254 - INFO - Entity types (8): ['art', 'building', 'event', 'location', 'organization', 'other', 'person', 'product']
2026-02-12 08:58:19,254 - INFO - Loading test data from: /home/ann/fiz-ddb/notebook/KDAI-Experiments-CodeIE/few-nerd_test
Traceback (most recent call last):
  File "/home/ann/fiz-ddb/notebook/KDAI-Experiments-CodeIE/CodeIE/orchestrator.py", line 303, in run_experiment_task
    metrics = run_experiment(
              ^^^^^^^^^^^^^^^
  File "/home/ann/fiz-ddb/notebook/KDAI-Experiments-CodeIE/CodeIE/run_codeie_experiments.py", line 834, in run_experiment
    ds_test = load_from_disk(test_path)
              ^^^^^^^^^^^^^^^^^^^^^^^^^
  File "/home/ann/anaconda3/envs/CodeIE/lib/python3.12/site-packages/datasets/load.py", line 1562, in load_from_disk
    raise FileNotFoundError(f"Directory {dataset_path} not found")
FileNotFoundError: Directory /home/ann/fiz-ddb/notebook/KDAI-Experiments-CodeIE/few-nerd_test not found
Traceback (most recent call last):
  File "/home/ann/fiz-ddb/notebook/KDAI-Experiments-CodeIE/CodeIE/orchestrator.py", line 303, in run_experiment_task
    metrics = run_experiment(
              ^^^^^^^^^^^^^^^
  File "/home/ann/fiz-ddb/notebook/KDAI-Experiments-CodeIE/CodeIE/run_codeie_experiments.py", line 834, in run_experiment
    ds_test = load_from_disk(test_path)
              ^^^^^^^^^^^^^^^^^^^^^^^^^
  File "/home/ann/anaconda3/envs/CodeIE/lib/python3.12/site-packages/datasets/load.py", line 1562, in load_from_disk
    raise FileNotFoundError(f"Directory {dataset_path} not found")
FileNotFoundError: Directory /home/ann/fiz-ddb/notebook/KDAI-Experiments-CodeIE/few-nerd_test not found
2026-02-12 08:58:19,255 - INFO - Discovered variations: ['default', 'sentence_reordering', 'backtrans_tu', 'backtrans_ch', 'reodering', 'lexical_substitution', 'backtrans_sp']
2026-02-12 08:58:19,255 - INFO - Discovered variations: ['default', 'sentence_reordering', 'backtrans_tu', 'backtrans_ch', 'reodering', 'lexical_substitution', 'backtrans_sp']
2026-02-12 08:58:19,255 - INFO - Entity types (8): ['art', 'building', 'event', 'location', 'organization', 'other', 'person', 'product']
2026-02-12 08:58:19,255 - INFO - Loading test data from: /home/ann/fiz-ddb/notebook/KDAI-Experiments-CodeIE/few-nerd_test
2026-02-12 08:58:19,255 - INFO - Entity types (8): ['art', 'building', 'event', 'location', 'organization', 'other', 'person', 'product']
2026-02-12 08:58:19,255 - INFO - Loading test data from: /home/ann/fiz-ddb/notebook/KDAI-Experiments-CodeIE/few-nerd_test
2026-02-12 08:58:19,256 - ERROR - Failed: qwen2.5-coder_coarse_pl_sentence_reordering - Directory /home/ann/fiz-ddb/notebook/KDAI-Experiments-CodeIE/few-nerd_test not found
Traceback (most recent call last):
2026-02-12 08:58:19,256 - INFO - Discovered variations: ['default', 'sentence_reordering', 'backtrans_tu', 'backtrans_ch', 'reodering', 'lexical_substitution', 'backtrans_sp']
Traceback (most recent call last):
2026-02-12 08:58:19,256 - INFO - Entity types (8): ['art', 'building', 'event', 'location', 'organization', 'other', 'person', 'product']
2026-02-12 08:58:19,256 - INFO - Loading test data from: /home/ann/fiz-ddb/notebook/KDAI-Experiments-CodeIE/few-nerd_test
  File "/home/ann/fiz-ddb/notebook/KDAI-Experiments-CodeIE/CodeIE/orchestrator.py", line 303, in run_experiment_task
    metrics = run_experiment(
              ^^^^^^^^^^^^^^^
  File "/home/ann/fiz-ddb/notebook/KDAI-Experiments-CodeIE/CodeIE/run_codeie_experiments.py", line 834, in run_experiment
    ds_test = load_from_disk(test_path)
              ^^^^^^^^^^^^^^^^^^^^^^^^^
  File "/home/ann/anaconda3/envs/CodeIE/lib/python3.12/site-packages/datasets/load.py", line 1562, in load_from_disk
    raise FileNotFoundError(f"Directory {dataset_path} not found")
FileNotFoundError: Directory /home/ann/fiz-ddb/notebook/KDAI-Experiments-CodeIE/few-nerd_test not found
  File "/home/ann/fiz-ddb/notebook/KDAI-Experiments-CodeIE/CodeIE/orchestrator.py", line 303, in run_experiment_task
    metrics = run_experiment(
              ^^^^^^^^^^^^^^^
  File "/home/ann/fiz-ddb/notebook/KDAI-Experiments-CodeIE/CodeIE/run_codeie_experiments.py", line 834, in run_experiment
    ds_test = load_from_disk(test_path)
              ^^^^^^^^^^^^^^^^^^^^^^^^^
  File "/home/ann/anaconda3/envs/CodeIE/lib/python3.12/site-packages/datasets/load.py", line 1562, in load_from_disk
    raise FileNotFoundError(f"Directory {dataset_path} not found")
FileNotFoundError: Directory /home/ann/fiz-ddb/notebook/KDAI-Experiments-CodeIE/few-nerd_test not found
2026-02-12 08:58:19,256 - ERROR - Failed: qwen2.5_coarse_pl_sentence_reordering - Directory /home/ann/fiz-ddb/notebook/KDAI-Experiments-CodeIE/few-nerd_test not found
Traceback (most recent call last):
  File "/home/ann/fiz-ddb/notebook/KDAI-Experiments-CodeIE/CodeIE/orchestrator.py", line 303, in run_experiment_task
    metrics = run_experiment(
              ^^^^^^^^^^^^^^^
  File "/home/ann/fiz-ddb/notebook/KDAI-Experiments-CodeIE/CodeIE/run_codeie_experiments.py", line 834, in run_experiment
    ds_test = load_from_disk(test_path)
              ^^^^^^^^^^^^^^^^^^^^^^^^^
  File "/home/ann/anaconda3/envs/CodeIE/lib/python3.12/site-packages/datasets/load.py", line 1562, in load_from_disk
    raise FileNotFoundError(f"Directory {dataset_path} not found")
FileNotFoundError: Directory /home/ann/fiz-ddb/notebook/KDAI-Experiments-CodeIE/few-nerd_test not found
2026-02-12 08:58:19,256 - INFO - Discovered variations: ['default', 'sentence_reordering', 'backtrans_tu', 'backtrans_ch', 'reodering', 'lexical_substitution', 'backtrans_sp']
2026-02-12 08:58:19,256 - INFO - Entity types (8): ['art', 'building', 'event', 'location', 'organization', 'other', 'person', 'product']
2026-02-12 08:58:19,256 - INFO - Loading test data from: /home/ann/fiz-ddb/notebook/KDAI-Experiments-CodeIE/few-nerd_test
Traceback (most recent call last):
  File "/home/ann/fiz-ddb/notebook/KDAI-Experiments-CodeIE/CodeIE/orchestrator.py", line 303, in run_experiment_task
    metrics = run_experiment(
              ^^^^^^^^^^^^^^^
  File "/home/ann/fiz-ddb/notebook/KDAI-Experiments-CodeIE/CodeIE/run_codeie_experiments.py", line 834, in run_experiment
    ds_test = load_from_disk(test_path)
              ^^^^^^^^^^^^^^^^^^^^^^^^^
  File "/home/ann/anaconda3/envs/CodeIE/lib/python3.12/site-packages/datasets/load.py", line 1562, in load_from_disk
    raise FileNotFoundError(f"Directory {dataset_path} not found")
FileNotFoundError: Directory /home/ann/fiz-ddb/notebook/KDAI-Experiments-CodeIE/few-nerd_test not found
2026-02-12 08:58:19,257 - INFO - ============================================================
2026-02-12 08:58:19,257 - INFO - CodeIE NER Experiment (Enhanced with Entity Schema)
2026-02-12 08:58:19,257 - INFO - ============================================================
2026-02-12 08:58:19,257 - INFO - Granularity: coarse
2026-02-12 08:58:19,257 - INFO - Style: pl
2026-02-12 08:58:19,257 - INFO - Variation: backtrans_tu
2026-02-12 08:58:19,257 - INFO - Model: qwen2.5:7b
2026-02-12 08:58:19,257 - INFO - ============================================================
2026-02-12 08:58:19,257 - INFO - Using ChatOllama (Chat API) for qwen2.5:7b with timeout=180s
2026-02-12 08:58:19,257 - ERROR - Failed: qwen2.5-coder_coarse_pl_backtrans_ch - Directory /home/ann/fiz-ddb/notebook/KDAI-Experiments-CodeIE/few-nerd_test not found
2026-02-12 08:58:19,257 - WARNING - 3 consecutive failures detected. Triggering Ollama recovery...
2026-02-12 08:58:19,258 - INFO - ============================================================
2026-02-12 08:58:19,258 - INFO - CodeIE NER Experiment (Enhanced with Entity Schema)
2026-02-12 08:58:19,258 - INFO - ============================================================
2026-02-12 08:58:19,258 - INFO - Granularity: coarse
2026-02-12 08:58:19,258 - INFO - Style: pl
2026-02-12 08:58:19,258 - INFO - Variation: backtrans_tu
2026-02-12 08:58:19,258 - INFO - Model: qwen2.5-coder:7b
2026-02-12 08:58:19,258 - INFO - ============================================================
2026-02-12 08:58:19,258 - INFO - Using ChatOllama (Chat API) for qwen2.5-coder:7b with timeout=180s
2026-02-12 08:58:19,259 - INFO - ============================================================
2026-02-12 08:58:19,259 - INFO - CodeIE NER Experiment (Enhanced with Entity Schema)
2026-02-12 08:58:19,259 - INFO - ============================================================
2026-02-12 08:58:19,259 - INFO - Granularity: coarse
2026-02-12 08:58:19,259 - INFO - Style: nl
2026-02-12 08:58:19,259 - INFO - Variation: v0_original
2026-02-12 08:58:19,259 - INFO - Model: qwen2.5:7b
2026-02-12 08:58:19,259 - INFO - ============================================================
2026-02-12 08:58:19,259 - INFO - ============================================================
2026-02-12 08:58:19,259 - INFO - Using ChatOllama (Chat API) for qwen2.5:7b with timeout=180s
2026-02-12 08:58:19,259 - INFO - CodeIE NER Experiment (Enhanced with Entity Schema)
2026-02-12 08:58:19,259 - INFO - ============================================================
2026-02-12 08:58:19,259 - INFO - Granularity: coarse
2026-02-12 08:58:19,259 - INFO - Style: nl
2026-02-12 08:58:19,259 - INFO - Variation: v0_original
2026-02-12 08:58:19,259 - INFO - Model: qwen2.5-coder:7b
2026-02-12 08:58:19,259 - INFO - ============================================================
2026-02-12 08:58:19,260 - INFO - Using ChatOllama (Chat API) for qwen2.5-coder:7b with timeout=180s
2026-02-12 08:58:19,260 - INFO - ============================================================
2026-02-12 08:58:19,260 - INFO - CodeIE NER Experiment (Enhanced with Entity Schema)
2026-02-12 08:58:19,260 - INFO - ============================================================
2026-02-12 08:58:19,260 - INFO - ============================================================
2026-02-12 08:58:19,260 - INFO - CodeIE NER Experiment (Enhanced with Entity Schema)
2026-02-12 08:58:19,260 - INFO - Granularity: coarse
2026-02-12 08:58:19,260 - INFO - ============================================================
2026-02-12 08:58:19,260 - INFO - Style: nl
2026-02-12 08:58:19,260 - INFO - Granularity: coarse
2026-02-12 08:58:19,260 - INFO - Style: nl
2026-02-12 08:58:19,260 - INFO - Variation: lexical_substitution
2026-02-12 08:58:19,260 - INFO - Variation: lexical_substitution
2026-02-12 08:58:19,260 - INFO - Model: qwen2.5-coder:7b
2026-02-12 08:58:19,260 - INFO - Model: qwen2.5:7b
2026-02-12 08:58:19,260 - INFO - ============================================================
2026-02-12 08:58:19,260 - INFO - ============================================================
2026-02-12 08:58:19,261 - INFO - Using ChatOllama (Chat API) for qwen2.5-coder:7b with timeout=180s
2026-02-12 08:58:19,261 - INFO - Using ChatOllama (Chat API) for qwen2.5:7b with timeout=180s
2026-02-12 08:58:19,261 - ERROR - Failed: qwen2.5_coarse_pl_backtrans_sp - Directory /home/ann/fiz-ddb/notebook/KDAI-Experiments-CodeIE/few-nerd_test not found
2026-02-12 08:58:19,261 - ERROR - Failed: qwen2.5_coarse_pl_backtrans_ch - Directory /home/ann/fiz-ddb/notebook/KDAI-Experiments-CodeIE/few-nerd_test not found
2026-02-12 08:58:19,261 - ERROR - Failed: qwen2.5-coder_coarse_pl_backtrans_sp - Directory /home/ann/fiz-ddb/notebook/KDAI-Experiments-CodeIE/few-nerd_test not found
2026-02-12 08:58:19,261 - WARNING - 3 consecutive failures detected. Triggering Ollama recovery...
2026-02-12 08:58:19,304 - INFO - Discovered variations: ['default', 'sentence_reordering', 'backtrans_tu', 'backtrans_ch', 'reodering', 'lexical_substitution', 'backtrans_sp']
2026-02-12 08:58:19,304 - INFO - Entity types (8): ['art', 'building', 'event', 'location', 'organization', 'other', 'person', 'product']
2026-02-12 08:58:19,304 - INFO - Loading test data from: /home/ann/fiz-ddb/notebook/KDAI-Experiments-CodeIE/few-nerd_test
Traceback (most recent call last):
  File "/home/ann/fiz-ddb/notebook/KDAI-Experiments-CodeIE/CodeIE/orchestrator.py", line 303, in run_experiment_task
    metrics = run_experiment(
              ^^^^^^^^^^^^^^^
  File "/home/ann/fiz-ddb/notebook/KDAI-Experiments-CodeIE/CodeIE/run_codeie_experiments.py", line 834, in run_experiment
    ds_test = load_from_disk(test_path)
              ^^^^^^^^^^^^^^^^^^^^^^^^^
  File "/home/ann/anaconda3/envs/CodeIE/lib/python3.12/site-packages/datasets/load.py", line 1562, in load_from_disk
    raise FileNotFoundError(f"Directory {dataset_path} not found")
FileNotFoundError: Directory /home/ann/fiz-ddb/notebook/KDAI-Experiments-CodeIE/few-nerd_test not found
2026-02-12 08:58:19,304 - INFO - Discovered variations: ['default', 'sentence_reordering', 'backtrans_tu', 'backtrans_ch', 'reodering', 'lexical_substitution', 'backtrans_sp']
2026-02-12 08:58:19,304 - INFO - Entity types (8): ['art', 'building', 'event', 'location', 'organization', 'other', 'person', 'product']
2026-02-12 08:58:19,304 - INFO - Discovered variations: ['default', 'sentence_reordering', 'backtrans_tu', 'backtrans_ch', 'reodering', 'lexical_substitution', 'backtrans_sp']
2026-02-12 08:58:19,304 - INFO - Loading test data from: /home/ann/fiz-ddb/notebook/KDAI-Experiments-CodeIE/few-nerd_test
2026-02-12 08:58:19,304 - INFO - Entity types (8): ['art', 'building', 'event', 'location', 'organization', 'other', 'person', 'product']
2026-02-12 08:58:19,304 - INFO - Loading test data from: /home/ann/fiz-ddb/notebook/KDAI-Experiments-CodeIE/few-nerd_test
Traceback (most recent call last):
Traceback (most recent call last):
  File "/home/ann/fiz-ddb/notebook/KDAI-Experiments-CodeIE/CodeIE/orchestrator.py", line 303, in run_experiment_task
    metrics = run_experiment(
              ^^^^^^^^^^^^^^^
  File "/home/ann/fiz-ddb/notebook/KDAI-Experiments-CodeIE/CodeIE/run_codeie_experiments.py", line 834, in run_experiment
    ds_test = load_from_disk(test_path)
              ^^^^^^^^^^^^^^^^^^^^^^^^^
  File "/home/ann/anaconda3/envs/CodeIE/lib/python3.12/site-packages/datasets/load.py", line 1562, in load_from_disk
    raise FileNotFoundError(f"Directory {dataset_path} not found")
FileNotFoundError: Directory /home/ann/fiz-ddb/notebook/KDAI-Experiments-CodeIE/few-nerd_test not found
  File "/home/ann/fiz-ddb/notebook/KDAI-Experiments-CodeIE/CodeIE/orchestrator.py", line 303, in run_experiment_task
    metrics = run_experiment(
              ^^^^^^^^^^^^^^^
  File "/home/ann/fiz-ddb/notebook/KDAI-Experiments-CodeIE/CodeIE/run_codeie_experiments.py", line 834, in run_experiment
    ds_test = load_from_disk(test_path)
              ^^^^^^^^^^^^^^^^^^^^^^^^^
  File "/home/ann/anaconda3/envs/CodeIE/lib/python3.12/site-packages/datasets/load.py", line 1562, in load_from_disk
    raise FileNotFoundError(f"Directory {dataset_path} not found")
FileNotFoundError: Directory /home/ann/fiz-ddb/notebook/KDAI-Experiments-CodeIE/few-nerd_test not found
2026-02-12 08:58:19,305 - ERROR - Failed: qwen2.5_coarse_pl_backtrans_tu - Directory /home/ann/fiz-ddb/notebook/KDAI-Experiments-CodeIE/few-nerd_test not found
2026-02-12 08:58:19,306 - INFO - Discovered variations: ['default', 'sentence_reordering', 'backtrans_tu', 'backtrans_ch', 'reodering', 'lexical_substitution', 'backtrans_sp']
2026-02-12 08:58:19,306 - INFO - Entity types (8): ['art', 'building', 'event', 'location', 'organization', 'other', 'person', 'product']
2026-02-12 08:58:19,306 - INFO - Loading test data from: /home/ann/fiz-ddb/notebook/KDAI-Experiments-CodeIE/few-nerd_test
Traceback (most recent call last):
  File "/home/ann/fiz-ddb/notebook/KDAI-Experiments-CodeIE/CodeIE/orchestrator.py", line 303, in run_experiment_task
    metrics = run_experiment(
              ^^^^^^^^^^^^^^^
  File "/home/ann/fiz-ddb/notebook/KDAI-Experiments-CodeIE/CodeIE/run_codeie_experiments.py", line 834, in run_experiment
    ds_test = load_from_disk(test_path)
              ^^^^^^^^^^^^^^^^^^^^^^^^^
  File "/home/ann/anaconda3/envs/CodeIE/lib/python3.12/site-packages/datasets/load.py", line 1562, in load_from_disk
    raise FileNotFoundError(f"Directory {dataset_path} not found")
2026-02-12 08:58:19,306 - ERROR - Failed: qwen2.5-coder_coarse_nl_base - Directory /home/ann/fiz-ddb/notebook/KDAI-Experiments-CodeIE/few-nerd_test not found
FileNotFoundError: Directory /home/ann/fiz-ddb/notebook/KDAI-Experiments-CodeIE/few-nerd_test not found
2026-02-12 08:58:19,306 - ERROR - Failed: qwen2.5-coder_coarse_pl_backtrans_tu - Directory /home/ann/fiz-ddb/notebook/KDAI-Experiments-CodeIE/few-nerd_test not found
2026-02-12 08:58:19,306 - WARNING - 3 consecutive failures detected. Triggering Ollama recovery...
2026-02-12 08:58:19,307 - INFO - Discovered variations: ['default', 'sentence_reordering', 'backtrans_tu', 'backtrans_ch', 'reodering', 'lexical_substitution', 'backtrans_sp']
2026-02-12 08:58:19,307 - INFO - Entity types (8): ['art', 'building', 'event', 'location', 'organization', 'other', 'person', 'product']
2026-02-12 08:58:19,307 - INFO - Loading test data from: /home/ann/fiz-ddb/notebook/KDAI-Experiments-CodeIE/few-nerd_test
2026-02-12 08:58:19,307 - INFO - Discovered variations: ['default', 'sentence_reordering', 'backtrans_tu', 'backtrans_ch', 'reodering', 'lexical_substitution', 'backtrans_sp']
2026-02-12 08:58:19,307 - INFO - Entity types (8): ['art', 'building', 'event', 'location', 'organization', 'other', 'person', 'product']
2026-02-12 08:58:19,307 - INFO - Loading test data from: /home/ann/fiz-ddb/notebook/KDAI-Experiments-CodeIE/few-nerd_test
Traceback (most recent call last):
  File "/home/ann/fiz-ddb/notebook/KDAI-Experiments-CodeIE/CodeIE/orchestrator.py", line 303, in run_experiment_task
    metrics = run_experiment(
              ^^^^^^^^^^^^^^^
  File "/home/ann/fiz-ddb/notebook/KDAI-Experiments-CodeIE/CodeIE/run_codeie_experiments.py", line 834, in run_experiment
    ds_test = load_from_disk(test_path)
              ^^^^^^^^^^^^^^^^^^^^^^^^^
  File "/home/ann/anaconda3/envs/CodeIE/lib/python3.12/site-packages/datasets/load.py", line 1562, in load_from_disk
    raise FileNotFoundError(f"Directory {dataset_path} not found")
Traceback (most recent call last):
FileNotFoundError: Directory /home/ann/fiz-ddb/notebook/KDAI-Experiments-CodeIE/few-nerd_test not found
2026-02-12 08:58:19,307 - INFO - ============================================================
  File "/home/ann/fiz-ddb/notebook/KDAI-Experiments-CodeIE/CodeIE/orchestrator.py", line 303, in run_experiment_task
    metrics = run_experiment(
              ^^^^^^^^^^^^^^^
  File "/home/ann/fiz-ddb/notebook/KDAI-Experiments-CodeIE/CodeIE/run_codeie_experiments.py", line 834, in run_experiment
    ds_test = load_from_disk(test_path)
              ^^^^^^^^^^^^^^^^^^^^^^^^^
  File "/home/ann/anaconda3/envs/CodeIE/lib/python3.12/site-packages/datasets/load.py", line 1562, in load_from_disk
    raise FileNotFoundError(f"Directory {dataset_path} not found")
FileNotFoundError: Directory /home/ann/fiz-ddb/notebook/KDAI-Experiments-CodeIE/few-nerd_test not found
2026-02-12 08:58:19,307 - INFO - CodeIE NER Experiment (Enhanced with Entity Schema)
2026-02-12 08:58:19,307 - INFO - ============================================================
2026-02-12 08:58:19,307 - INFO - Granularity: coarse
2026-02-12 08:58:19,307 - INFO - Style: nl
2026-02-12 08:58:19,307 - INFO - Variation: reodering
2026-02-12 08:58:19,307 - INFO - Model: qwen2.5:7b
2026-02-12 08:58:19,307 - INFO - ============================================================
2026-02-12 08:58:19,307 - INFO - Using ChatOllama (Chat API) for qwen2.5:7b with timeout=180s
2026-02-12 08:58:19,308 - INFO - ============================================================
2026-02-12 08:58:19,308 - INFO - CodeIE NER Experiment (Enhanced with Entity Schema)
2026-02-12 08:58:19,308 - INFO - ============================================================
2026-02-12 08:58:19,308 - INFO - Granularity: coarse
2026-02-12 08:58:19,308 - INFO - ============================================================
2026-02-12 08:58:19,308 - INFO - Style: nl
2026-02-12 08:58:19,308 - INFO - Variation: reodering
2026-02-12 08:58:19,308 - INFO - CodeIE NER Experiment (Enhanced with Entity Schema)
2026-02-12 08:58:19,308 - INFO - Model: qwen2.5-coder:7b
2026-02-12 08:58:19,308 - INFO - ============================================================
2026-02-12 08:58:19,308 - INFO - ============================================================
2026-02-12 08:58:19,308 - INFO - Granularity: coarse
2026-02-12 08:58:19,308 - INFO - Style: nl
2026-02-12 08:58:19,308 - INFO - Variation: sentence_reordering
2026-02-12 08:58:19,309 - INFO - Model: qwen2.5:7b
2026-02-12 08:58:19,309 - INFO - ============================================================
2026-02-12 08:58:19,309 - INFO - Using ChatOllama (Chat API) for qwen2.5-coder:7b with timeout=180s
2026-02-12 08:58:19,309 - INFO - Using ChatOllama (Chat API) for qwen2.5:7b with timeout=180s
2026-02-12 08:58:19,309 - ERROR - Failed: qwen2.5_coarse_nl_base - Directory /home/ann/fiz-ddb/notebook/KDAI-Experiments-CodeIE/few-nerd_test not found
2026-02-12 08:58:19,309 - ERROR - Failed: qwen2.5_coarse_nl_lexical_substitution - Directory /home/ann/fiz-ddb/notebook/KDAI-Experiments-CodeIE/few-nerd_test not found
2026-02-12 08:58:19,309 - ERROR - Failed: qwen2.5-coder_coarse_nl_lexical_substitution - Directory /home/ann/fiz-ddb/notebook/KDAI-Experiments-CodeIE/few-nerd_test not found
2026-02-12 08:58:19,309 - WARNING - 3 consecutive failures detected. Triggering Ollama recovery...
2026-02-12 08:58:19,310 - INFO - ============================================================
2026-02-12 08:58:19,310 - INFO - CodeIE NER Experiment (Enhanced with Entity Schema)
2026-02-12 08:58:19,310 - INFO - ============================================================
2026-02-12 08:58:19,310 - INFO - Granularity: coarse
2026-02-12 08:58:19,310 - INFO - Style: nl
2026-02-12 08:58:19,310 - INFO - Variation: sentence_reordering
2026-02-12 08:58:19,310 - INFO - Model: qwen2.5-coder:7b
2026-02-12 08:58:19,310 - INFO - ============================================================
2026-02-12 08:58:19,310 - INFO - Using ChatOllama (Chat API) for qwen2.5-coder:7b with timeout=180s
2026-02-12 08:58:19,310 - INFO - ============================================================
2026-02-12 08:58:19,310 - INFO - CodeIE NER Experiment (Enhanced with Entity Schema)
2026-02-12 08:58:19,310 - INFO - ============================================================
2026-02-12 08:58:19,311 - INFO - Granularity: coarse
2026-02-12 08:58:19,311 - INFO - Style: nl
2026-02-12 08:58:19,311 - INFO - ============================================================
2026-02-12 08:58:19,311 - INFO - Variation: backtrans_ch
2026-02-12 08:58:19,311 - INFO - Model: qwen2.5:7b
2026-02-12 08:58:19,311 - INFO - CodeIE NER Experiment (Enhanced with Entity Schema)
2026-02-12 08:58:19,311 - INFO - ============================================================
2026-02-12 08:58:19,311 - INFO - ============================================================
2026-02-12 08:58:19,311 - INFO - Granularity: coarse
2026-02-12 08:58:19,311 - INFO - Style: nl
2026-02-12 08:58:19,311 - INFO - Variation: backtrans_ch
2026-02-12 08:58:19,311 - INFO - Using ChatOllama (Chat API) for qwen2.5:7b with timeout=180s
2026-02-12 08:58:19,311 - INFO - Model: qwen2.5-coder:7b
2026-02-12 08:58:19,311 - INFO - ============================================================
2026-02-12 08:58:19,311 - INFO - Using ChatOllama (Chat API) for qwen2.5-coder:7b with timeout=180s
2026-02-12 08:58:19,354 - INFO - Discovered variations: ['default', 'sentence_reordering', 'backtrans_tu', 'backtrans_ch', 'reodering', 'lexical_substitution', 'backtrans_sp']
2026-02-12 08:58:19,354 - INFO - Entity types (8): ['art', 'building', 'event', 'location', 'organization', 'other', 'person', 'product']
2026-02-12 08:58:19,354 - INFO - Loading test data from: /home/ann/fiz-ddb/notebook/KDAI-Experiments-CodeIE/few-nerd_test
Traceback (most recent call last):
  File "/home/ann/fiz-ddb/notebook/KDAI-Experiments-CodeIE/CodeIE/orchestrator.py", line 303, in run_experiment_task
    metrics = run_experiment(
              ^^^^^^^^^^^^^^^
  File "/home/ann/fiz-ddb/notebook/KDAI-Experiments-CodeIE/CodeIE/run_codeie_experiments.py", line 834, in run_experiment
    ds_test = load_from_disk(test_path)
              ^^^^^^^^^^^^^^^^^^^^^^^^^
  File "/home/ann/anaconda3/envs/CodeIE/lib/python3.12/site-packages/datasets/load.py", line 1562, in load_from_disk
    raise FileNotFoundError(f"Directory {dataset_path} not found")
FileNotFoundError: Directory /home/ann/fiz-ddb/notebook/KDAI-Experiments-CodeIE/few-nerd_test not found
2026-02-12 08:58:19,355 - INFO - Discovered variations: ['default', 'sentence_reordering', 'backtrans_tu', 'backtrans_ch', 'reodering', 'lexical_substitution', 'backtrans_sp']
2026-02-12 08:58:19,355 - INFO - Discovered variations: ['default', 'sentence_reordering', 'backtrans_tu', 'backtrans_ch', 'reodering', 'lexical_substitution', 'backtrans_sp']
2026-02-12 08:58:19,355 - INFO - Entity types (8): ['art', 'building', 'event', 'location', 'organization', 'other', 'person', 'product']
2026-02-12 08:58:19,355 - INFO - Entity types (8): ['art', 'building', 'event', 'location', 'organization', 'other', 'person', 'product']
2026-02-12 08:58:19,355 - INFO - Loading test data from: /home/ann/fiz-ddb/notebook/KDAI-Experiments-CodeIE/few-nerd_test
2026-02-12 08:58:19,355 - INFO - Loading test data from: /home/ann/fiz-ddb/notebook/KDAI-Experiments-CodeIE/few-nerd_test
Traceback (most recent call last):
Traceback (most recent call last):
  File "/home/ann/fiz-ddb/notebook/KDAI-Experiments-CodeIE/CodeIE/orchestrator.py", line 303, in run_experiment_task
    metrics = run_experiment(
              ^^^^^^^^^^^^^^^
2026-02-12 08:58:19,356 - INFO - Discovered variations: ['default', 'sentence_reordering', 'backtrans_tu', 'backtrans_ch', 'reodering', 'lexical_substitution', 'backtrans_sp']
  File "/home/ann/fiz-ddb/notebook/KDAI-Experiments-CodeIE/CodeIE/run_codeie_experiments.py", line 834, in run_experiment
    ds_test = load_from_disk(test_path)
              ^^^^^^^^^^^^^^^^^^^^^^^^^
  File "/home/ann/anaconda3/envs/CodeIE/lib/python3.12/site-packages/datasets/load.py", line 1562, in load_from_disk
    raise FileNotFoundError(f"Directory {dataset_path} not found")
  File "/home/ann/fiz-ddb/notebook/KDAI-Experiments-CodeIE/CodeIE/orchestrator.py", line 303, in run_experiment_task
    metrics = run_experiment(
              ^^^^^^^^^^^^^^^
FileNotFoundError: Directory /home/ann/fiz-ddb/notebook/KDAI-Experiments-CodeIE/few-nerd_test not found
  File "/home/ann/fiz-ddb/notebook/KDAI-Experiments-CodeIE/CodeIE/run_codeie_experiments.py", line 834, in run_experiment
    ds_test = load_from_disk(test_path)
              ^^^^^^^^^^^^^^^^^^^^^^^^^
  File "/home/ann/anaconda3/envs/CodeIE/lib/python3.12/site-packages/datasets/load.py", line 1562, in load_from_disk
    raise FileNotFoundError(f"Directory {dataset_path} not found")
2026-02-12 08:58:19,356 - INFO - Entity types (8): ['art', 'building', 'event', 'location', 'organization', 'other', 'person', 'product']
FileNotFoundError: Directory /home/ann/fiz-ddb/notebook/KDAI-Experiments-CodeIE/few-nerd_test not found
2026-02-12 08:58:19,356 - INFO - Loading test data from: /home/ann/fiz-ddb/notebook/KDAI-Experiments-CodeIE/few-nerd_test
Traceback (most recent call last):
  File "/home/ann/fiz-ddb/notebook/KDAI-Experiments-CodeIE/CodeIE/orchestrator.py", line 303, in run_experiment_task
    metrics = run_experiment(
              ^^^^^^^^^^^^^^^
  File "/home/ann/fiz-ddb/notebook/KDAI-Experiments-CodeIE/CodeIE/run_codeie_experiments.py", line 834, in run_experiment
    ds_test = load_from_disk(test_path)
              ^^^^^^^^^^^^^^^^^^^^^^^^^
  File "/home/ann/anaconda3/envs/CodeIE/lib/python3.12/site-packages/datasets/load.py", line 1562, in load_from_disk
    raise FileNotFoundError(f"Directory {dataset_path} not found")
FileNotFoundError: Directory /home/ann/fiz-ddb/notebook/KDAI-Experiments-CodeIE/few-nerd_test not found
2026-02-12 08:58:19,356 - ERROR - Failed: qwen2.5_coarse_nl_reodering - Directory /home/ann/fiz-ddb/notebook/KDAI-Experiments-CodeIE/few-nerd_test not found
2026-02-12 08:58:19,356 - INFO - Discovered variations: ['default', 'sentence_reordering', 'backtrans_tu', 'backtrans_ch', 'reodering', 'lexical_substitution', 'backtrans_sp']
2026-02-12 08:58:19,356 - INFO - Entity types (8): ['art', 'building', 'event', 'location', 'organization', 'other', 'person', 'product']
2026-02-12 08:58:19,356 - INFO - Loading test data from: /home/ann/fiz-ddb/notebook/KDAI-Experiments-CodeIE/few-nerd_test
Traceback (most recent call last):
  File "/home/ann/fiz-ddb/notebook/KDAI-Experiments-CodeIE/CodeIE/orchestrator.py", line 303, in run_experiment_task
    metrics = run_experiment(
              ^^^^^^^^^^^^^^^
2026-02-12 08:58:19,357 - INFO - ============================================================
  File "/home/ann/fiz-ddb/notebook/KDAI-Experiments-CodeIE/CodeIE/run_codeie_experiments.py", line 834, in run_experiment
    ds_test = load_from_disk(test_path)
              ^^^^^^^^^^^^^^^^^^^^^^^^^
  File "/home/ann/anaconda3/envs/CodeIE/lib/python3.12/site-packages/datasets/load.py", line 1562, in load_from_disk
    raise FileNotFoundError(f"Directory {dataset_path} not found")
FileNotFoundError: Directory /home/ann/fiz-ddb/notebook/KDAI-Experiments-CodeIE/few-nerd_test not found
2026-02-12 08:58:19,357 - INFO - CodeIE NER Experiment (Enhanced with Entity Schema)
2026-02-12 08:58:19,357 - INFO - ============================================================
2026-02-12 08:58:19,357 - INFO - Granularity: coarse
2026-02-12 08:58:19,357 - INFO - Style: nl
2026-02-12 08:58:19,357 - INFO - Variation: backtrans_sp
2026-02-12 08:58:19,357 - INFO - Model: qwen2.5:7b
2026-02-12 08:58:19,357 - INFO - ============================================================
2026-02-12 08:58:19,357 - INFO - Using ChatOllama (Chat API) for qwen2.5:7b with timeout=180s
2026-02-12 08:58:19,357 - INFO - Discovered variations: ['default', 'sentence_reordering', 'backtrans_tu', 'backtrans_ch', 'reodering', 'lexical_substitution', 'backtrans_sp']
2026-02-12 08:58:19,357 - INFO - Entity types (8): ['art', 'building', 'event', 'location', 'organization', 'other', 'person', 'product']
2026-02-12 08:58:19,357 - INFO - Loading test data from: /home/ann/fiz-ddb/notebook/KDAI-Experiments-CodeIE/few-nerd_test
2026-02-12 08:58:19,357 - ERROR - Failed: qwen2.5_coarse_nl_sentence_reordering - Directory /home/ann/fiz-ddb/notebook/KDAI-Experiments-CodeIE/few-nerd_test not found
2026-02-12 08:58:19,357 - ERROR - Failed: qwen2.5-coder_coarse_nl_reodering - Directory /home/ann/fiz-ddb/notebook/KDAI-Experiments-CodeIE/few-nerd_test not found
Traceback (most recent call last):
2026-02-12 08:58:19,357 - WARNING - 3 consecutive failures detected. Triggering Ollama recovery...
  File "/home/ann/fiz-ddb/notebook/KDAI-Experiments-CodeIE/CodeIE/orchestrator.py", line 303, in run_experiment_task
    metrics = run_experiment(
              ^^^^^^^^^^^^^^^
  File "/home/ann/fiz-ddb/notebook/KDAI-Experiments-CodeIE/CodeIE/run_codeie_experiments.py", line 834, in run_experiment
    ds_test = load_from_disk(test_path)
              ^^^^^^^^^^^^^^^^^^^^^^^^^
  File "/home/ann/anaconda3/envs/CodeIE/lib/python3.12/site-packages/datasets/load.py", line 1562, in load_from_disk
    raise FileNotFoundError(f"Directory {dataset_path} not found")
FileNotFoundError: Directory /home/ann/fiz-ddb/notebook/KDAI-Experiments-CodeIE/few-nerd_test not found
2026-02-12 08:58:19,359 - INFO - ============================================================
2026-02-12 08:58:19,359 - INFO - CodeIE NER Experiment (Enhanced with Entity Schema)
2026-02-12 08:58:19,359 - INFO - ============================================================
2026-02-12 08:58:19,359 - INFO - Granularity: coarse
2026-02-12 08:58:19,359 - INFO - Style: nl
2026-02-12 08:58:19,359 - INFO - Variation: backtrans_sp
2026-02-12 08:58:19,359 - INFO - Model: qwen2.5-coder:7b
2026-02-12 08:58:19,359 - INFO - ============================================================
2026-02-12 08:58:19,359 - INFO - Using ChatOllama (Chat API) for qwen2.5-coder:7b with timeout=180s
2026-02-12 08:58:19,360 - INFO - ============================================================
2026-02-12 08:58:19,360 - INFO - CodeIE NER Experiment (Enhanced with Entity Schema)
2026-02-12 08:58:19,360 - INFO - ============================================================
2026-02-12 08:58:19,360 - INFO - Granularity: coarse
2026-02-12 08:58:19,360 - INFO - ============================================================
2026-02-12 08:58:19,360 - INFO - Style: nl
2026-02-12 08:58:19,360 - ERROR - Failed: qwen2.5-coder_coarse_nl_backtrans_ch - Directory /home/ann/fiz-ddb/notebook/KDAI-Experiments-CodeIE/few-nerd_test not found
2026-02-12 08:58:19,360 - INFO - Variation: backtrans_tu
2026-02-12 08:58:19,360 - INFO - CodeIE NER Experiment (Enhanced with Entity Schema)
2026-02-12 08:58:19,360 - INFO - Model: qwen2.5-coder:7b
2026-02-12 08:58:19,360 - INFO - ============================================================
2026-02-12 08:58:19,360 - INFO - ============================================================
2026-02-12 08:58:19,360 - ERROR - Failed: qwen2.5-coder_coarse_nl_sentence_reordering - Directory /home/ann/fiz-ddb/notebook/KDAI-Experiments-CodeIE/few-nerd_test not found
2026-02-12 08:58:19,360 - INFO - Granularity: coarse
2026-02-12 08:58:19,360 - INFO - Style: nl
2026-02-12 08:58:19,360 - ERROR - Failed: qwen2.5_coarse_nl_backtrans_ch - Directory /home/ann/fiz-ddb/notebook/KDAI-Experiments-CodeIE/few-nerd_test not found
2026-02-12 08:58:19,360 - INFO - Variation: backtrans_tu
2026-02-12 08:58:19,360 - WARNING - 3 consecutive failures detected. Triggering Ollama recovery...
2026-02-12 08:58:19,360 - INFO - Model: qwen2.5:7b
2026-02-12 08:58:19,360 - INFO - Using ChatOllama (Chat API) for qwen2.5-coder:7b with timeout=180s
2026-02-12 08:58:19,360 - INFO - ============================================================
2026-02-12 08:58:19,360 - INFO - Using ChatOllama (Chat API) for qwen2.5:7b with timeout=180s
2026-02-12 08:58:19,360 - INFO - ============================================================
2026-02-12 08:58:19,360 - INFO - CodeIE NER Experiment (Enhanced with Entity Schema)
2026-02-12 08:58:19,360 - INFO - ============================================================
2026-02-12 08:58:19,360 - INFO - Granularity: fine
2026-02-12 08:58:19,361 - INFO - Style: pl
2026-02-12 08:58:19,361 - INFO - Variation: v0_original
2026-02-12 08:58:19,361 - INFO - Model: qwen2.5:7b
2026-02-12 08:58:19,361 - INFO - ============================================================
2026-02-12 08:58:19,361 - INFO - Using ChatOllama (Chat API) for qwen2.5:7b with timeout=180s
2026-02-12 08:58:19,361 - INFO - ============================================================
2026-02-12 08:58:19,361 - INFO - CodeIE NER Experiment (Enhanced with Entity Schema)
2026-02-12 08:58:19,361 - INFO - ============================================================
2026-02-12 08:58:19,361 - INFO - Granularity: fine
2026-02-12 08:58:19,361 - INFO - Style: pl
2026-02-12 08:58:19,361 - INFO - Variation: v0_original
2026-02-12 08:58:19,361 - INFO - Model: qwen2.5-coder:7b
2026-02-12 08:58:19,361 - INFO - ============================================================
2026-02-12 08:58:19,361 - INFO - Using ChatOllama (Chat API) for qwen2.5-coder:7b with timeout=180s
2026-02-12 08:58:19,402 - INFO - Discovered variations: ['default', 'sentence_reordering', 'backtrans_tu', 'backtrans_ch', 'reodering', 'lexical_substitution', 'backtrans_sp']
2026-02-12 08:58:19,402 - INFO - Entity types (8): ['art', 'building', 'event', 'location', 'organization', 'other', 'person', 'product']
2026-02-12 08:58:19,402 - INFO - Loading test data from: /home/ann/fiz-ddb/notebook/KDAI-Experiments-CodeIE/few-nerd_test
Traceback (most recent call last):
  File "/home/ann/fiz-ddb/notebook/KDAI-Experiments-CodeIE/CodeIE/orchestrator.py", line 303, in run_experiment_task
    metrics = run_experiment(
              ^^^^^^^^^^^^^^^
  File "/home/ann/fiz-ddb/notebook/KDAI-Experiments-CodeIE/CodeIE/run_codeie_experiments.py", line 834, in run_experiment
    ds_test = load_from_disk(test_path)
              ^^^^^^^^^^^^^^^^^^^^^^^^^
  File "/home/ann/anaconda3/envs/CodeIE/lib/python3.12/site-packages/datasets/load.py", line 1562, in load_from_disk
    raise FileNotFoundError(f"Directory {dataset_path} not found")
FileNotFoundError: Directory /home/ann/fiz-ddb/notebook/KDAI-Experiments-CodeIE/few-nerd_test not found
2026-02-12 08:58:19,404 - ERROR - Failed: qwen2.5_coarse_nl_backtrans_sp - Directory /home/ann/fiz-ddb/notebook/KDAI-Experiments-CodeIE/few-nerd_test not found
2026-02-12 08:58:19,404 - INFO - Discovered variations: ['default', 'sentence_reordering', 'backtrans_tu', 'backtrans_ch', 'reodering', 'lexical_substitution', 'backtrans_sp']
2026-02-12 08:58:19,404 - INFO - Entity types (8): ['art', 'building', 'event', 'location', 'organization', 'other', 'person', 'product']
2026-02-12 08:58:19,404 - INFO - Loading test data from: /home/ann/fiz-ddb/notebook/KDAI-Experiments-CodeIE/few-nerd_test
Traceback (most recent call last):
  File "/home/ann/fiz-ddb/notebook/KDAI-Experiments-CodeIE/CodeIE/orchestrator.py", line 303, in run_experiment_task
    metrics = run_experiment(
              ^^^^^^^^^^^^^^^
  File "/home/ann/fiz-ddb/notebook/KDAI-Experiments-CodeIE/CodeIE/run_codeie_experiments.py", line 834, in run_experiment
    ds_test = load_from_disk(test_path)
              ^^^^^^^^^^^^^^^^^^^^^^^^^
  File "/home/ann/anaconda3/envs/CodeIE/lib/python3.12/site-packages/datasets/load.py", line 1562, in load_from_disk
    raise FileNotFoundError(f"Directory {dataset_path} not found")
FileNotFoundError: Directory /home/ann/fiz-ddb/notebook/KDAI-Experiments-CodeIE/few-nerd_test not found
2026-02-12 08:58:19,405 - INFO - ============================================================
2026-02-12 08:58:19,405 - INFO - CodeIE NER Experiment (Enhanced with Entity Schema)
2026-02-12 08:58:19,405 - INFO - ============================================================
2026-02-12 08:58:19,405 - INFO - Granularity: fine
2026-02-12 08:58:19,405 - INFO - Style: pl
2026-02-12 08:58:19,405 - INFO - Variation: lexical_substitution
2026-02-12 08:58:19,405 - INFO - Model: qwen2.5:7b
2026-02-12 08:58:19,405 - INFO - ============================================================
2026-02-12 08:58:19,405 - INFO - Using ChatOllama (Chat API) for qwen2.5:7b with timeout=180s
2026-02-12 08:58:19,405 - INFO - Discovered variations: ['default', 'sentence_reordering', 'backtrans_tu', 'backtrans_ch', 'reodering', 'lexical_substitution', 'backtrans_sp']
2026-02-12 08:58:19,405 - INFO - Entity types (8): ['art', 'building', 'event', 'location', 'organization', 'other', 'person', 'product']
2026-02-12 08:58:19,405 - INFO - Loading test data from: /home/ann/fiz-ddb/notebook/KDAI-Experiments-CodeIE/few-nerd_test
Traceback (most recent call last):
  File "/home/ann/fiz-ddb/notebook/KDAI-Experiments-CodeIE/CodeIE/orchestrator.py", line 303, in run_experiment_task
    metrics = run_experiment(
              ^^^^^^^^^^^^^^^
  File "/home/ann/fiz-ddb/notebook/KDAI-Experiments-CodeIE/CodeIE/run_codeie_experiments.py", line 834, in run_experiment
    ds_test = load_from_disk(test_path)
              ^^^^^^^^^^^^^^^^^^^^^^^^^
  File "/home/ann/anaconda3/envs/CodeIE/lib/python3.12/site-packages/datasets/load.py", line 1562, in load_from_disk
    raise FileNotFoundError(f"Directory {dataset_path} not found")
FileNotFoundError: Directory /home/ann/fiz-ddb/notebook/KDAI-Experiments-CodeIE/few-nerd_test not found
2026-02-12 08:58:19,406 - ERROR - Failed: qwen2.5-coder_coarse_nl_backtrans_sp - Directory /home/ann/fiz-ddb/notebook/KDAI-Experiments-CodeIE/few-nerd_test not found
2026-02-12 08:58:19,406 - INFO - Discovered variations: ['default', 'sentence_reordering', 'backtrans_tu', 'backtrans_ch', 'reodering', 'lexical_substitution', 'backtrans_sp']
2026-02-12 08:58:19,406 - INFO - Entity types (8): ['art', 'building', 'event', 'location', 'organization', 'other', 'person', 'product']
2026-02-12 08:58:19,406 - INFO - Loading test data from: /home/ann/fiz-ddb/notebook/KDAI-Experiments-CodeIE/few-nerd_test
Traceback (most recent call last):
  File "/home/ann/fiz-ddb/notebook/KDAI-Experiments-CodeIE/CodeIE/orchestrator.py", line 303, in run_experiment_task
    metrics = run_experiment(
              ^^^^^^^^^^^^^^^
  File "/home/ann/fiz-ddb/notebook/KDAI-Experiments-CodeIE/CodeIE/run_codeie_experiments.py", line 834, in run_experiment
    ds_test = load_from_disk(test_path)
              ^^^^^^^^^^^^^^^^^^^^^^^^^
  File "/home/ann/anaconda3/envs/CodeIE/lib/python3.12/site-packages/datasets/load.py", line 1562, in load_from_disk
    raise FileNotFoundError(f"Directory {dataset_path} not found")
FileNotFoundError: Directory /home/ann/fiz-ddb/notebook/KDAI-Experiments-CodeIE/few-nerd_test not found
2026-02-12 08:58:19,407 - ERROR - Failed: qwen2.5-coder_coarse_nl_backtrans_tu - Directory /home/ann/fiz-ddb/notebook/KDAI-Experiments-CodeIE/few-nerd_test not found
2026-02-12 08:58:19,407 - WARNING - 3 consecutive failures detected. Triggering Ollama recovery...
2026-02-12 08:58:19,407 - INFO - ============================================================
2026-02-12 08:58:19,407 - INFO - CodeIE NER Experiment (Enhanced with Entity Schema)
2026-02-12 08:58:19,407 - INFO - ============================================================
2026-02-12 08:58:19,407 - INFO - Granularity: fine
2026-02-12 08:58:19,407 - INFO - Style: pl
2026-02-12 08:58:19,407 - INFO - Variation: lexical_substitution
2026-02-12 08:58:19,407 - INFO - Model: qwen2.5-coder:7b
2026-02-12 08:58:19,407 - INFO - ============================================================
2026-02-12 08:58:19,407 - INFO - Discovered variations: ['default', 'sentence_reordering', 'backtrans_tu', 'backtrans_ch', 'reodering', 'lexical_substitution', 'backtrans_sp']
2026-02-12 08:58:19,407 - INFO - Using ChatOllama (Chat API) for qwen2.5-coder:7b with timeout=180s
2026-02-12 08:58:19,407 - INFO - Entity types (66): ['art-broadcastprogram', 'art-film', 'art-music', 'art-other', 'art-painting', 'art-writtenart', 'building-airport', 'building-hospital', 'building-hotel', 'building-library', 'building-other', 'building-restaurant', 'building-sportsfacility', 'building-theater', 'event-attack/battle/war/militaryconflict', 'event-disaster', 'event-election', 'event-other', 'event-protest', 'event-sportsevent', 'location-GPE', 'location-bodiesofwater', 'location-island', 'location-mountain', 'location-other', 'location-park', 'location-road/railway/highway/transit', 'organization-company', 'organization-education', 'organization-government/governmentagency', 'organization-media/newspaper', 'organization-other', 'organization-politicalparty', 'organization-religion', 'organization-showorganization', 'organization-sportsleague', 'organization-sportsteam', 'other-astronomything', 'other-award', 'other-biologything', 'other-chemicalthing', 'other-currency', 'other-disease', 'other-educationaldegree', 'other-god', 'other-language', 'other-law', 'other-livingthing', 'other-medical', 'person-actor', 'person-artist/author', 'person-athlete', 'person-director', 'person-other', 'person-politician', 'person-scholar', 'person-soldier', 'product-airplane', 'product-car', 'product-food', 'product-game', 'product-other', 'product-ship', 'product-software', 'product-train', 'product-weapon']
2026-02-12 08:58:19,407 - INFO - Loading test data from: /home/ann/fiz-ddb/notebook/KDAI-Experiments-CodeIE/few-nerd_test
Traceback (most recent call last):
  File "/home/ann/fiz-ddb/notebook/KDAI-Experiments-CodeIE/CodeIE/orchestrator.py", line 303, in run_experiment_task
    metrics = run_experiment(
              ^^^^^^^^^^^^^^^
  File "/home/ann/fiz-ddb/notebook/KDAI-Experiments-CodeIE/CodeIE/run_codeie_experiments.py", line 834, in run_experiment
    ds_test = load_from_disk(test_path)
              ^^^^^^^^^^^^^^^^^^^^^^^^^
  File "/home/ann/anaconda3/envs/CodeIE/lib/python3.12/site-packages/datasets/load.py", line 1562, in load_from_disk
    raise FileNotFoundError(f"Directory {dataset_path} not found")
FileNotFoundError: Directory /home/ann/fiz-ddb/notebook/KDAI-Experiments-CodeIE/few-nerd_test not found
2026-02-12 08:58:19,408 - INFO - ============================================================
2026-02-12 08:58:19,408 - INFO - CodeIE NER Experiment (Enhanced with Entity Schema)
2026-02-12 08:58:19,408 - INFO - ============================================================
2026-02-12 08:58:19,408 - INFO - Granularity: fine
2026-02-12 08:58:19,408 - INFO - Style: pl
2026-02-12 08:58:19,408 - INFO - Variation: reodering
2026-02-12 08:58:19,408 - INFO - Model: qwen2.5:7b
2026-02-12 08:58:19,408 - INFO - ============================================================
2026-02-12 08:58:19,408 - INFO - Using ChatOllama (Chat API) for qwen2.5:7b with timeout=180s
2026-02-12 08:58:19,408 - INFO - Discovered variations: ['default', 'sentence_reordering', 'backtrans_tu', 'backtrans_ch', 'reodering', 'lexical_substitution', 'backtrans_sp']
2026-02-12 08:58:19,408 - INFO - Entity types (66): ['art-broadcastprogram', 'art-film', 'art-music', 'art-other', 'art-painting', 'art-writtenart', 'building-airport', 'building-hospital', 'building-hotel', 'building-library', 'building-other', 'building-restaurant', 'building-sportsfacility', 'building-theater', 'event-attack/battle/war/militaryconflict', 'event-disaster', 'event-election', 'event-other', 'event-protest', 'event-sportsevent', 'location-GPE', 'location-bodiesofwater', 'location-island', 'location-mountain', 'location-other', 'location-park', 'location-road/railway/highway/transit', 'organization-company', 'organization-education', 'organization-government/governmentagency', 'organization-media/newspaper', 'organization-other', 'organization-politicalparty', 'organization-religion', 'organization-showorganization', 'organization-sportsleague', 'organization-sportsteam', 'other-astronomything', 'other-award', 'other-biologything', 'other-chemicalthing', 'other-currency', 'other-disease', 'other-educationaldegree', 'other-god', 'other-language', 'other-law', 'other-livingthing', 'other-medical', 'person-actor', 'person-artist/author', 'person-athlete', 'person-director', 'person-other', 'person-politician', 'person-scholar', 'person-soldier', 'product-airplane', 'product-car', 'product-food', 'product-game', 'product-other', 'product-ship', 'product-software', 'product-train', 'product-weapon']
2026-02-12 08:58:19,408 - INFO - Loading test data from: /home/ann/fiz-ddb/notebook/KDAI-Experiments-CodeIE/few-nerd_test
Traceback (most recent call last):
  File "/home/ann/fiz-ddb/notebook/KDAI-Experiments-CodeIE/CodeIE/orchestrator.py", line 303, in run_experiment_task
    metrics = run_experiment(
              ^^^^^^^^^^^^^^^
  File "/home/ann/fiz-ddb/notebook/KDAI-Experiments-CodeIE/CodeIE/run_codeie_experiments.py", line 834, in run_experiment
    ds_test = load_from_disk(test_path)
              ^^^^^^^^^^^^^^^^^^^^^^^^^
  File "/home/ann/anaconda3/envs/CodeIE/lib/python3.12/site-packages/datasets/load.py", line 1562, in load_from_disk
    raise FileNotFoundError(f"Directory {dataset_path} not found")
FileNotFoundError: Directory /home/ann/fiz-ddb/notebook/KDAI-Experiments-CodeIE/few-nerd_test not found
2026-02-12 08:58:19,409 - INFO - ============================================================
2026-02-12 08:58:19,409 - INFO - CodeIE NER Experiment (Enhanced with Entity Schema)
2026-02-12 08:58:19,409 - INFO - ============================================================
2026-02-12 08:58:19,409 - INFO - Granularity: fine
2026-02-12 08:58:19,409 - INFO - Style: pl
2026-02-12 08:58:19,409 - INFO - Variation: reodering
2026-02-12 08:58:19,409 - INFO - Model: qwen2.5-coder:7b
2026-02-12 08:58:19,409 - INFO - ============================================================
2026-02-12 08:58:19,409 - INFO - Using ChatOllama (Chat API) for qwen2.5-coder:7b with timeout=180s
2026-02-12 08:58:19,410 - ERROR - Failed: qwen2.5_coarse_nl_backtrans_tu - Directory /home/ann/fiz-ddb/notebook/KDAI-Experiments-CodeIE/few-nerd_test not found
2026-02-12 08:58:19,410 - ERROR - Failed: qwen2.5_fine_pl_base - Directory /home/ann/fiz-ddb/notebook/KDAI-Experiments-CodeIE/few-nerd_test not found
2026-02-12 08:58:19,410 - ERROR - Failed: qwen2.5-coder_fine_pl_base - Directory /home/ann/fiz-ddb/notebook/KDAI-Experiments-CodeIE/few-nerd_test not found
2026-02-12 08:58:19,410 - WARNING - 3 consecutive failures detected. Triggering Ollama recovery...
2026-02-12 08:58:19,410 - INFO - ============================================================
2026-02-12 08:58:19,410 - INFO - CodeIE NER Experiment (Enhanced with Entity Schema)
2026-02-12 08:58:19,410 - INFO - ============================================================
2026-02-12 08:58:19,410 - INFO - Granularity: fine
2026-02-12 08:58:19,410 - INFO - Style: pl
2026-02-12 08:58:19,410 - INFO - Variation: sentence_reordering
2026-02-12 08:58:19,410 - INFO - Model: qwen2.5:7b
2026-02-12 08:58:19,410 - INFO - ============================================================
2026-02-12 08:58:19,411 - INFO - Using ChatOllama (Chat API) for qwen2.5:7b with timeout=180s
2026-02-12 08:58:19,411 - INFO - ============================================================
2026-02-12 08:58:19,411 - INFO - CodeIE NER Experiment (Enhanced with Entity Schema)
2026-02-12 08:58:19,411 - INFO - ============================================================
2026-02-12 08:58:19,411 - INFO - Granularity: fine
2026-02-12 08:58:19,411 - INFO - Style: pl
2026-02-12 08:58:19,411 - INFO - Variation: sentence_reordering
2026-02-12 08:58:19,411 - INFO - Model: qwen2.5-coder:7b
2026-02-12 08:58:19,411 - INFO - ============================================================
2026-02-12 08:58:19,411 - INFO - Using ChatOllama (Chat API) for qwen2.5-coder:7b with timeout=180s
2026-02-12 08:58:19,452 - INFO - Discovered variations: ['default', 'sentence_reordering', 'backtrans_tu', 'backtrans_ch', 'reodering', 'lexical_substitution', 'backtrans_sp']
2026-02-12 08:58:19,452 - INFO - Entity types (66): ['art-broadcastprogram', 'art-film', 'art-music', 'art-other', 'art-painting', 'art-writtenart', 'building-airport', 'building-hospital', 'building-hotel', 'building-library', 'building-other', 'building-restaurant', 'building-sportsfacility', 'building-theater', 'event-attack/battle/war/militaryconflict', 'event-disaster', 'event-election', 'event-other', 'event-protest', 'event-sportsevent', 'location-GPE', 'location-bodiesofwater', 'location-island', 'location-mountain', 'location-other', 'location-park', 'location-road/railway/highway/transit', 'organization-company', 'organization-education', 'organization-government/governmentagency', 'organization-media/newspaper', 'organization-other', 'organization-politicalparty', 'organization-religion', 'organization-showorganization', 'organization-sportsleague', 'organization-sportsteam', 'other-astronomything', 'other-award', 'other-biologything', 'other-chemicalthing', 'other-currency', 'other-disease', 'other-educationaldegree', 'other-god', 'other-language', 'other-law', 'other-livingthing', 'other-medical', 'person-actor', 'person-artist/author', 'person-athlete', 'person-director', 'person-other', 'person-politician', 'person-scholar', 'person-soldier', 'product-airplane', 'product-car', 'product-food', 'product-game', 'product-other', 'product-ship', 'product-software', 'product-train', 'product-weapon']
2026-02-12 08:58:19,452 - INFO - Loading test data from: /home/ann/fiz-ddb/notebook/KDAI-Experiments-CodeIE/few-nerd_test
Traceback (most recent call last):
  File "/home/ann/fiz-ddb/notebook/KDAI-Experiments-CodeIE/CodeIE/orchestrator.py", line 303, in run_experiment_task
    metrics = run_experiment(
              ^^^^^^^^^^^^^^^
  File "/home/ann/fiz-ddb/notebook/KDAI-Experiments-CodeIE/CodeIE/run_codeie_experiments.py", line 834, in run_experiment
    ds_test = load_from_disk(test_path)
              ^^^^^^^^^^^^^^^^^^^^^^^^^
  File "/home/ann/anaconda3/envs/CodeIE/lib/python3.12/site-packages/datasets/load.py", line 1562, in load_from_disk
    raise FileNotFoundError(f"Directory {dataset_path} not found")
FileNotFoundError: Directory /home/ann/fiz-ddb/notebook/KDAI-Experiments-CodeIE/few-nerd_test not found
2026-02-12 08:58:19,452 - INFO - Discovered variations: ['default', 'sentence_reordering', 'backtrans_tu', 'backtrans_ch', 'reodering', 'lexical_substitution', 'backtrans_sp']
2026-02-12 08:58:19,453 - INFO - Entity types (66): ['art-broadcastprogram', 'art-film', 'art-music', 'art-other', 'art-painting', 'art-writtenart', 'building-airport', 'building-hospital', 'building-hotel', 'building-library', 'building-other', 'building-restaurant', 'building-sportsfacility', 'building-theater', 'event-attack/battle/war/militaryconflict', 'event-disaster', 'event-election', 'event-other', 'event-protest', 'event-sportsevent', 'location-GPE', 'location-bodiesofwater', 'location-island', 'location-mountain', 'location-other', 'location-park', 'location-road/railway/highway/transit', 'organization-company', 'organization-education', 'organization-government/governmentagency', 'organization-media/newspaper', 'organization-other', 'organization-politicalparty', 'organization-religion', 'organization-showorganization', 'organization-sportsleague', 'organization-sportsteam', 'other-astronomything', 'other-award', 'other-biologything', 'other-chemicalthing', 'other-currency', 'other-disease', 'other-educationaldegree', 'other-god', 'other-language', 'other-law', 'other-livingthing', 'other-medical', 'person-actor', 'person-artist/author', 'person-athlete', 'person-director', 'person-other', 'person-politician', 'person-scholar', 'person-soldier', 'product-airplane', 'product-car', 'product-food', 'product-game', 'product-other', 'product-ship', 'product-software', 'product-train', 'product-weapon']
2026-02-12 08:58:19,453 - INFO - Loading test data from: /home/ann/fiz-ddb/notebook/KDAI-Experiments-CodeIE/few-nerd_test
Traceback (most recent call last):
  File "/home/ann/fiz-ddb/notebook/KDAI-Experiments-CodeIE/CodeIE/orchestrator.py", line 303, in run_experiment_task
    metrics = run_experiment(
              ^^^^^^^^^^^^^^^
  File "/home/ann/fiz-ddb/notebook/KDAI-Experiments-CodeIE/CodeIE/run_codeie_experiments.py", line 834, in run_experiment
    ds_test = load_from_disk(test_path)
              ^^^^^^^^^^^^^^^^^^^^^^^^^
  File "/home/ann/anaconda3/envs/CodeIE/lib/python3.12/site-packages/datasets/load.py", line 1562, in load_from_disk
    raise FileNotFoundError(f"Directory {dataset_path} not found")
FileNotFoundError: Directory /home/ann/fiz-ddb/notebook/KDAI-Experiments-CodeIE/few-nerd_test not found
2026-02-12 08:58:19,453 - INFO - Discovered variations: ['default', 'sentence_reordering', 'backtrans_tu', 'backtrans_ch', 'reodering', 'lexical_substitution', 'backtrans_sp']
2026-02-12 08:58:19,453 - INFO - Entity types (66): ['art-broadcastprogram', 'art-film', 'art-music', 'art-other', 'art-painting', 'art-writtenart', 'building-airport', 'building-hospital', 'building-hotel', 'building-library', 'building-other', 'building-restaurant', 'building-sportsfacility', 'building-theater', 'event-attack/battle/war/militaryconflict', 'event-disaster', 'event-election', 'event-other', 'event-protest', 'event-sportsevent', 'location-GPE', 'location-bodiesofwater', 'location-island', 'location-mountain', 'location-other', 'location-park', 'location-road/railway/highway/transit', 'organization-company', 'organization-education', 'organization-government/governmentagency', 'organization-media/newspaper', 'organization-other', 'organization-politicalparty', 'organization-religion', 'organization-showorganization', 'organization-sportsleague', 'organization-sportsteam', 'other-astronomything', 'other-award', 'other-biologything', 'other-chemicalthing', 'other-currency', 'other-disease', 'other-educationaldegree', 'other-god', 'other-language', 'other-law', 'other-livingthing', 'other-medical', 'person-actor', 'person-artist/author', 'person-athlete', 'person-director', 'person-other', 'person-politician', 'person-scholar', 'person-soldier', 'product-airplane', 'product-car', 'product-food', 'product-game', 'product-other', 'product-ship', 'product-software', 'product-train', 'product-weapon']
2026-02-12 08:58:19,453 - INFO - Loading test data from: /home/ann/fiz-ddb/notebook/KDAI-Experiments-CodeIE/few-nerd_test
Traceback (most recent call last):
  File "/home/ann/fiz-ddb/notebook/KDAI-Experiments-CodeIE/CodeIE/orchestrator.py", line 303, in run_experiment_task
    metrics = run_experiment(
              ^^^^^^^^^^^^^^^
  File "/home/ann/fiz-ddb/notebook/KDAI-Experiments-CodeIE/CodeIE/run_codeie_experiments.py", line 834, in run_experiment
    ds_test = load_from_disk(test_path)
              ^^^^^^^^^^^^^^^^^^^^^^^^^
  File "/home/ann/anaconda3/envs/CodeIE/lib/python3.12/site-packages/datasets/load.py", line 1562, in load_from_disk
    raise FileNotFoundError(f"Directory {dataset_path} not found")
FileNotFoundError: Directory /home/ann/fiz-ddb/notebook/KDAI-Experiments-CodeIE/few-nerd_test not found
2026-02-12 08:58:19,454 - ERROR - Failed: qwen2.5_fine_pl_lexical_substitution - Directory /home/ann/fiz-ddb/notebook/KDAI-Experiments-CodeIE/few-nerd_test not found
2026-02-12 08:58:19,454 - INFO - Discovered variations: ['default', 'sentence_reordering', 'backtrans_tu', 'backtrans_ch', 'reodering', 'lexical_substitution', 'backtrans_sp']
2026-02-12 08:58:19,454 - INFO - Entity types (66): ['art-broadcastprogram', 'art-film', 'art-music', 'art-other', 'art-painting', 'art-writtenart', 'building-airport', 'building-hospital', 'building-hotel', 'building-library', 'building-other', 'building-restaurant', 'building-sportsfacility', 'building-theater', 'event-attack/battle/war/militaryconflict', 'event-disaster', 'event-election', 'event-other', 'event-protest', 'event-sportsevent', 'location-GPE', 'location-bodiesofwater', 'location-island', 'location-mountain', 'location-other', 'location-park', 'location-road/railway/highway/transit', 'organization-company', 'organization-education', 'organization-government/governmentagency', 'organization-media/newspaper', 'organization-other', 'organization-politicalparty', 'organization-religion', 'organization-showorganization', 'organization-sportsleague', 'organization-sportsteam', 'other-astronomything', 'other-award', 'other-biologything', 'other-chemicalthing', 'other-currency', 'other-disease', 'other-educationaldegree', 'other-god', 'other-language', 'other-law', 'other-livingthing', 'other-medical', 'person-actor', 'person-artist/author', 'person-athlete', 'person-director', 'person-other', 'person-politician', 'person-scholar', 'person-soldier', 'product-airplane', 'product-car', 'product-food', 'product-game', 'product-other', 'product-ship', 'product-software', 'product-train', 'product-weapon']
2026-02-12 08:58:19,454 - INFO - Loading test data from: /home/ann/fiz-ddb/notebook/KDAI-Experiments-CodeIE/few-nerd_test
Traceback (most recent call last):
  File "/home/ann/fiz-ddb/notebook/KDAI-Experiments-CodeIE/CodeIE/orchestrator.py", line 303, in run_experiment_task
    metrics = run_experiment(
              ^^^^^^^^^^^^^^^
  File "/home/ann/fiz-ddb/notebook/KDAI-Experiments-CodeIE/CodeIE/run_codeie_experiments.py", line 834, in run_experiment
    ds_test = load_from_disk(test_path)
              ^^^^^^^^^^^^^^^^^^^^^^^^^
  File "/home/ann/anaconda3/envs/CodeIE/lib/python3.12/site-packages/datasets/load.py", line 1562, in load_from_disk
    raise FileNotFoundError(f"Directory {dataset_path} not found")
FileNotFoundError: Directory /home/ann/fiz-ddb/notebook/KDAI-Experiments-CodeIE/few-nerd_test not found
2026-02-12 08:58:19,454 - ERROR - Failed: qwen2.5-coder_fine_pl_lexical_substitution - Directory /home/ann/fiz-ddb/notebook/KDAI-Experiments-CodeIE/few-nerd_test not found
2026-02-12 08:58:19,455 - ERROR - Failed: qwen2.5_fine_pl_reodering - Directory /home/ann/fiz-ddb/notebook/KDAI-Experiments-CodeIE/few-nerd_test not found
2026-02-12 08:58:19,455 - WARNING - 3 consecutive failures detected. Triggering Ollama recovery...
2026-02-12 08:58:19,455 - INFO - ============================================================
2026-02-12 08:58:19,455 - INFO - CodeIE NER Experiment (Enhanced with Entity Schema)
2026-02-12 08:58:19,455 - INFO - ============================================================
2026-02-12 08:58:19,455 - INFO - Granularity: fine
2026-02-12 08:58:19,455 - INFO - Style: pl
2026-02-12 08:58:19,455 - INFO - Variation: backtrans_ch
2026-02-12 08:58:19,455 - INFO - Model: qwen2.5:7b
2026-02-12 08:58:19,455 - INFO - ============================================================
2026-02-12 08:58:19,455 - INFO - Using ChatOllama (Chat API) for qwen2.5:7b with timeout=180s
2026-02-12 08:58:19,456 - INFO - Discovered variations: ['default', 'sentence_reordering', 'backtrans_tu', 'backtrans_ch', 'reodering', 'lexical_substitution', 'backtrans_sp']
2026-02-12 08:58:19,456 - INFO - Entity types (66): ['art-broadcastprogram', 'art-film', 'art-music', 'art-other', 'art-painting', 'art-writtenart', 'building-airport', 'building-hospital', 'building-hotel', 'building-library', 'building-other', 'building-restaurant', 'building-sportsfacility', 'building-theater', 'event-attack/battle/war/militaryconflict', 'event-disaster', 'event-election', 'event-other', 'event-protest', 'event-sportsevent', 'location-GPE', 'location-bodiesofwater', 'location-island', 'location-mountain', 'location-other', 'location-park', 'location-road/railway/highway/transit', 'organization-company', 'organization-education', 'organization-government/governmentagency', 'organization-media/newspaper', 'organization-other', 'organization-politicalparty', 'organization-religion', 'organization-showorganization', 'organization-sportsleague', 'organization-sportsteam', 'other-astronomything', 'other-award', 'other-biologything', 'other-chemicalthing', 'other-currency', 'other-disease', 'other-educationaldegree', 'other-god', 'other-language', 'other-law', 'other-livingthing', 'other-medical', 'person-actor', 'person-artist/author', 'person-athlete', 'person-director', 'person-other', 'person-politician', 'person-scholar', 'person-soldier', 'product-airplane', 'product-car', 'product-food', 'product-game', 'product-other', 'product-ship', 'product-software', 'product-train', 'product-weapon']
2026-02-12 08:58:19,456 - INFO - Loading test data from: /home/ann/fiz-ddb/notebook/KDAI-Experiments-CodeIE/few-nerd_test
2026-02-12 08:58:19,456 - INFO - ============================================================
2026-02-12 08:58:19,457 - INFO - CodeIE NER Experiment (Enhanced with Entity Schema)
2026-02-12 08:58:19,457 - INFO - ============================================================
2026-02-12 08:58:19,457 - INFO - Granularity: fine
Traceback (most recent call last):
2026-02-12 08:58:19,457 - INFO - Style: pl
2026-02-12 08:58:19,457 - INFO - Variation: backtrans_ch
2026-02-12 08:58:19,457 - INFO - Model: qwen2.5-coder:7b
2026-02-12 08:58:19,457 - INFO - ============================================================
  File "/home/ann/fiz-ddb/notebook/KDAI-Experiments-CodeIE/CodeIE/orchestrator.py", line 303, in run_experiment_task
    metrics = run_experiment(
              ^^^^^^^^^^^^^^^
  File "/home/ann/fiz-ddb/notebook/KDAI-Experiments-CodeIE/CodeIE/run_codeie_experiments.py", line 834, in run_experiment
    ds_test = load_from_disk(test_path)
              ^^^^^^^^^^^^^^^^^^^^^^^^^
  File "/home/ann/anaconda3/envs/CodeIE/lib/python3.12/site-packages/datasets/load.py", line 1562, in load_from_disk
    raise FileNotFoundError(f"Directory {dataset_path} not found")
FileNotFoundError: Directory /home/ann/fiz-ddb/notebook/KDAI-Experiments-CodeIE/few-nerd_test not found
2026-02-12 08:58:19,457 - INFO - Using ChatOllama (Chat API) for qwen2.5-coder:7b with timeout=180s
2026-02-12 08:58:19,457 - INFO - Discovered variations: ['default', 'sentence_reordering', 'backtrans_tu', 'backtrans_ch', 'reodering', 'lexical_substitution', 'backtrans_sp']
2026-02-12 08:58:19,457 - INFO - ============================================================
2026-02-12 08:58:19,457 - INFO - Entity types (66): ['art-broadcastprogram', 'art-film', 'art-music', 'art-other', 'art-painting', 'art-writtenart', 'building-airport', 'building-hospital', 'building-hotel', 'building-library', 'building-other', 'building-restaurant', 'building-sportsfacility', 'building-theater', 'event-attack/battle/war/militaryconflict', 'event-disaster', 'event-election', 'event-other', 'event-protest', 'event-sportsevent', 'location-GPE', 'location-bodiesofwater', 'location-island', 'location-mountain', 'location-other', 'location-park', 'location-road/railway/highway/transit', 'organization-company', 'organization-education', 'organization-government/governmentagency', 'organization-media/newspaper', 'organization-other', 'organization-politicalparty', 'organization-religion', 'organization-showorganization', 'organization-sportsleague', 'organization-sportsteam', 'other-astronomything', 'other-award', 'other-biologything', 'other-chemicalthing', 'other-currency', 'other-disease', 'other-educationaldegree', 'other-god', 'other-language', 'other-law', 'other-livingthing', 'other-medical', 'person-actor', 'person-artist/author', 'person-athlete', 'person-director', 'person-other', 'person-politician', 'person-scholar', 'person-soldier', 'product-airplane', 'product-car', 'product-food', 'product-game', 'product-other', 'product-ship', 'product-software', 'product-train', 'product-weapon']
2026-02-12 08:58:19,457 - INFO - CodeIE NER Experiment (Enhanced with Entity Schema)
2026-02-12 08:58:19,457 - INFO - ============================================================
2026-02-12 08:58:19,457 - INFO - Loading test data from: /home/ann/fiz-ddb/notebook/KDAI-Experiments-CodeIE/few-nerd_test
2026-02-12 08:58:19,457 - INFO - Granularity: fine
2026-02-12 08:58:19,457 - INFO - Style: pl
2026-02-12 08:58:19,457 - INFO - ============================================================
2026-02-12 08:58:19,457 - INFO - Variation: backtrans_sp
2026-02-12 08:58:19,457 - INFO - CodeIE NER Experiment (Enhanced with Entity Schema)
2026-02-12 08:58:19,457 - INFO - Model: qwen2.5:7b
2026-02-12 08:58:19,457 - INFO - ============================================================
2026-02-12 08:58:19,457 - INFO - ============================================================
2026-02-12 08:58:19,457 - INFO - Granularity: fine
2026-02-12 08:58:19,457 - INFO - Style: pl
2026-02-12 08:58:19,457 - INFO - Variation: backtrans_sp
2026-02-12 08:58:19,457 - INFO - Model: qwen2.5-coder:7b
2026-02-12 08:58:19,457 - INFO - Using ChatOllama (Chat API) for qwen2.5:7b with timeout=180s
2026-02-12 08:58:19,457 - INFO - ============================================================
2026-02-12 08:58:19,457 - INFO - Using ChatOllama (Chat API) for qwen2.5-coder:7b with timeout=180s
Traceback (most recent call last):
  File "/home/ann/fiz-ddb/notebook/KDAI-Experiments-CodeIE/CodeIE/orchestrator.py", line 303, in run_experiment_task
    metrics = run_experiment(
              ^^^^^^^^^^^^^^^
  File "/home/ann/fiz-ddb/notebook/KDAI-Experiments-CodeIE/CodeIE/run_codeie_experiments.py", line 834, in run_experiment
    ds_test = load_from_disk(test_path)
              ^^^^^^^^^^^^^^^^^^^^^^^^^
  File "/home/ann/anaconda3/envs/CodeIE/lib/python3.12/site-packages/datasets/load.py", line 1562, in load_from_disk
    raise FileNotFoundError(f"Directory {dataset_path} not found")
FileNotFoundError: Directory /home/ann/fiz-ddb/notebook/KDAI-Experiments-CodeIE/few-nerd_test not found
2026-02-12 08:58:19,458 - ERROR - Failed: qwen2.5-coder_fine_pl_reodering - Directory /home/ann/fiz-ddb/notebook/KDAI-Experiments-CodeIE/few-nerd_test not found
2026-02-12 08:58:19,458 - ERROR - Failed: qwen2.5_fine_pl_sentence_reordering - Directory /home/ann/fiz-ddb/notebook/KDAI-Experiments-CodeIE/few-nerd_test not found
2026-02-12 08:58:19,459 - INFO - ============================================================
2026-02-12 08:58:19,459 - INFO - CodeIE NER Experiment (Enhanced with Entity Schema)
2026-02-12 08:58:19,459 - INFO - ============================================================
2026-02-12 08:58:19,459 - INFO - Granularity: fine
2026-02-12 08:58:19,459 - INFO - Style: pl
2026-02-12 08:58:19,459 - INFO - Variation: backtrans_tu
2026-02-12 08:58:19,459 - INFO - Model: qwen2.5:7b
2026-02-12 08:58:19,459 - INFO - ============================================================
2026-02-12 08:58:19,459 - INFO - Using ChatOllama (Chat API) for qwen2.5:7b with timeout=180s
2026-02-12 08:58:19,460 - ERROR - Failed: qwen2.5-coder_fine_pl_sentence_reordering - Directory /home/ann/fiz-ddb/notebook/KDAI-Experiments-CodeIE/few-nerd_test not found
2026-02-12 08:58:19,460 - WARNING - 3 consecutive failures detected. Triggering Ollama recovery...
2026-02-12 08:58:19,463 - INFO - ============================================================
2026-02-12 08:58:19,463 - INFO - CodeIE NER Experiment (Enhanced with Entity Schema)
2026-02-12 08:58:19,463 - INFO - ============================================================
2026-02-12 08:58:19,463 - INFO - Granularity: fine
2026-02-12 08:58:19,463 - INFO - Style: pl
2026-02-12 08:58:19,463 - INFO - Variation: backtrans_tu
2026-02-12 08:58:19,463 - INFO - Model: qwen2.5-coder:7b
2026-02-12 08:58:19,463 - INFO - ============================================================
2026-02-12 08:58:19,464 - INFO - Using ChatOllama (Chat API) for qwen2.5-coder:7b with timeout=180s
2026-02-12 08:58:19,500 - INFO - Discovered variations: ['default', 'sentence_reordering', 'backtrans_tu', 'backtrans_ch', 'reodering', 'lexical_substitution', 'backtrans_sp']
2026-02-12 08:58:19,500 - INFO - Entity types (66): ['art-broadcastprogram', 'art-film', 'art-music', 'art-other', 'art-painting', 'art-writtenart', 'building-airport', 'building-hospital', 'building-hotel', 'building-library', 'building-other', 'building-restaurant', 'building-sportsfacility', 'building-theater', 'event-attack/battle/war/militaryconflict', 'event-disaster', 'event-election', 'event-other', 'event-protest', 'event-sportsevent', 'location-GPE', 'location-bodiesofwater', 'location-island', 'location-mountain', 'location-other', 'location-park', 'location-road/railway/highway/transit', 'organization-company', 'organization-education', 'organization-government/governmentagency', 'organization-media/newspaper', 'organization-other', 'organization-politicalparty', 'organization-religion', 'organization-showorganization', 'organization-sportsleague', 'organization-sportsteam', 'other-astronomything', 'other-award', 'other-biologything', 'other-chemicalthing', 'other-currency', 'other-disease', 'other-educationaldegree', 'other-god', 'other-language', 'other-law', 'other-livingthing', 'other-medical', 'person-actor', 'person-artist/author', 'person-athlete', 'person-director', 'person-other', 'person-politician', 'person-scholar', 'person-soldier', 'product-airplane', 'product-car', 'product-food', 'product-game', 'product-other', 'product-ship', 'product-software', 'product-train', 'product-weapon']
2026-02-12 08:58:19,500 - INFO - Loading test data from: /home/ann/fiz-ddb/notebook/KDAI-Experiments-CodeIE/few-nerd_test
Traceback (most recent call last):
  File "/home/ann/fiz-ddb/notebook/KDAI-Experiments-CodeIE/CodeIE/orchestrator.py", line 303, in run_experiment_task
    metrics = run_experiment(
              ^^^^^^^^^^^^^^^
  File "/home/ann/fiz-ddb/notebook/KDAI-Experiments-CodeIE/CodeIE/run_codeie_experiments.py", line 834, in run_experiment
    ds_test = load_from_disk(test_path)
              ^^^^^^^^^^^^^^^^^^^^^^^^^
  File "/home/ann/anaconda3/envs/CodeIE/lib/python3.12/site-packages/datasets/load.py", line 1562, in load_from_disk
    raise FileNotFoundError(f"Directory {dataset_path} not found")
FileNotFoundError: Directory /home/ann/fiz-ddb/notebook/KDAI-Experiments-CodeIE/few-nerd_test not found
2026-02-12 08:58:19,502 - INFO - Discovered variations: ['default', 'sentence_reordering', 'backtrans_tu', 'backtrans_ch', 'reodering', 'lexical_substitution', 'backtrans_sp']
2026-02-12 08:58:19,502 - INFO - Entity types (66): ['art-broadcastprogram', 'art-film', 'art-music', 'art-other', 'art-painting', 'art-writtenart', 'building-airport', 'building-hospital', 'building-hotel', 'building-library', 'building-other', 'building-restaurant', 'building-sportsfacility', 'building-theater', 'event-attack/battle/war/militaryconflict', 'event-disaster', 'event-election', 'event-other', 'event-protest', 'event-sportsevent', 'location-GPE', 'location-bodiesofwater', 'location-island', 'location-mountain', 'location-other', 'location-park', 'location-road/railway/highway/transit', 'organization-company', 'organization-education', 'organization-government/governmentagency', 'organization-media/newspaper', 'organization-other', 'organization-politicalparty', 'organization-religion', 'organization-showorganization', 'organization-sportsleague', 'organization-sportsteam', 'other-astronomything', 'other-award', 'other-biologything', 'other-chemicalthing', 'other-currency', 'other-disease', 'other-educationaldegree', 'other-god', 'other-language', 'other-law', 'other-livingthing', 'other-medical', 'person-actor', 'person-artist/author', 'person-athlete', 'person-director', 'person-other', 'person-politician', 'person-scholar', 'person-soldier', 'product-airplane', 'product-car', 'product-food', 'product-game', 'product-other', 'product-ship', 'product-software', 'product-train', 'product-weapon']
2026-02-12 08:58:19,502 - INFO - Loading test data from: /home/ann/fiz-ddb/notebook/KDAI-Experiments-CodeIE/few-nerd_test
2026-02-12 08:58:19,502 - ERROR - Failed: qwen2.5_fine_pl_backtrans_ch - Directory /home/ann/fiz-ddb/notebook/KDAI-Experiments-CodeIE/few-nerd_test not found
Traceback (most recent call last):
  File "/home/ann/fiz-ddb/notebook/KDAI-Experiments-CodeIE/CodeIE/orchestrator.py", line 303, in run_experiment_task
    metrics = run_experiment(
              ^^^^^^^^^^^^^^^
  File "/home/ann/fiz-ddb/notebook/KDAI-Experiments-CodeIE/CodeIE/run_codeie_experiments.py", line 834, in run_experiment
    ds_test = load_from_disk(test_path)
              ^^^^^^^^^^^^^^^^^^^^^^^^^
  File "/home/ann/anaconda3/envs/CodeIE/lib/python3.12/site-packages/datasets/load.py", line 1562, in load_from_disk
    raise FileNotFoundError(f"Directory {dataset_path} not found")
FileNotFoundError: Directory /home/ann/fiz-ddb/notebook/KDAI-Experiments-CodeIE/few-nerd_test not found
2026-02-12 08:58:19,503 - INFO - ============================================================
2026-02-12 08:58:19,503 - INFO - CodeIE NER Experiment (Enhanced with Entity Schema)
2026-02-12 08:58:19,503 - INFO - ============================================================
2026-02-12 08:58:19,503 - INFO - Granularity: fine
2026-02-12 08:58:19,503 - INFO - Style: nl
2026-02-12 08:58:19,503 - INFO - Discovered variations: ['default', 'sentence_reordering', 'backtrans_tu', 'backtrans_ch', 'reodering', 'lexical_substitution', 'backtrans_sp']
2026-02-12 08:58:19,503 - INFO - Variation: v0_original
2026-02-12 08:58:19,503 - INFO - Model: qwen2.5:7b
2026-02-12 08:58:19,503 - INFO - Entity types (66): ['art-broadcastprogram', 'art-film', 'art-music', 'art-other', 'art-painting', 'art-writtenart', 'building-airport', 'building-hospital', 'building-hotel', 'building-library', 'building-other', 'building-restaurant', 'building-sportsfacility', 'building-theater', 'event-attack/battle/war/militaryconflict', 'event-disaster', 'event-election', 'event-other', 'event-protest', 'event-sportsevent', 'location-GPE', 'location-bodiesofwater', 'location-island', 'location-mountain', 'location-other', 'location-park', 'location-road/railway/highway/transit', 'organization-company', 'organization-education', 'organization-government/governmentagency', 'organization-media/newspaper', 'organization-other', 'organization-politicalparty', 'organization-religion', 'organization-showorganization', 'organization-sportsleague', 'organization-sportsteam', 'other-astronomything', 'other-award', 'other-biologything', 'other-chemicalthing', 'other-currency', 'other-disease', 'other-educationaldegree', 'other-god', 'other-language', 'other-law', 'other-livingthing', 'other-medical', 'person-actor', 'person-artist/author', 'person-athlete', 'person-director', 'person-other', 'person-politician', 'person-scholar', 'person-soldier', 'product-airplane', 'product-car', 'product-food', 'product-game', 'product-other', 'product-ship', 'product-software', 'product-train', 'product-weapon']
2026-02-12 08:58:19,503 - INFO - ============================================================
2026-02-12 08:58:19,503 - INFO - Loading test data from: /home/ann/fiz-ddb/notebook/KDAI-Experiments-CodeIE/few-nerd_test
2026-02-12 08:58:19,503 - INFO - Using ChatOllama (Chat API) for qwen2.5:7b with timeout=180s
Traceback (most recent call last):
2026-02-12 08:58:19,503 - INFO - Discovered variations: ['default', 'sentence_reordering', 'backtrans_tu', 'backtrans_ch', 'reodering', 'lexical_substitution', 'backtrans_sp']
  File "/home/ann/fiz-ddb/notebook/KDAI-Experiments-CodeIE/CodeIE/orchestrator.py", line 303, in run_experiment_task
    metrics = run_experiment(
              ^^^^^^^^^^^^^^^
2026-02-12 08:58:19,503 - INFO - Entity types (66): ['art-broadcastprogram', 'art-film', 'art-music', 'art-other', 'art-painting', 'art-writtenart', 'building-airport', 'building-hospital', 'building-hotel', 'building-library', 'building-other', 'building-restaurant', 'building-sportsfacility', 'building-theater', 'event-attack/battle/war/militaryconflict', 'event-disaster', 'event-election', 'event-other', 'event-protest', 'event-sportsevent', 'location-GPE', 'location-bodiesofwater', 'location-island', 'location-mountain', 'location-other', 'location-park', 'location-road/railway/highway/transit', 'organization-company', 'organization-education', 'organization-government/governmentagency', 'organization-media/newspaper', 'organization-other', 'organization-politicalparty', 'organization-religion', 'organization-showorganization', 'organization-sportsleague', 'organization-sportsteam', 'other-astronomything', 'other-award', 'other-biologything', 'other-chemicalthing', 'other-currency', 'other-disease', 'other-educationaldegree', 'other-god', 'other-language', 'other-law', 'other-livingthing', 'other-medical', 'person-actor', 'person-artist/author', 'person-athlete', 'person-director', 'person-other', 'person-politician', 'person-scholar', 'person-soldier', 'product-airplane', 'product-car', 'product-food', 'product-game', 'product-other', 'product-ship', 'product-software', 'product-train', 'product-weapon']
  File "/home/ann/fiz-ddb/notebook/KDAI-Experiments-CodeIE/CodeIE/run_codeie_experiments.py", line 834, in run_experiment
    ds_test = load_from_disk(test_path)
              ^^^^^^^^^^^^^^^^^^^^^^^^^
  File "/home/ann/anaconda3/envs/CodeIE/lib/python3.12/site-packages/datasets/load.py", line 1562, in load_from_disk
    raise FileNotFoundError(f"Directory {dataset_path} not found")
FileNotFoundError: Directory /home/ann/fiz-ddb/notebook/KDAI-Experiments-CodeIE/few-nerd_test not found
2026-02-12 08:58:19,503 - INFO - Loading test data from: /home/ann/fiz-ddb/notebook/KDAI-Experiments-CodeIE/few-nerd_test
2026-02-12 08:58:19,504 - ERROR - Failed: qwen2.5-coder_fine_pl_backtrans_sp - Directory /home/ann/fiz-ddb/notebook/KDAI-Experiments-CodeIE/few-nerd_test not found
Traceback (most recent call last):
  File "/home/ann/fiz-ddb/notebook/KDAI-Experiments-CodeIE/CodeIE/orchestrator.py", line 303, in run_experiment_task
    metrics = run_experiment(
              ^^^^^^^^^^^^^^^
  File "/home/ann/fiz-ddb/notebook/KDAI-Experiments-CodeIE/CodeIE/run_codeie_experiments.py", line 834, in run_experiment
    ds_test = load_from_disk(test_path)
              ^^^^^^^^^^^^^^^^^^^^^^^^^
  File "/home/ann/anaconda3/envs/CodeIE/lib/python3.12/site-packages/datasets/load.py", line 1562, in load_from_disk
    raise FileNotFoundError(f"Directory {dataset_path} not found")
FileNotFoundError: Directory /home/ann/fiz-ddb/notebook/KDAI-Experiments-CodeIE/few-nerd_test not found
2026-02-12 08:58:19,504 - INFO - ============================================================
2026-02-12 08:58:19,505 - INFO - CodeIE NER Experiment (Enhanced with Entity Schema)
2026-02-12 08:58:19,505 - INFO - ============================================================
2026-02-12 08:58:19,505 - INFO - Granularity: fine
2026-02-12 08:58:19,505 - INFO - Style: nl
2026-02-12 08:58:19,505 - INFO - Variation: v0_original
2026-02-12 08:58:19,505 - INFO - Model: qwen2.5-coder:7b
2026-02-12 08:58:19,505 - INFO - ============================================================
2026-02-12 08:58:19,505 - INFO - Using ChatOllama (Chat API) for qwen2.5-coder:7b with timeout=180s
2026-02-12 08:58:19,505 - ERROR - Failed: qwen2.5-coder_fine_pl_backtrans_ch - Directory /home/ann/fiz-ddb/notebook/KDAI-Experiments-CodeIE/few-nerd_test not found
2026-02-12 08:58:19,505 - WARNING - 3 consecutive failures detected. Triggering Ollama recovery...
2026-02-12 08:58:19,505 - INFO - Discovered variations: ['default', 'sentence_reordering', 'backtrans_tu', 'backtrans_ch', 'reodering', 'lexical_substitution', 'backtrans_sp']
2026-02-12 08:58:19,505 - INFO - Entity types (66): ['art-broadcastprogram', 'art-film', 'art-music', 'art-other', 'art-painting', 'art-writtenart', 'building-airport', 'building-hospital', 'building-hotel', 'building-library', 'building-other', 'building-restaurant', 'building-sportsfacility', 'building-theater', 'event-attack/battle/war/militaryconflict', 'event-disaster', 'event-election', 'event-other', 'event-protest', 'event-sportsevent', 'location-GPE', 'location-bodiesofwater', 'location-island', 'location-mountain', 'location-other', 'location-park', 'location-road/railway/highway/transit', 'organization-company', 'organization-education', 'organization-government/governmentagency', 'organization-media/newspaper', 'organization-other', 'organization-politicalparty', 'organization-religion', 'organization-showorganization', 'organization-sportsleague', 'organization-sportsteam', 'other-astronomything', 'other-award', 'other-biologything', 'other-chemicalthing', 'other-currency', 'other-disease', 'other-educationaldegree', 'other-god', 'other-language', 'other-law', 'other-livingthing', 'other-medical', 'person-actor', 'person-artist/author', 'person-athlete', 'person-director', 'person-other', 'person-politician', 'person-scholar', 'person-soldier', 'product-airplane', 'product-car', 'product-food', 'product-game', 'product-other', 'product-ship', 'product-software', 'product-train', 'product-weapon']
2026-02-12 08:58:19,505 - INFO - Loading test data from: /home/ann/fiz-ddb/notebook/KDAI-Experiments-CodeIE/few-nerd_test
Traceback (most recent call last):
  File "/home/ann/fiz-ddb/notebook/KDAI-Experiments-CodeIE/CodeIE/orchestrator.py", line 303, in run_experiment_task
    metrics = run_experiment(
              ^^^^^^^^^^^^^^^
2026-02-12 08:58:19,506 - INFO - Discovered variations: ['default', 'sentence_reordering', 'backtrans_tu', 'backtrans_ch', 'reodering', 'lexical_substitution', 'backtrans_sp']
  File "/home/ann/fiz-ddb/notebook/KDAI-Experiments-CodeIE/CodeIE/run_codeie_experiments.py", line 834, in run_experiment
    ds_test = load_from_disk(test_path)
              ^^^^^^^^^^^^^^^^^^^^^^^^^
  File "/home/ann/anaconda3/envs/CodeIE/lib/python3.12/site-packages/datasets/load.py", line 1562, in load_from_disk
    raise FileNotFoundError(f"Directory {dataset_path} not found")
FileNotFoundError: Directory /home/ann/fiz-ddb/notebook/KDAI-Experiments-CodeIE/few-nerd_test not found
2026-02-12 08:58:19,506 - INFO - Entity types (66): ['art-broadcastprogram', 'art-film', 'art-music', 'art-other', 'art-painting', 'art-writtenart', 'building-airport', 'building-hospital', 'building-hotel', 'building-library', 'building-other', 'building-restaurant', 'building-sportsfacility', 'building-theater', 'event-attack/battle/war/militaryconflict', 'event-disaster', 'event-election', 'event-other', 'event-protest', 'event-sportsevent', 'location-GPE', 'location-bodiesofwater', 'location-island', 'location-mountain', 'location-other', 'location-park', 'location-road/railway/highway/transit', 'organization-company', 'organization-education', 'organization-government/governmentagency', 'organization-media/newspaper', 'organization-other', 'organization-politicalparty', 'organization-religion', 'organization-showorganization', 'organization-sportsleague', 'organization-sportsteam', 'other-astronomything', 'other-award', 'other-biologything', 'other-chemicalthing', 'other-currency', 'other-disease', 'other-educationaldegree', 'other-god', 'other-language', 'other-law', 'other-livingthing', 'other-medical', 'person-actor', 'person-artist/author', 'person-athlete', 'person-director', 'person-other', 'person-politician', 'person-scholar', 'person-soldier', 'product-airplane', 'product-car', 'product-food', 'product-game', 'product-other', 'product-ship', 'product-software', 'product-train', 'product-weapon']
2026-02-12 08:58:19,506 - INFO - Loading test data from: /home/ann/fiz-ddb/notebook/KDAI-Experiments-CodeIE/few-nerd_test
Traceback (most recent call last):
  File "/home/ann/fiz-ddb/notebook/KDAI-Experiments-CodeIE/CodeIE/orchestrator.py", line 303, in run_experiment_task
    metrics = run_experiment(
              ^^^^^^^^^^^^^^^
  File "/home/ann/fiz-ddb/notebook/KDAI-Experiments-CodeIE/CodeIE/run_codeie_experiments.py", line 834, in run_experiment
    ds_test = load_from_disk(test_path)
              ^^^^^^^^^^^^^^^^^^^^^^^^^
  File "/home/ann/anaconda3/envs/CodeIE/lib/python3.12/site-packages/datasets/load.py", line 1562, in load_from_disk
    raise FileNotFoundError(f"Directory {dataset_path} not found")
FileNotFoundError: Directory /home/ann/fiz-ddb/notebook/KDAI-Experiments-CodeIE/few-nerd_test not found
2026-02-12 08:58:19,506 - INFO - ============================================================
2026-02-12 08:58:19,506 - INFO - ============================================================
2026-02-12 08:58:19,506 - INFO - CodeIE NER Experiment (Enhanced with Entity Schema)
2026-02-12 08:58:19,506 - INFO - CodeIE NER Experiment (Enhanced with Entity Schema)
2026-02-12 08:58:19,506 - INFO - ============================================================
2026-02-12 08:58:19,506 - INFO - ============================================================
2026-02-12 08:58:19,507 - INFO - Granularity: fine
2026-02-12 08:58:19,507 - INFO - Granularity: fine
2026-02-12 08:58:19,507 - INFO - Style: nl
2026-02-12 08:58:19,507 - INFO - Style: nl
2026-02-12 08:58:19,507 - INFO - Variation: lexical_substitution
2026-02-12 08:58:19,507 - INFO - Variation: lexical_substitution
2026-02-12 08:58:19,507 - INFO - Model: qwen2.5:7b
2026-02-12 08:58:19,507 - INFO - Model: qwen2.5-coder:7b
2026-02-12 08:58:19,507 - INFO - ============================================================
2026-02-12 08:58:19,507 - INFO - ============================================================
2026-02-12 08:58:19,507 - INFO - Using ChatOllama (Chat API) for qwen2.5-coder:7b with timeout=180s
2026-02-12 08:58:19,507 - INFO - Using ChatOllama (Chat API) for qwen2.5:7b with timeout=180s
2026-02-12 08:58:19,508 - ERROR - Failed: qwen2.5_fine_pl_backtrans_sp - Directory /home/ann/fiz-ddb/notebook/KDAI-Experiments-CodeIE/few-nerd_test not found
2026-02-12 08:58:19,508 - ERROR - Failed: qwen2.5-coder_fine_pl_backtrans_tu - Directory /home/ann/fiz-ddb/notebook/KDAI-Experiments-CodeIE/few-nerd_test not found
2026-02-12 08:58:19,508 - ERROR - Failed: qwen2.5_fine_pl_backtrans_tu - Directory /home/ann/fiz-ddb/notebook/KDAI-Experiments-CodeIE/few-nerd_test not found
2026-02-12 08:58:19,508 - WARNING - 3 consecutive failures detected. Triggering Ollama recovery...
2026-02-12 08:58:19,510 - INFO - ============================================================
2026-02-12 08:58:19,510 - INFO - CodeIE NER Experiment (Enhanced with Entity Schema)
2026-02-12 08:58:19,510 - INFO - ============================================================
2026-02-12 08:58:19,510 - INFO - Granularity: fine
2026-02-12 08:58:19,510 - INFO - Style: nl
2026-02-12 08:58:19,510 - INFO - Variation: reodering
2026-02-12 08:58:19,510 - INFO - Model: qwen2.5:7b
2026-02-12 08:58:19,510 - INFO - ============================================================
2026-02-12 08:58:19,510 - INFO - Using ChatOllama (Chat API) for qwen2.5:7b with timeout=180s
2026-02-12 08:58:19,510 - INFO - ============================================================
2026-02-12 08:58:19,511 - INFO - CodeIE NER Experiment (Enhanced with Entity Schema)
2026-02-12 08:58:19,511 - INFO - ============================================================
2026-02-12 08:58:19,511 - INFO - Granularity: fine
2026-02-12 08:58:19,511 - INFO - Style: nl
2026-02-12 08:58:19,511 - INFO - Variation: reodering
2026-02-12 08:58:19,511 - INFO - Model: qwen2.5-coder:7b
2026-02-12 08:58:19,511 - INFO - ============================================================
2026-02-12 08:58:19,511 - INFO - Using ChatOllama (Chat API) for qwen2.5-coder:7b with timeout=180s
2026-02-12 08:58:19,549 - INFO - Discovered variations: ['default', 'sentence_reordering', 'backtrans_tu', 'backtrans_ch', 'reodering', 'lexical_substitution', 'backtrans_sp']
2026-02-12 08:58:19,549 - INFO - Entity types (66): ['art-broadcastprogram', 'art-film', 'art-music', 'art-other', 'art-painting', 'art-writtenart', 'building-airport', 'building-hospital', 'building-hotel', 'building-library', 'building-other', 'building-restaurant', 'building-sportsfacility', 'building-theater', 'event-attack/battle/war/militaryconflict', 'event-disaster', 'event-election', 'event-other', 'event-protest', 'event-sportsevent', 'location-GPE', 'location-bodiesofwater', 'location-island', 'location-mountain', 'location-other', 'location-park', 'location-road/railway/highway/transit', 'organization-company', 'organization-education', 'organization-government/governmentagency', 'organization-media/newspaper', 'organization-other', 'organization-politicalparty', 'organization-religion', 'organization-showorganization', 'organization-sportsleague', 'organization-sportsteam', 'other-astronomything', 'other-award', 'other-biologything', 'other-chemicalthing', 'other-currency', 'other-disease', 'other-educationaldegree', 'other-god', 'other-language', 'other-law', 'other-livingthing', 'other-medical', 'person-actor', 'person-artist/author', 'person-athlete', 'person-director', 'person-other', 'person-politician', 'person-scholar', 'person-soldier', 'product-airplane', 'product-car', 'product-food', 'product-game', 'product-other', 'product-ship', 'product-software', 'product-train', 'product-weapon']
2026-02-12 08:58:19,549 - INFO - Loading test data from: /home/ann/fiz-ddb/notebook/KDAI-Experiments-CodeIE/few-nerd_test
Traceback (most recent call last):
  File "/home/ann/fiz-ddb/notebook/KDAI-Experiments-CodeIE/CodeIE/orchestrator.py", line 303, in run_experiment_task
    metrics = run_experiment(
              ^^^^^^^^^^^^^^^
  File "/home/ann/fiz-ddb/notebook/KDAI-Experiments-CodeIE/CodeIE/run_codeie_experiments.py", line 834, in run_experiment
    ds_test = load_from_disk(test_path)
              ^^^^^^^^^^^^^^^^^^^^^^^^^
  File "/home/ann/anaconda3/envs/CodeIE/lib/python3.12/site-packages/datasets/load.py", line 1562, in load_from_disk
    raise FileNotFoundError(f"Directory {dataset_path} not found")
FileNotFoundError: Directory /home/ann/fiz-ddb/notebook/KDAI-Experiments-CodeIE/few-nerd_test not found
2026-02-12 08:58:19,551 - INFO - Discovered variations: ['default', 'sentence_reordering', 'backtrans_tu', 'backtrans_ch', 'reodering', 'lexical_substitution', 'backtrans_sp']
2026-02-12 08:58:19,551 - INFO - Entity types (66): ['art-broadcastprogram', 'art-film', 'art-music', 'art-other', 'art-painting', 'art-writtenart', 'building-airport', 'building-hospital', 'building-hotel', 'building-library', 'building-other', 'building-restaurant', 'building-sportsfacility', 'building-theater', 'event-attack/battle/war/militaryconflict', 'event-disaster', 'event-election', 'event-other', 'event-protest', 'event-sportsevent', 'location-GPE', 'location-bodiesofwater', 'location-island', 'location-mountain', 'location-other', 'location-park', 'location-road/railway/highway/transit', 'organization-company', 'organization-education', 'organization-government/governmentagency', 'organization-media/newspaper', 'organization-other', 'organization-politicalparty', 'organization-religion', 'organization-showorganization', 'organization-sportsleague', 'organization-sportsteam', 'other-astronomything', 'other-award', 'other-biologything', 'other-chemicalthing', 'other-currency', 'other-disease', 'other-educationaldegree', 'other-god', 'other-language', 'other-law', 'other-livingthing', 'other-medical', 'person-actor', 'person-artist/author', 'person-athlete', 'person-director', 'person-other', 'person-politician', 'person-scholar', 'person-soldier', 'product-airplane', 'product-car', 'product-food', 'product-game', 'product-other', 'product-ship', 'product-software', 'product-train', 'product-weapon']
2026-02-12 08:58:19,551 - INFO - Loading test data from: /home/ann/fiz-ddb/notebook/KDAI-Experiments-CodeIE/few-nerd_test
2026-02-12 08:58:19,551 - ERROR - Failed: qwen2.5_fine_nl_base - Directory /home/ann/fiz-ddb/notebook/KDAI-Experiments-CodeIE/few-nerd_test not found
Traceback (most recent call last):
  File "/home/ann/fiz-ddb/notebook/KDAI-Experiments-CodeIE/CodeIE/orchestrator.py", line 303, in run_experiment_task
    metrics = run_experiment(
              ^^^^^^^^^^^^^^^
  File "/home/ann/fiz-ddb/notebook/KDAI-Experiments-CodeIE/CodeIE/run_codeie_experiments.py", line 834, in run_experiment
    ds_test = load_from_disk(test_path)
              ^^^^^^^^^^^^^^^^^^^^^^^^^
  File "/home/ann/anaconda3/envs/CodeIE/lib/python3.12/site-packages/datasets/load.py", line 1562, in load_from_disk
    raise FileNotFoundError(f"Directory {dataset_path} not found")
FileNotFoundError: Directory /home/ann/fiz-ddb/notebook/KDAI-Experiments-CodeIE/few-nerd_test not found
2026-02-12 08:58:19,552 - INFO - ============================================================
2026-02-12 08:58:19,552 - INFO - CodeIE NER Experiment (Enhanced with Entity Schema)
2026-02-12 08:58:19,552 - INFO - ============================================================
2026-02-12 08:58:19,552 - INFO - Granularity: fine
2026-02-12 08:58:19,552 - INFO - Style: nl
2026-02-12 08:58:19,552 - INFO - Discovered variations: ['default', 'sentence_reordering', 'backtrans_tu', 'backtrans_ch', 'reodering', 'lexical_substitution', 'backtrans_sp']
2026-02-12 08:58:19,552 - INFO - Variation: sentence_reordering
2026-02-12 08:58:19,552 - INFO - Model: qwen2.5:7b
2026-02-12 08:58:19,552 - INFO - Entity types (66): ['art-broadcastprogram', 'art-film', 'art-music', 'art-other', 'art-painting', 'art-writtenart', 'building-airport', 'building-hospital', 'building-hotel', 'building-library', 'building-other', 'building-restaurant', 'building-sportsfacility', 'building-theater', 'event-attack/battle/war/militaryconflict', 'event-disaster', 'event-election', 'event-other', 'event-protest', 'event-sportsevent', 'location-GPE', 'location-bodiesofwater', 'location-island', 'location-mountain', 'location-other', 'location-park', 'location-road/railway/highway/transit', 'organization-company', 'organization-education', 'organization-government/governmentagency', 'organization-media/newspaper', 'organization-other', 'organization-politicalparty', 'organization-religion', 'organization-showorganization', 'organization-sportsleague', 'organization-sportsteam', 'other-astronomything', 'other-award', 'other-biologything', 'other-chemicalthing', 'other-currency', 'other-disease', 'other-educationaldegree', 'other-god', 'other-language', 'other-law', 'other-livingthing', 'other-medical', 'person-actor', 'person-artist/author', 'person-athlete', 'person-director', 'person-other', 'person-politician', 'person-scholar', 'person-soldier', 'product-airplane', 'product-car', 'product-food', 'product-game', 'product-other', 'product-ship', 'product-software', 'product-train', 'product-weapon']
2026-02-12 08:58:19,552 - INFO - ============================================================
2026-02-12 08:58:19,552 - INFO - Loading test data from: /home/ann/fiz-ddb/notebook/KDAI-Experiments-CodeIE/few-nerd_test
2026-02-12 08:58:19,552 - ERROR - Failed: qwen2.5-coder_fine_nl_base - Directory /home/ann/fiz-ddb/notebook/KDAI-Experiments-CodeIE/few-nerd_test not found
2026-02-12 08:58:19,553 - INFO - Using ChatOllama (Chat API) for qwen2.5:7b with timeout=180s
Traceback (most recent call last):
  File "/home/ann/fiz-ddb/notebook/KDAI-Experiments-CodeIE/CodeIE/orchestrator.py", line 303, in run_experiment_task
    metrics = run_experiment(
              ^^^^^^^^^^^^^^^
  File "/home/ann/fiz-ddb/notebook/KDAI-Experiments-CodeIE/CodeIE/run_codeie_experiments.py", line 834, in run_experiment
    ds_test = load_from_disk(test_path)
              ^^^^^^^^^^^^^^^^^^^^^^^^^
  File "/home/ann/anaconda3/envs/CodeIE/lib/python3.12/site-packages/datasets/load.py", line 1562, in load_from_disk
    raise FileNotFoundError(f"Directory {dataset_path} not found")
FileNotFoundError: Directory /home/ann/fiz-ddb/notebook/KDAI-Experiments-CodeIE/few-nerd_test not found
2026-02-12 08:58:19,553 - INFO - Discovered variations: ['default', 'sentence_reordering', 'backtrans_tu', 'backtrans_ch', 'reodering', 'lexical_substitution', 'backtrans_sp']
2026-02-12 08:58:19,553 - INFO - Entity types (66): ['art-broadcastprogram', 'art-film', 'art-music', 'art-other', 'art-painting', 'art-writtenart', 'building-airport', 'building-hospital', 'building-hotel', 'building-library', 'building-other', 'building-restaurant', 'building-sportsfacility', 'building-theater', 'event-attack/battle/war/militaryconflict', 'event-disaster', 'event-election', 'event-other', 'event-protest', 'event-sportsevent', 'location-GPE', 'location-bodiesofwater', 'location-island', 'location-mountain', 'location-other', 'location-park', 'location-road/railway/highway/transit', 'organization-company', 'organization-education', 'organization-government/governmentagency', 'organization-media/newspaper', 'organization-other', 'organization-politicalparty', 'organization-religion', 'organization-showorganization', 'organization-sportsleague', 'organization-sportsteam', 'other-astronomything', 'other-award', 'other-biologything', 'other-chemicalthing', 'other-currency', 'other-disease', 'other-educationaldegree', 'other-god', 'other-language', 'other-law', 'other-livingthing', 'other-medical', 'person-actor', 'person-artist/author', 'person-athlete', 'person-director', 'person-other', 'person-politician', 'person-scholar', 'person-soldier', 'product-airplane', 'product-car', 'product-food', 'product-game', 'product-other', 'product-ship', 'product-software', 'product-train', 'product-weapon']
2026-02-12 08:58:19,553 - INFO - Loading test data from: /home/ann/fiz-ddb/notebook/KDAI-Experiments-CodeIE/few-nerd_test
Traceback (most recent call last):
  File "/home/ann/fiz-ddb/notebook/KDAI-Experiments-CodeIE/CodeIE/orchestrator.py", line 303, in run_experiment_task
    metrics = run_experiment(
              ^^^^^^^^^^^^^^^
  File "/home/ann/fiz-ddb/notebook/KDAI-Experiments-CodeIE/CodeIE/run_codeie_experiments.py", line 834, in run_experiment
    ds_test = load_from_disk(test_path)
              ^^^^^^^^^^^^^^^^^^^^^^^^^
  File "/home/ann/anaconda3/envs/CodeIE/lib/python3.12/site-packages/datasets/load.py", line 1562, in load_from_disk
    raise FileNotFoundError(f"Directory {dataset_path} not found")
FileNotFoundError: Directory /home/ann/fiz-ddb/notebook/KDAI-Experiments-CodeIE/few-nerd_test not found
2026-02-12 08:58:19,554 - INFO - ============================================================
2026-02-12 08:58:19,554 - INFO - CodeIE NER Experiment (Enhanced with Entity Schema)
2026-02-12 08:58:19,554 - INFO - ============================================================
2026-02-12 08:58:19,554 - INFO - Granularity: fine
2026-02-12 08:58:19,554 - INFO - Style: nl
2026-02-12 08:58:19,554 - INFO - Variation: sentence_reordering
2026-02-12 08:58:19,554 - INFO - Model: qwen2.5-coder:7b
2026-02-12 08:58:19,554 - INFO - ============================================================
2026-02-12 08:58:19,554 - INFO - Using ChatOllama (Chat API) for qwen2.5-coder:7b with timeout=180s
2026-02-12 08:58:19,554 - ERROR - Failed: qwen2.5-coder_fine_nl_lexical_substitution - Directory /home/ann/fiz-ddb/notebook/KDAI-Experiments-CodeIE/few-nerd_test not found
2026-02-12 08:58:19,554 - WARNING - 3 consecutive failures detected. Triggering Ollama recovery...
2026-02-12 08:58:19,555 - INFO - ============================================================
2026-02-12 08:58:19,555 - INFO - CodeIE NER Experiment (Enhanced with Entity Schema)
2026-02-12 08:58:19,555 - INFO - ============================================================
2026-02-12 08:58:19,555 - INFO - Granularity: fine
2026-02-12 08:58:19,555 - INFO - Style: nl
2026-02-12 08:58:19,555 - INFO - Variation: backtrans_ch
2026-02-12 08:58:19,555 - INFO - Discovered variations: ['default', 'sentence_reordering', 'backtrans_tu', 'backtrans_ch', 'reodering', 'lexical_substitution', 'backtrans_sp']
2026-02-12 08:58:19,555 - INFO - Model: qwen2.5:7b
2026-02-12 08:58:19,555 - INFO - ============================================================
2026-02-12 08:58:19,555 - INFO - Entity types (66): ['art-broadcastprogram', 'art-film', 'art-music', 'art-other', 'art-painting', 'art-writtenart', 'building-airport', 'building-hospital', 'building-hotel', 'building-library', 'building-other', 'building-restaurant', 'building-sportsfacility', 'building-theater', 'event-attack/battle/war/militaryconflict', 'event-disaster', 'event-election', 'event-other', 'event-protest', 'event-sportsevent', 'location-GPE', 'location-bodiesofwater', 'location-island', 'location-mountain', 'location-other', 'location-park', 'location-road/railway/highway/transit', 'organization-company', 'organization-education', 'organization-government/governmentagency', 'organization-media/newspaper', 'organization-other', 'organization-politicalparty', 'organization-religion', 'organization-showorganization', 'organization-sportsleague', 'organization-sportsteam', 'other-astronomything', 'other-award', 'other-biologything', 'other-chemicalthing', 'other-currency', 'other-disease', 'other-educationaldegree', 'other-god', 'other-language', 'other-law', 'other-livingthing', 'other-medical', 'person-actor', 'person-artist/author', 'person-athlete', 'person-director', 'person-other', 'person-politician', 'person-scholar', 'person-soldier', 'product-airplane', 'product-car', 'product-food', 'product-game', 'product-other', 'product-ship', 'product-software', 'product-train', 'product-weapon']
2026-02-12 08:58:19,555 - INFO - Loading test data from: /home/ann/fiz-ddb/notebook/KDAI-Experiments-CodeIE/few-nerd_test
2026-02-12 08:58:19,555 - INFO - Using ChatOllama (Chat API) for qwen2.5:7b with timeout=180s
2026-02-12 08:58:19,556 - INFO - Discovered variations: ['default', 'sentence_reordering', 'backtrans_tu', 'backtrans_ch', 'reodering', 'lexical_substitution', 'backtrans_sp']
2026-02-12 08:58:19,556 - INFO - Entity types (66): ['art-broadcastprogram', 'art-film', 'art-music', 'art-other', 'art-painting', 'art-writtenart', 'building-airport', 'building-hospital', 'building-hotel', 'building-library', 'building-other', 'building-restaurant', 'building-sportsfacility', 'building-theater', 'event-attack/battle/war/militaryconflict', 'event-disaster', 'event-election', 'event-other', 'event-protest', 'event-sportsevent', 'location-GPE', 'location-bodiesofwater', 'location-island', 'location-mountain', 'location-other', 'location-park', 'location-road/railway/highway/transit', 'organization-company', 'organization-education', 'organization-government/governmentagency', 'organization-media/newspaper', 'organization-other', 'organization-politicalparty', 'organization-religion', 'organization-showorganization', 'organization-sportsleague', 'organization-sportsteam', 'other-astronomything', 'other-award', 'other-biologything', 'other-chemicalthing', 'other-currency', 'other-disease', 'other-educationaldegree', 'other-god', 'other-language', 'other-law', 'other-livingthing', 'other-medical', 'person-actor', 'person-artist/author', 'person-athlete', 'person-director', 'person-other', 'person-politician', 'person-scholar', 'person-soldier', 'product-airplane', 'product-car', 'product-food', 'product-game', 'product-other', 'product-ship', 'product-software', 'product-train', 'product-weapon']
2026-02-12 08:58:19,556 - INFO - Loading test data from: /home/ann/fiz-ddb/notebook/KDAI-Experiments-CodeIE/few-nerd_test
Traceback (most recent call last):
  File "/home/ann/fiz-ddb/notebook/KDAI-Experiments-CodeIE/CodeIE/orchestrator.py", line 303, in run_experiment_task
    metrics = run_experiment(
              ^^^^^^^^^^^^^^^
  File "/home/ann/fiz-ddb/notebook/KDAI-Experiments-CodeIE/CodeIE/run_codeie_experiments.py", line 834, in run_experiment
    ds_test = load_from_disk(test_path)
              ^^^^^^^^^^^^^^^^^^^^^^^^^
  File "/home/ann/anaconda3/envs/CodeIE/lib/python3.12/site-packages/datasets/load.py", line 1562, in load_from_disk
    raise FileNotFoundError(f"Directory {dataset_path} not found")
FileNotFoundError: Directory /home/ann/fiz-ddb/notebook/KDAI-Experiments-CodeIE/few-nerd_test not found
2026-02-12 08:58:19,556 - INFO - ============================================================
2026-02-12 08:58:19,556 - INFO - CodeIE NER Experiment (Enhanced with Entity Schema)
Traceback (most recent call last):
2026-02-12 08:58:19,556 - INFO - ============================================================
2026-02-12 08:58:19,556 - INFO - Granularity: fine
2026-02-12 08:58:19,556 - INFO - Style: nl
2026-02-12 08:58:19,556 - INFO - Variation: backtrans_ch
2026-02-12 08:58:19,556 - INFO - Model: qwen2.5-coder:7b
2026-02-12 08:58:19,556 - INFO - ============================================================
  File "/home/ann/fiz-ddb/notebook/KDAI-Experiments-CodeIE/CodeIE/orchestrator.py", line 303, in run_experiment_task
    metrics = run_experiment(
              ^^^^^^^^^^^^^^^
  File "/home/ann/fiz-ddb/notebook/KDAI-Experiments-CodeIE/CodeIE/run_codeie_experiments.py", line 834, in run_experiment
    ds_test = load_from_disk(test_path)
              ^^^^^^^^^^^^^^^^^^^^^^^^^
  File "/home/ann/anaconda3/envs/CodeIE/lib/python3.12/site-packages/datasets/load.py", line 1562, in load_from_disk
    raise FileNotFoundError(f"Directory {dataset_path} not found")
2026-02-12 08:58:19,556 - INFO - Using ChatOllama (Chat API) for qwen2.5-coder:7b with timeout=180s
FileNotFoundError: Directory /home/ann/fiz-ddb/notebook/KDAI-Experiments-CodeIE/few-nerd_test not found
2026-02-12 08:58:19,557 - ERROR - Failed: qwen2.5_fine_nl_lexical_substitution - Directory /home/ann/fiz-ddb/notebook/KDAI-Experiments-CodeIE/few-nerd_test not found
2026-02-12 08:58:19,557 - ERROR - Failed: qwen2.5_fine_nl_reodering - Directory /home/ann/fiz-ddb/notebook/KDAI-Experiments-CodeIE/few-nerd_test not found
2026-02-12 08:58:19,558 - ERROR - Failed: qwen2.5-coder_fine_nl_reodering - Directory /home/ann/fiz-ddb/notebook/KDAI-Experiments-CodeIE/few-nerd_test not found
2026-02-12 08:58:19,558 - WARNING - 3 consecutive failures detected. Triggering Ollama recovery...
2026-02-12 08:58:19,560 - INFO - ============================================================
2026-02-12 08:58:19,561 - INFO - CodeIE NER Experiment (Enhanced with Entity Schema)
2026-02-12 08:58:19,561 - INFO - ============================================================
2026-02-12 08:58:19,561 - INFO - Granularity: fine
2026-02-12 08:58:19,561 - INFO - Style: nl
2026-02-12 08:58:19,561 - INFO - Variation: backtrans_sp
2026-02-12 08:58:19,561 - INFO - Model: qwen2.5:7b
2026-02-12 08:58:19,561 - INFO - ============================================================
2026-02-12 08:58:19,561 - INFO - Using ChatOllama (Chat API) for qwen2.5:7b with timeout=180s
2026-02-12 08:58:19,561 - INFO - ============================================================
2026-02-12 08:58:19,561 - INFO - CodeIE NER Experiment (Enhanced with Entity Schema)
2026-02-12 08:58:19,561 - INFO - ============================================================
2026-02-12 08:58:19,561 - INFO - Granularity: fine
2026-02-12 08:58:19,561 - INFO - Style: nl
2026-02-12 08:58:19,561 - INFO - Variation: backtrans_sp
2026-02-12 08:58:19,561 - INFO - Model: qwen2.5-coder:7b
2026-02-12 08:58:19,561 - INFO - ============================================================
2026-02-12 08:58:19,561 - INFO - Using ChatOllama (Chat API) for qwen2.5-coder:7b with timeout=180s
2026-02-12 08:58:19,599 - INFO - Discovered variations: ['default', 'sentence_reordering', 'backtrans_tu', 'backtrans_ch', 'reodering', 'lexical_substitution', 'backtrans_sp']
2026-02-12 08:58:19,599 - INFO - Discovered variations: ['default', 'sentence_reordering', 'backtrans_tu', 'backtrans_ch', 'reodering', 'lexical_substitution', 'backtrans_sp']
2026-02-12 08:58:19,599 - INFO - Entity types (66): ['art-broadcastprogram', 'art-film', 'art-music', 'art-other', 'art-painting', 'art-writtenart', 'building-airport', 'building-hospital', 'building-hotel', 'building-library', 'building-other', 'building-restaurant', 'building-sportsfacility', 'building-theater', 'event-attack/battle/war/militaryconflict', 'event-disaster', 'event-election', 'event-other', 'event-protest', 'event-sportsevent', 'location-GPE', 'location-bodiesofwater', 'location-island', 'location-mountain', 'location-other', 'location-park', 'location-road/railway/highway/transit', 'organization-company', 'organization-education', 'organization-government/governmentagency', 'organization-media/newspaper', 'organization-other', 'organization-politicalparty', 'organization-religion', 'organization-showorganization', 'organization-sportsleague', 'organization-sportsteam', 'other-astronomything', 'other-award', 'other-biologything', 'other-chemicalthing', 'other-currency', 'other-disease', 'other-educationaldegree', 'other-god', 'other-language', 'other-law', 'other-livingthing', 'other-medical', 'person-actor', 'person-artist/author', 'person-athlete', 'person-director', 'person-other', 'person-politician', 'person-scholar', 'person-soldier', 'product-airplane', 'product-car', 'product-food', 'product-game', 'product-other', 'product-ship', 'product-software', 'product-train', 'product-weapon']
2026-02-12 08:58:19,599 - INFO - Entity types (66): ['art-broadcastprogram', 'art-film', 'art-music', 'art-other', 'art-painting', 'art-writtenart', 'building-airport', 'building-hospital', 'building-hotel', 'building-library', 'building-other', 'building-restaurant', 'building-sportsfacility', 'building-theater', 'event-attack/battle/war/militaryconflict', 'event-disaster', 'event-election', 'event-other', 'event-protest', 'event-sportsevent', 'location-GPE', 'location-bodiesofwater', 'location-island', 'location-mountain', 'location-other', 'location-park', 'location-road/railway/highway/transit', 'organization-company', 'organization-education', 'organization-government/governmentagency', 'organization-media/newspaper', 'organization-other', 'organization-politicalparty', 'organization-religion', 'organization-showorganization', 'organization-sportsleague', 'organization-sportsteam', 'other-astronomything', 'other-award', 'other-biologything', 'other-chemicalthing', 'other-currency', 'other-disease', 'other-educationaldegree', 'other-god', 'other-language', 'other-law', 'other-livingthing', 'other-medical', 'person-actor', 'person-artist/author', 'person-athlete', 'person-director', 'person-other', 'person-politician', 'person-scholar', 'person-soldier', 'product-airplane', 'product-car', 'product-food', 'product-game', 'product-other', 'product-ship', 'product-software', 'product-train', 'product-weapon']
2026-02-12 08:58:19,599 - INFO - Loading test data from: /home/ann/fiz-ddb/notebook/KDAI-Experiments-CodeIE/few-nerd_test
2026-02-12 08:58:19,599 - INFO - Loading test data from: /home/ann/fiz-ddb/notebook/KDAI-Experiments-CodeIE/few-nerd_test
Traceback (most recent call last):
Traceback (most recent call last):
  File "/home/ann/fiz-ddb/notebook/KDAI-Experiments-CodeIE/CodeIE/orchestrator.py", line 303, in run_experiment_task
    metrics = run_experiment(
              ^^^^^^^^^^^^^^^
  File "/home/ann/fiz-ddb/notebook/KDAI-Experiments-CodeIE/CodeIE/run_codeie_experiments.py", line 834, in run_experiment
    ds_test = load_from_disk(test_path)
              ^^^^^^^^^^^^^^^^^^^^^^^^^
  File "/home/ann/anaconda3/envs/CodeIE/lib/python3.12/site-packages/datasets/load.py", line 1562, in load_from_disk
    raise FileNotFoundError(f"Directory {dataset_path} not found")
  File "/home/ann/fiz-ddb/notebook/KDAI-Experiments-CodeIE/CodeIE/orchestrator.py", line 303, in run_experiment_task
    metrics = run_experiment(
              ^^^^^^^^^^^^^^^
FileNotFoundError: Directory /home/ann/fiz-ddb/notebook/KDAI-Experiments-CodeIE/few-nerd_test not found
  File "/home/ann/fiz-ddb/notebook/KDAI-Experiments-CodeIE/CodeIE/run_codeie_experiments.py", line 834, in run_experiment
    ds_test = load_from_disk(test_path)
              ^^^^^^^^^^^^^^^^^^^^^^^^^
  File "/home/ann/anaconda3/envs/CodeIE/lib/python3.12/site-packages/datasets/load.py", line 1562, in load_from_disk
    raise FileNotFoundError(f"Directory {dataset_path} not found")
FileNotFoundError: Directory /home/ann/fiz-ddb/notebook/KDAI-Experiments-CodeIE/few-nerd_test not found
2026-02-12 08:58:19,601 - ERROR - Failed: qwen2.5-coder_fine_nl_sentence_reordering - Directory /home/ann/fiz-ddb/notebook/KDAI-Experiments-CodeIE/few-nerd_test not found
2026-02-12 08:58:19,602 - INFO - Discovered variations: ['default', 'sentence_reordering', 'backtrans_tu', 'backtrans_ch', 'reodering', 'lexical_substitution', 'backtrans_sp']
2026-02-12 08:58:19,602 - INFO - Entity types (66): ['art-broadcastprogram', 'art-film', 'art-music', 'art-other', 'art-painting', 'art-writtenart', 'building-airport', 'building-hospital', 'building-hotel', 'building-library', 'building-other', 'building-restaurant', 'building-sportsfacility', 'building-theater', 'event-attack/battle/war/militaryconflict', 'event-disaster', 'event-election', 'event-other', 'event-protest', 'event-sportsevent', 'location-GPE', 'location-bodiesofwater', 'location-island', 'location-mountain', 'location-other', 'location-park', 'location-road/railway/highway/transit', 'organization-company', 'organization-education', 'organization-government/governmentagency', 'organization-media/newspaper', 'organization-other', 'organization-politicalparty', 'organization-religion', 'organization-showorganization', 'organization-sportsleague', 'organization-sportsteam', 'other-astronomything', 'other-award', 'other-biologything', 'other-chemicalthing', 'other-currency', 'other-disease', 'other-educationaldegree', 'other-god', 'other-language', 'other-law', 'other-livingthing', 'other-medical', 'person-actor', 'person-artist/author', 'person-athlete', 'person-director', 'person-other', 'person-politician', 'person-scholar', 'person-soldier', 'product-airplane', 'product-car', 'product-food', 'product-game', 'product-other', 'product-ship', 'product-software', 'product-train', 'product-weapon']
2026-02-12 08:58:19,602 - INFO - Loading test data from: /home/ann/fiz-ddb/notebook/KDAI-Experiments-CodeIE/few-nerd_test
2026-02-12 08:58:19,602 - INFO - ============================================================
2026-02-12 08:58:19,602 - INFO - CodeIE NER Experiment (Enhanced with Entity Schema)
2026-02-12 08:58:19,602 - INFO - ============================================================
2026-02-12 08:58:19,602 - INFO - Granularity: fine
Traceback (most recent call last):
2026-02-12 08:58:19,602 - INFO - Style: nl
2026-02-12 08:58:19,602 - INFO - Variation: backtrans_tu
2026-02-12 08:58:19,602 - INFO - ============================================================
2026-02-12 08:58:19,602 - INFO - Model: qwen2.5-coder:7b
2026-02-12 08:58:19,602 - INFO - Discovered variations: ['default', 'sentence_reordering', 'backtrans_tu', 'backtrans_ch', 'reodering', 'lexical_substitution', 'backtrans_sp']
2026-02-12 08:58:19,602 - INFO - CodeIE NER Experiment (Enhanced with Entity Schema)
2026-02-12 08:58:19,603 - INFO - ============================================================
2026-02-12 08:58:19,603 - INFO - ============================================================
2026-02-12 08:58:19,603 - INFO - Entity types (66): ['art-broadcastprogram', 'art-film', 'art-music', 'art-other', 'art-painting', 'art-writtenart', 'building-airport', 'building-hospital', 'building-hotel', 'building-library', 'building-other', 'building-restaurant', 'building-sportsfacility', 'building-theater', 'event-attack/battle/war/militaryconflict', 'event-disaster', 'event-election', 'event-other', 'event-protest', 'event-sportsevent', 'location-GPE', 'location-bodiesofwater', 'location-island', 'location-mountain', 'location-other', 'location-park', 'location-road/railway/highway/transit', 'organization-company', 'organization-education', 'organization-government/governmentagency', 'organization-media/newspaper', 'organization-other', 'organization-politicalparty', 'organization-religion', 'organization-showorganization', 'organization-sportsleague', 'organization-sportsteam', 'other-astronomything', 'other-award', 'other-biologything', 'other-chemicalthing', 'other-currency', 'other-disease', 'other-educationaldegree', 'other-god', 'other-language', 'other-law', 'other-livingthing', 'other-medical', 'person-actor', 'person-artist/author', 'person-athlete', 'person-director', 'person-other', 'person-politician', 'person-scholar', 'person-soldier', 'product-airplane', 'product-car', 'product-food', 'product-game', 'product-other', 'product-ship', 'product-software', 'product-train', 'product-weapon']
2026-02-12 08:58:19,603 - INFO - Granularity: fine
  File "/home/ann/fiz-ddb/notebook/KDAI-Experiments-CodeIE/CodeIE/orchestrator.py", line 303, in run_experiment_task
    metrics = run_experiment(
              ^^^^^^^^^^^^^^^
  File "/home/ann/fiz-ddb/notebook/KDAI-Experiments-CodeIE/CodeIE/run_codeie_experiments.py", line 834, in run_experiment
    ds_test = load_from_disk(test_path)
              ^^^^^^^^^^^^^^^^^^^^^^^^^
  File "/home/ann/anaconda3/envs/CodeIE/lib/python3.12/site-packages/datasets/load.py", line 1562, in load_from_disk
    raise FileNotFoundError(f"Directory {dataset_path} not found")
2026-02-12 08:58:19,603 - INFO - Style: nl
2026-02-12 08:58:19,603 - INFO - Loading test data from: /home/ann/fiz-ddb/notebook/KDAI-Experiments-CodeIE/few-nerd_test
FileNotFoundError: Directory /home/ann/fiz-ddb/notebook/KDAI-Experiments-CodeIE/few-nerd_test not found
2026-02-12 08:58:19,603 - INFO - Variation: backtrans_tu
2026-02-12 08:58:19,603 - INFO - Using ChatOllama (Chat API) for qwen2.5-coder:7b with timeout=180s
2026-02-12 08:58:19,603 - INFO - Model: qwen2.5:7b
2026-02-12 08:58:19,603 - INFO - ============================================================
2026-02-12 08:58:19,603 - INFO - Using ChatOllama (Chat API) for qwen2.5:7b with timeout=180s
Traceback (most recent call last):
  File "/home/ann/fiz-ddb/notebook/KDAI-Experiments-CodeIE/CodeIE/orchestrator.py", line 303, in run_experiment_task
    metrics = run_experiment(
              ^^^^^^^^^^^^^^^
  File "/home/ann/fiz-ddb/notebook/KDAI-Experiments-CodeIE/CodeIE/run_codeie_experiments.py", line 834, in run_experiment
    ds_test = load_from_disk(test_path)
              ^^^^^^^^^^^^^^^^^^^^^^^^^
  File "/home/ann/anaconda3/envs/CodeIE/lib/python3.12/site-packages/datasets/load.py", line 1562, in load_from_disk
    raise FileNotFoundError(f"Directory {dataset_path} not found")
FileNotFoundError: Directory /home/ann/fiz-ddb/notebook/KDAI-Experiments-CodeIE/few-nerd_test not found
2026-02-12 08:58:19,603 - ERROR - Failed: qwen2.5_fine_nl_sentence_reordering - Directory /home/ann/fiz-ddb/notebook/KDAI-Experiments-CodeIE/few-nerd_test not found
2026-02-12 08:58:19,604 - ERROR - Failed: qwen2.5_fine_nl_backtrans_ch - Directory /home/ann/fiz-ddb/notebook/KDAI-Experiments-CodeIE/few-nerd_test not found
2026-02-12 08:58:19,604 - WARNING - 3 consecutive failures detected. Triggering Ollama recovery...
2026-02-12 08:58:19,606 - INFO - Discovered variations: ['default', 'sentence_reordering', 'backtrans_tu', 'backtrans_ch', 'reodering', 'lexical_substitution', 'backtrans_sp']
2026-02-12 08:58:19,606 - ERROR - Failed: qwen2.5-coder_fine_nl_backtrans_ch - Directory /home/ann/fiz-ddb/notebook/KDAI-Experiments-CodeIE/few-nerd_test not found
2026-02-12 08:58:19,606 - INFO - Discovered variations: ['default', 'sentence_reordering', 'backtrans_tu', 'backtrans_ch', 'reodering', 'lexical_substitution', 'backtrans_sp']
2026-02-12 08:58:19,606 - INFO - Entity types (66): ['art-broadcastprogram', 'art-film', 'art-music', 'art-other', 'art-painting', 'art-writtenart', 'building-airport', 'building-hospital', 'building-hotel', 'building-library', 'building-other', 'building-restaurant', 'building-sportsfacility', 'building-theater', 'event-attack/battle/war/militaryconflict', 'event-disaster', 'event-election', 'event-other', 'event-protest', 'event-sportsevent', 'location-GPE', 'location-bodiesofwater', 'location-island', 'location-mountain', 'location-other', 'location-park', 'location-road/railway/highway/transit', 'organization-company', 'organization-education', 'organization-government/governmentagency', 'organization-media/newspaper', 'organization-other', 'organization-politicalparty', 'organization-religion', 'organization-showorganization', 'organization-sportsleague', 'organization-sportsteam', 'other-astronomything', 'other-award', 'other-biologything', 'other-chemicalthing', 'other-currency', 'other-disease', 'other-educationaldegree', 'other-god', 'other-language', 'other-law', 'other-livingthing', 'other-medical', 'person-actor', 'person-artist/author', 'person-athlete', 'person-director', 'person-other', 'person-politician', 'person-scholar', 'person-soldier', 'product-airplane', 'product-car', 'product-food', 'product-game', 'product-other', 'product-ship', 'product-software', 'product-train', 'product-weapon']
2026-02-12 08:58:19,607 - INFO - Entity types (66): ['art-broadcastprogram', 'art-film', 'art-music', 'art-other', 'art-painting', 'art-writtenart', 'building-airport', 'building-hospital', 'building-hotel', 'building-library', 'building-other', 'building-restaurant', 'building-sportsfacility', 'building-theater', 'event-attack/battle/war/militaryconflict', 'event-disaster', 'event-election', 'event-other', 'event-protest', 'event-sportsevent', 'location-GPE', 'location-bodiesofwater', 'location-island', 'location-mountain', 'location-other', 'location-park', 'location-road/railway/highway/transit', 'organization-company', 'organization-education', 'organization-government/governmentagency', 'organization-media/newspaper', 'organization-other', 'organization-politicalparty', 'organization-religion', 'organization-showorganization', 'organization-sportsleague', 'organization-sportsteam', 'other-astronomything', 'other-award', 'other-biologything', 'other-chemicalthing', 'other-currency', 'other-disease', 'other-educationaldegree', 'other-god', 'other-language', 'other-law', 'other-livingthing', 'other-medical', 'person-actor', 'person-artist/author', 'person-athlete', 'person-director', 'person-other', 'person-politician', 'person-scholar', 'person-soldier', 'product-airplane', 'product-car', 'product-food', 'product-game', 'product-other', 'product-ship', 'product-software', 'product-train', 'product-weapon']
2026-02-12 08:58:19,607 - INFO - Loading test data from: /home/ann/fiz-ddb/notebook/KDAI-Experiments-CodeIE/few-nerd_test
2026-02-12 08:58:19,607 - INFO - Loading test data from: /home/ann/fiz-ddb/notebook/KDAI-Experiments-CodeIE/few-nerd_test
Traceback (most recent call last):
Traceback (most recent call last):
  File "/home/ann/fiz-ddb/notebook/KDAI-Experiments-CodeIE/CodeIE/orchestrator.py", line 303, in run_experiment_task
    metrics = run_experiment(
              ^^^^^^^^^^^^^^^
  File "/home/ann/fiz-ddb/notebook/KDAI-Experiments-CodeIE/CodeIE/run_codeie_experiments.py", line 834, in run_experiment
    ds_test = load_from_disk(test_path)
              ^^^^^^^^^^^^^^^^^^^^^^^^^
  File "/home/ann/anaconda3/envs/CodeIE/lib/python3.12/site-packages/datasets/load.py", line 1562, in load_from_disk
    raise FileNotFoundError(f"Directory {dataset_path} not found")
  File "/home/ann/fiz-ddb/notebook/KDAI-Experiments-CodeIE/CodeIE/orchestrator.py", line 303, in run_experiment_task
    metrics = run_experiment(
              ^^^^^^^^^^^^^^^
  File "/home/ann/fiz-ddb/notebook/KDAI-Experiments-CodeIE/CodeIE/run_codeie_experiments.py", line 834, in run_experiment
    ds_test = load_from_disk(test_path)
              ^^^^^^^^^^^^^^^^^^^^^^^^^
FileNotFoundError: Directory /home/ann/fiz-ddb/notebook/KDAI-Experiments-CodeIE/few-nerd_test not found
  File "/home/ann/anaconda3/envs/CodeIE/lib/python3.12/site-packages/datasets/load.py", line 1562, in load_from_disk
    raise FileNotFoundError(f"Directory {dataset_path} not found")
FileNotFoundError: Directory /home/ann/fiz-ddb/notebook/KDAI-Experiments-CodeIE/few-nerd_test not found
2026-02-12 08:58:19,609 - ERROR - Failed: qwen2.5_fine_nl_backtrans_sp - Directory /home/ann/fiz-ddb/notebook/KDAI-Experiments-CodeIE/few-nerd_test not found
2026-02-12 08:58:19,609 - ERROR - Failed: qwen2.5-coder_fine_nl_backtrans_sp - Directory /home/ann/fiz-ddb/notebook/KDAI-Experiments-CodeIE/few-nerd_test not found
2026-02-12 08:58:19,609 - WARNING - 3 consecutive failures detected. Triggering Ollama recovery...
2026-02-12 08:58:19,647 - INFO - Discovered variations: ['default', 'sentence_reordering', 'backtrans_tu', 'backtrans_ch', 'reodering', 'lexical_substitution', 'backtrans_sp']
2026-02-12 08:58:19,647 - INFO - Entity types (66): ['art-broadcastprogram', 'art-film', 'art-music', 'art-other', 'art-painting', 'art-writtenart', 'building-airport', 'building-hospital', 'building-hotel', 'building-library', 'building-other', 'building-restaurant', 'building-sportsfacility', 'building-theater', 'event-attack/battle/war/militaryconflict', 'event-disaster', 'event-election', 'event-other', 'event-protest', 'event-sportsevent', 'location-GPE', 'location-bodiesofwater', 'location-island', 'location-mountain', 'location-other', 'location-park', 'location-road/railway/highway/transit', 'organization-company', 'organization-education', 'organization-government/governmentagency', 'organization-media/newspaper', 'organization-other', 'organization-politicalparty', 'organization-religion', 'organization-showorganization', 'organization-sportsleague', 'organization-sportsteam', 'other-astronomything', 'other-award', 'other-biologything', 'other-chemicalthing', 'other-currency', 'other-disease', 'other-educationaldegree', 'other-god', 'other-language', 'other-law', 'other-livingthing', 'other-medical', 'person-actor', 'person-artist/author', 'person-athlete', 'person-director', 'person-other', 'person-politician', 'person-scholar', 'person-soldier', 'product-airplane', 'product-car', 'product-food', 'product-game', 'product-other', 'product-ship', 'product-software', 'product-train', 'product-weapon']
2026-02-12 08:58:19,647 - INFO - Loading test data from: /home/ann/fiz-ddb/notebook/KDAI-Experiments-CodeIE/few-nerd_test
Traceback (most recent call last):
  File "/home/ann/fiz-ddb/notebook/KDAI-Experiments-CodeIE/CodeIE/orchestrator.py", line 303, in run_experiment_task
    metrics = run_experiment(
              ^^^^^^^^^^^^^^^
  File "/home/ann/fiz-ddb/notebook/KDAI-Experiments-CodeIE/CodeIE/run_codeie_experiments.py", line 834, in run_experiment
    ds_test = load_from_disk(test_path)
              ^^^^^^^^^^^^^^^^^^^^^^^^^
  File "/home/ann/anaconda3/envs/CodeIE/lib/python3.12/site-packages/datasets/load.py", line 1562, in load_from_disk
    raise FileNotFoundError(f"Directory {dataset_path} not found")
FileNotFoundError: Directory /home/ann/fiz-ddb/notebook/KDAI-Experiments-CodeIE/few-nerd_test not found
2026-02-12 08:58:19,649 - INFO - Discovered variations: ['default', 'sentence_reordering', 'backtrans_tu', 'backtrans_ch', 'reodering', 'lexical_substitution', 'backtrans_sp']
2026-02-12 08:58:19,649 - INFO - Entity types (66): ['art-broadcastprogram', 'art-film', 'art-music', 'art-other', 'art-painting', 'art-writtenart', 'building-airport', 'building-hospital', 'building-hotel', 'building-library', 'building-other', 'building-restaurant', 'building-sportsfacility', 'building-theater', 'event-attack/battle/war/militaryconflict', 'event-disaster', 'event-election', 'event-other', 'event-protest', 'event-sportsevent', 'location-GPE', 'location-bodiesofwater', 'location-island', 'location-mountain', 'location-other', 'location-park', 'location-road/railway/highway/transit', 'organization-company', 'organization-education', 'organization-government/governmentagency', 'organization-media/newspaper', 'organization-other', 'organization-politicalparty', 'organization-religion', 'organization-showorganization', 'organization-sportsleague', 'organization-sportsteam', 'other-astronomything', 'other-award', 'other-biologything', 'other-chemicalthing', 'other-currency', 'other-disease', 'other-educationaldegree', 'other-god', 'other-language', 'other-law', 'other-livingthing', 'other-medical', 'person-actor', 'person-artist/author', 'person-athlete', 'person-director', 'person-other', 'person-politician', 'person-scholar', 'person-soldier', 'product-airplane', 'product-car', 'product-food', 'product-game', 'product-other', 'product-ship', 'product-software', 'product-train', 'product-weapon']
2026-02-12 08:58:19,649 - INFO - Loading test data from: /home/ann/fiz-ddb/notebook/KDAI-Experiments-CodeIE/few-nerd_test
Traceback (most recent call last):
  File "/home/ann/fiz-ddb/notebook/KDAI-Experiments-CodeIE/CodeIE/orchestrator.py", line 303, in run_experiment_task
    metrics = run_experiment(
              ^^^^^^^^^^^^^^^
  File "/home/ann/fiz-ddb/notebook/KDAI-Experiments-CodeIE/CodeIE/run_codeie_experiments.py", line 834, in run_experiment
    ds_test = load_from_disk(test_path)
              ^^^^^^^^^^^^^^^^^^^^^^^^^
  File "/home/ann/anaconda3/envs/CodeIE/lib/python3.12/site-packages/datasets/load.py", line 1562, in load_from_disk
    raise FileNotFoundError(f"Directory {dataset_path} not found")
FileNotFoundError: Directory /home/ann/fiz-ddb/notebook/KDAI-Experiments-CodeIE/few-nerd_test not found
2026-02-12 08:58:19,649 - ERROR - Failed: qwen2.5-coder_fine_nl_backtrans_tu - Directory /home/ann/fiz-ddb/notebook/KDAI-Experiments-CodeIE/few-nerd_test not found
2026-02-12 08:58:19,650 - ERROR - Failed: qwen2.5_fine_nl_backtrans_tu - Directory /home/ann/fiz-ddb/notebook/KDAI-Experiments-CodeIE/few-nerd_test not found
2026-02-12 08:58:19,650 - ERROR - FATAL: 100.0% of runs failed (56/56). Too many failures to continue. Check Ollama and model configuration.
Total Progress (Samples):   0%|          | 0/210840 [00:00<?, ?sample/s]
Traceback (most recent call last):
  File "/home/ann/fiz-ddb/notebook/KDAI-Experiments-CodeIE/CodeIE/orchestrator.py", line 1566, in <module>
    main()
  File "/home/ann/fiz-ddb/notebook/KDAI-Experiments-CodeIE/CodeIE/orchestrator.py", line 1551, in main
    orchestrator.run_all(
  File "/home/ann/fiz-ddb/notebook/KDAI-Experiments-CodeIE/CodeIE/orchestrator.py", line 1353, in run_all
    raise RuntimeError(error_msg)
RuntimeError: FATAL: 100.0% of runs failed (56/56). Too many failures to continue. Check Ollama and model configuration.
