============================================================
Starting CodeIE Full Test Suite & Experiments
Model: mistral (via Ollama)
Timestamp: 20260208_172519
Logging to: CodeIE/logs/full_run_mistral_20260208_172519.log
============================================================

>>> STEP 1: Running Inference Unit Tests
------------------------------------------------------------
Command line override: Model set to mistral
Loading test data from: /Users/marcrodig/Development/kdai/KDAI-Experiments/few-nerd_test
Test Sentence: In the early 1930s the band moved to the Grill Room of the Taft Hotel in New York ; the band was renamed `` George Hall and His Hotel Taft Orchestra `` .


======================================================================
          CODEIE INFERENCE UNIT TESTS
          Model: mistral
======================================================================


======================================================================
                        TEST RESULTS SUMMARY
======================================================================

Test Name                                Status     Details
----------------------------------------------------------------------
Coarse NL (Natural Language)             💥 ERROR    ExperimentConfig.__init__() go...
Coarse PL (Python Code)                  💥 ERROR    ExperimentConfig.__init__() go...
Fine NL (Natural Language)               💥 ERROR    ExperimentConfig.__init__() go...
Fine PL (Python Code)                    💥 ERROR    ExperimentConfig.__init__() go...
----------------------------------------------------------------------

Total: 4 | Passed: 0 | Failed: 4

⚠️  4 test(s) failed. See details above.
======================================================================


>>> STEP 2: Running Single Test Experiment (Coarse PL)
------------------------------------------------------------
2026-02-08 17:25:26,974 - INFO - ============================================================
2026-02-08 17:25:26,975 - INFO - CodeIE NER Experiment (Enhanced with Entity Schema)
2026-02-08 17:25:26,975 - INFO - ============================================================
2026-02-08 17:25:26,975 - INFO - Granularity: coarse
2026-02-08 17:25:26,975 - INFO - Style: pl
2026-02-08 17:25:26,975 - INFO - Variation: default
2026-02-08 17:25:26,975 - INFO - Model: mistral
2026-02-08 17:25:26,975 - INFO - ============================================================
2026-02-08 17:25:26,975 - INFO - Using ChatOllama (Chat API) for mistral
2026-02-08 17:25:27,008 - INFO - Entity types (8): ['art', 'building', 'event', 'location', 'organization', 'other', 'person', 'product']
2026-02-08 17:25:27,008 - INFO - Loading test data from: /Users/marcrodig/Development/kdai/KDAI-Experiments/few-nerd_test
2026-02-08 17:25:27,025 - INFO - Using base prompt from: /Users/marcrodig/Development/kdai/KDAI-Experiments/CodeIE/prompts/base/coarse_pl_1shot.txt
2026-02-08 17:25:27,026 - INFO - ICL prompt length: 3554 characters
2026-02-08 17:25:27,026 - INFO - Sample ICL prompt (first 1000 chars):
2026-02-08 17:25:27,026 - INFO - ----------------------------------------
2026-02-08 17:25:27,026 - INFO - # TASK: Complete the Python code by adding entity_list.append() statements.
2026-02-08 17:25:27,026 - INFO - # DO NOT explain the code. Just output the entity_list.append() lines.
2026-02-08 17:25:27,026 - INFO - 
2026-02-08 17:25:27,026 - INFO - # You are an expert Named Entity Recognition (NER) system specializing in extracting entities from text.
2026-02-08 17:25:27,026 - INFO - # For each input_text, identify named entities and add them using entity_list.append().
2026-02-08 17:25:27,026 - INFO - 
2026-02-08 17:25:27,026 - INFO - # Entity Types:
2026-02-08 17:25:27,026 - INFO - # - art: A work of art including films, books, music, paintings, or other creative works.
2026-02-08 17:25:27,026 - INFO - # - building: A named structure or building, such as a stadium, museum, or hotel.
2026-02-08 17:25:27,026 - INFO - # - event: A named event such as a war, sports event, festival, or historical occurrence.
2026-02-08 17:25:27,026 - INFO - # - location: A geographical location such as a city, country, continent, region, or landmark.
2026-02-08 17:25:27,026 - INFO - # - organization: A named organization, institution, company, or group.
2026-02-08 17:25:27,026 - INFO - # - other: Other named entities that don't fit into the above categories.
2026-02-08 17:25:27,026 - INFO - # - person: A named individual, including fictional characters, historical figures, celebrities, and common people.
2026-02-08 17:25:27,026 - INFO - # - product: A named co
2026-02-08 17:25:27,026 - INFO - ----------------------------------------
2026-02-08 17:25:27,026 - INFO - Processing 5 test samples...
2026-02-08 17:25:27,030 - ERROR - Inference failed: [Errno 61] Connection refused
2026-02-08 17:25:27,032 - ERROR - Inference failed: [Errno 61] Connection refused
2026-02-08 17:25:27,033 - ERROR - Inference failed: [Errno 61] Connection refused
2026-02-08 17:25:27,034 - ERROR - Inference failed: [Errno 61] Connection refused
2026-02-08 17:25:27,035 - ERROR - Inference failed: [Errno 61] Connection refused
2026-02-08 17:25:27,035 - INFO - Progress: 5/5 | P: 0.0000 | R: 0.0000 | Micro-F1: 0.0000 | Macro-F1: 0.0000
2026-02-08 17:25:27,036 - INFO - ============================================================
2026-02-08 17:25:27,036 - INFO - Final Results
2026-02-08 17:25:27,036 - INFO - ============================================================
2026-02-08 17:25:27,036 - INFO - Precision:  0.0000
2026-02-08 17:25:27,036 - INFO - Recall:     0.0000
2026-02-08 17:25:27,036 - INFO - Micro F1:   0.0000
2026-02-08 17:25:27,036 - INFO - Macro F1:   0.0000
2026-02-08 17:25:27,036 - INFO - ----------------------------------------
2026-02-08 17:25:27,036 - INFO - Per-Type F1 Scores:
2026-02-08 17:25:27,036 - INFO -   building                       F1: 0.0000 (P: 0.0000, R: 0.0000)
2026-02-08 17:25:27,036 - INFO -   event                          F1: 0.0000 (P: 0.0000, R: 0.0000)
2026-02-08 17:25:27,036 - INFO -   location                       F1: 0.0000 (P: 0.0000, R: 0.0000)
2026-02-08 17:25:27,036 - INFO -   organization                   F1: 0.0000 (P: 0.0000, R: 0.0000)
2026-02-08 17:25:27,036 - INFO -   person                         F1: 0.0000 (P: 0.0000, R: 0.0000)
2026-02-08 17:25:27,036 - INFO -   product                        F1: 0.0000 (P: 0.0000, R: 0.0000)
2026-02-08 17:25:27,036 - INFO - ----------------------------------------
2026-02-08 17:25:27,036 - INFO - Results saved to: /Users/marcrodig/Development/kdai/KDAI-Experiments/CodeIE/CODEIE-results/coarse_pl_default_mistral_20260208_172527.json
2026-02-08 17:25:27,036 - INFO - ============================================================
2026-02-08 17:25:27,036 - INFO - Updated experiment matrix: /Users/marcrodig/Development/kdai/KDAI-Experiments/CodeIE/CODEIE-results/experiment_matrix.csv

>>> STEP 3: Running Full Orchestrator (All Variations)
------------------------------------------------------------
2026-02-08 17:25:27,577 - INFO - Loaded environment from .env file
2026-02-08 17:25:27,584 - INFO - Orchestrator initialized with config: /Users/marcrodig/Development/kdai/KDAI-Experiments/CodeIE/config/experiment_config.yaml
2026-02-08 17:25:27,584 - INFO - 
############################################################
2026-02-08 17:25:27,584 - INFO - # CodeIE Experiment Orchestrator
2026-02-08 17:25:27,584 - INFO - # One-Stop Shop Pipeline
2026-02-08 17:25:27,584 - INFO - ############################################################
2026-02-08 17:25:27,584 - INFO - 
[Step 1/3] Checking prompt variations...
2026-02-08 17:25:27,584 - INFO -   Existing: 28/24
2026-02-08 17:25:27,584 - INFO -   Missing: 0/24
2026-02-08 17:25:27,584 - INFO - 
[Step 2/3] Generating experiment matrix...
2026-02-08 17:25:27,585 - INFO - Generated 28 experiment runs
2026-02-08 17:25:27,585 - INFO -   Total experiments: 28
2026-02-08 17:25:27,585 - INFO - 
[Step 3/3] Running experiments...
2026-02-08 17:25:27,585 - INFO - 
[1/28] Starting: mistral_base_coarse_pl_base
2026-02-08 17:25:27,585 - INFO - 
============================================================
2026-02-08 17:25:27,585 - INFO - Running: mistral_base_coarse_pl_base
2026-02-08 17:25:27,585 - INFO -   Model: mistral
2026-02-08 17:25:27,585 - INFO -   Granularity: coarse
2026-02-08 17:25:27,585 - INFO -   Style: pl
2026-02-08 17:25:27,585 - INFO -   Variation: base
2026-02-08 17:25:27,585 - INFO -   Prompt: /Users/marcrodig/Development/kdai/KDAI-Experiments/CodeIE/prompts/base/coarse_pl_1shot.txt
2026-02-08 17:25:27,585 - INFO - ============================================================
2026-02-08 17:25:29,819 - INFO - NumExpr defaulting to 8 threads.
2026-02-08 17:25:30,116 - INFO - ============================================================
2026-02-08 17:25:30,116 - INFO - CodeIE NER Experiment (Enhanced with Entity Schema)
2026-02-08 17:25:30,116 - INFO - ============================================================
2026-02-08 17:25:30,116 - INFO - Granularity: coarse
2026-02-08 17:25:30,116 - INFO - Style: pl
2026-02-08 17:25:30,116 - INFO - Variation: v0_original
2026-02-08 17:25:30,116 - INFO - Model: mistral
2026-02-08 17:25:30,116 - INFO - ============================================================
2026-02-08 17:25:30,116 - INFO - Using ChatOllama (Chat API) for mistral
2026-02-08 17:25:30,147 - WARNING - Variation 'v0_original' not found, using 'default' instead
2026-02-08 17:25:30,147 - INFO - Available PL variations: ['default']
2026-02-08 17:25:30,147 - INFO - Entity types (8): ['art', 'building', 'event', 'location', 'organization', 'other', 'person', 'product']
2026-02-08 17:25:30,147 - INFO - Loading test data from: /Users/marcrodig/Development/kdai/KDAI-Experiments/few-nerd_test
2026-02-08 17:25:30,165 - INFO - Loading pre-generated prompt from: /Users/marcrodig/Development/kdai/KDAI-Experiments/CodeIE/prompts/base/coarse_pl_1shot.txt
2026-02-08 17:25:30,165 - INFO - ICL prompt length: 3554 characters
2026-02-08 17:25:30,165 - INFO - Sample ICL prompt (first 1000 chars):
2026-02-08 17:25:30,165 - INFO - ----------------------------------------
2026-02-08 17:25:30,165 - INFO - # TASK: Complete the Python code by adding entity_list.append() statements.
2026-02-08 17:25:30,165 - INFO - # DO NOT explain the code. Just output the entity_list.append() lines.
2026-02-08 17:25:30,165 - INFO - 
2026-02-08 17:25:30,165 - INFO - # You are an expert Named Entity Recognition (NER) system specializing in extracting entities from text.
2026-02-08 17:25:30,165 - INFO - # For each input_text, identify named entities and add them using entity_list.append().
2026-02-08 17:25:30,165 - INFO - 
2026-02-08 17:25:30,165 - INFO - # Entity Types:
2026-02-08 17:25:30,165 - INFO - # - art: A work of art including films, books, music, paintings, or other creative works.
2026-02-08 17:25:30,165 - INFO - # - building: A named structure or building, such as a stadium, museum, or hotel.
2026-02-08 17:25:30,165 - INFO - # - event: A named event such as a war, sports event, festival, or historical occurrence.
2026-02-08 17:25:30,165 - INFO - # - location: A geographical location such as a city, country, continent, region, or landmark.
2026-02-08 17:25:30,165 - INFO - # - organization: A named organization, institution, company, or group.
2026-02-08 17:25:30,165 - INFO - # - other: Other named entities that don't fit into the above categories.
2026-02-08 17:25:30,165 - INFO - # - person: A named individual, including fictional characters, historical figures, celebrities, and common people.
2026-02-08 17:25:30,166 - INFO - # - product: A named co
2026-02-08 17:25:30,166 - INFO - ----------------------------------------
2026-02-08 17:25:30,166 - INFO - Processing 10 test samples...
2026-02-08 17:25:30,169 - ERROR - Inference failed: [Errno 61] Connection refused
2026-02-08 17:25:30,170 - ERROR - Inference failed: [Errno 61] Connection refused
2026-02-08 17:25:30,171 - ERROR - Inference failed: [Errno 61] Connection refused
2026-02-08 17:25:30,172 - ERROR - Inference failed: [Errno 61] Connection refused
2026-02-08 17:25:30,173 - ERROR - Inference failed: [Errno 61] Connection refused
2026-02-08 17:25:30,174 - ERROR - Inference failed: [Errno 61] Connection refused
2026-02-08 17:25:30,174 - ERROR - Inference failed: [Errno 61] Connection refused
2026-02-08 17:25:30,175 - ERROR - Inference failed: [Errno 61] Connection refused
2026-02-08 17:25:30,176 - ERROR - Inference failed: [Errno 61] Connection refused
2026-02-08 17:25:30,177 - ERROR - Inference failed: [Errno 61] Connection refused
2026-02-08 17:25:30,177 - INFO - Progress: 10/10 | P: 0.0000 | R: 0.0000 | Micro-F1: 0.0000 | Macro-F1: 0.0000
2026-02-08 17:25:30,178 - INFO - ============================================================
2026-02-08 17:25:30,178 - INFO - Final Results
2026-02-08 17:25:30,178 - INFO - ============================================================
2026-02-08 17:25:30,178 - INFO - Precision:  0.0000
2026-02-08 17:25:30,178 - INFO - Recall:     0.0000
2026-02-08 17:25:30,178 - INFO - Micro F1:   0.0000
2026-02-08 17:25:30,178 - INFO - Macro F1:   0.0000
2026-02-08 17:25:30,178 - INFO - ----------------------------------------
2026-02-08 17:25:30,178 - INFO - Per-Type F1 Scores:
2026-02-08 17:25:30,178 - INFO -   building                       F1: 0.0000 (P: 0.0000, R: 0.0000)
2026-02-08 17:25:30,178 - INFO -   event                          F1: 0.0000 (P: 0.0000, R: 0.0000)
2026-02-08 17:25:30,178 - INFO -   location                       F1: 0.0000 (P: 0.0000, R: 0.0000)
2026-02-08 17:25:30,178 - INFO -   organization                   F1: 0.0000 (P: 0.0000, R: 0.0000)
2026-02-08 17:25:30,178 - INFO -   other                          F1: 0.0000 (P: 0.0000, R: 0.0000)
2026-02-08 17:25:30,178 - INFO -   person                         F1: 0.0000 (P: 0.0000, R: 0.0000)
2026-02-08 17:25:30,178 - INFO -   product                        F1: 0.0000 (P: 0.0000, R: 0.0000)
2026-02-08 17:25:30,178 - INFO - ----------------------------------------
2026-02-08 17:25:30,178 - INFO - Results saved to: /Users/marcrodig/Development/kdai/KDAI-Experiments/CodeIE/CODEIE-results/coarse_pl_default_mistral_20260208_172530.json
2026-02-08 17:25:30,178 - INFO - ============================================================
2026-02-08 17:25:30,178 - INFO - Updated experiment matrix: /Users/marcrodig/Development/kdai/KDAI-Experiments/CodeIE/CODEIE-results/experiment_matrix.csv
2026-02-08 17:25:30,178 - INFO - 
[2/28] Starting: mistral_base_coarse_pl_lexical_substitution
2026-02-08 17:25:30,178 - INFO - 
============================================================
2026-02-08 17:25:30,178 - INFO - Running: mistral_base_coarse_pl_lexical_substitution
2026-02-08 17:25:30,178 - INFO -   Model: mistral
2026-02-08 17:25:30,178 - INFO -   Granularity: coarse
2026-02-08 17:25:30,178 - INFO -   Style: pl
2026-02-08 17:25:30,178 - INFO -   Variation: lexical_substitution
2026-02-08 17:25:30,178 - INFO -   Prompt: /Users/marcrodig/Development/kdai/KDAI-Experiments/CodeIE/prompts/variations/coarse_pl_1shot/lexical_substitution.txt
2026-02-08 17:25:30,178 - INFO - ============================================================
2026-02-08 17:25:30,178 - INFO - ============================================================
2026-02-08 17:25:30,178 - INFO - CodeIE NER Experiment (Enhanced with Entity Schema)
2026-02-08 17:25:30,178 - INFO - ============================================================
2026-02-08 17:25:30,178 - INFO - Granularity: coarse
2026-02-08 17:25:30,178 - INFO - Style: pl
2026-02-08 17:25:30,179 - INFO - Variation: lexical_substitution
2026-02-08 17:25:30,179 - INFO - Model: mistral
2026-02-08 17:25:30,179 - INFO - ============================================================
2026-02-08 17:25:30,179 - INFO - Using ChatOllama (Chat API) for mistral
2026-02-08 17:25:30,211 - WARNING - Variation 'lexical_substitution' not found, using 'default' instead
2026-02-08 17:25:30,211 - INFO - Available PL variations: ['default']
2026-02-08 17:25:30,211 - INFO - Entity types (8): ['art', 'building', 'event', 'location', 'organization', 'other', 'person', 'product']
2026-02-08 17:25:30,211 - INFO - Loading test data from: /Users/marcrodig/Development/kdai/KDAI-Experiments/few-nerd_test
2026-02-08 17:25:30,216 - INFO - Loading pre-generated prompt from: /Users/marcrodig/Development/kdai/KDAI-Experiments/CodeIE/prompts/variations/coarse_pl_1shot/lexical_substitution.txt
2026-02-08 17:25:30,216 - INFO - ICL prompt length: 3703 characters
2026-02-08 17:25:30,216 - INFO - Sample ICL prompt (first 1000 chars):
2026-02-08 17:25:30,216 - INFO - ----------------------------------------
2026-02-08 17:25:30,216 - INFO - # OBJECTIVE: Finish the Python script by inserting entity_list.append() commands.
2026-02-08 17:25:30,216 - INFO - # NO explanations. Only print the entity_list.append() lines.
2026-02-08 17:25:30,216 - INFO - 
2026-02-08 17:25:30,216 - INFO - # You are a skilled Named Entity Recognition (NER) tool focused on mining entities from text.
2026-02-08 17:25:30,216 - INFO - # For every input_text, detect named entities and append them to the entity_list.
2026-02-08 17:25:30,216 - INFO - 
2026-02-08 17:25:30,216 - INFO - # Classification Categories:
2026-02-08 17:25:30,216 - INFO - # - art: A titled creative piece such as movies, literature, songs, artwork, or other artistic productions.
2026-02-08 17:25:30,216 - INFO - # - building: A specific edifice or construction, like a stadium, gallery, or inn.
2026-02-08 17:25:30,216 - INFO - # - event: A specific occasion like a conflict, athletic competition, gala, or historic incident.
2026-02-08 17:25:30,216 - INFO - # - location: A geographic place like a town, nation, landmass, area, or point of interest.
2026-02-08 17:25:30,216 - INFO - # - organization: A specific association, institute, enterprise, or team.
2026-02-08 17:25:30,216 - INFO - # - other: Miscellaneous named entities that do not belong to the listed groups.
2026-02-08 17:25:30,216 - INFO - # - person: A specific human, covering made-up figures, figures from history, stars, and ordinary individuals.
2026-02-08 17:25:30,216 - INFO - # 
2026-02-08 17:25:30,216 - INFO - ----------------------------------------
2026-02-08 17:25:30,216 - INFO - Processing 10 test samples...
2026-02-08 17:25:30,218 - ERROR - Inference failed: [Errno 61] Connection refused
2026-02-08 17:25:30,218 - ERROR - Inference failed: [Errno 61] Connection refused
2026-02-08 17:25:30,219 - ERROR - Inference failed: [Errno 61] Connection refused
2026-02-08 17:25:30,220 - ERROR - Inference failed: [Errno 61] Connection refused
2026-02-08 17:25:30,220 - ERROR - Inference failed: [Errno 61] Connection refused
2026-02-08 17:25:30,221 - ERROR - Inference failed: [Errno 61] Connection refused
2026-02-08 17:25:30,222 - ERROR - Inference failed: [Errno 61] Connection refused
2026-02-08 17:25:30,223 - ERROR - Inference failed: [Errno 61] Connection refused
2026-02-08 17:25:30,223 - ERROR - Inference failed: [Errno 61] Connection refused
2026-02-08 17:25:30,224 - ERROR - Inference failed: [Errno 61] Connection refused
2026-02-08 17:25:30,224 - INFO - Progress: 10/10 | P: 0.0000 | R: 0.0000 | Micro-F1: 0.0000 | Macro-F1: 0.0000
2026-02-08 17:25:30,225 - INFO - ============================================================
2026-02-08 17:25:30,225 - INFO - Final Results
2026-02-08 17:25:30,225 - INFO - ============================================================
2026-02-08 17:25:30,225 - INFO - Precision:  0.0000
2026-02-08 17:25:30,225 - INFO - Recall:     0.0000
2026-02-08 17:25:30,225 - INFO - Micro F1:   0.0000
2026-02-08 17:25:30,225 - INFO - Macro F1:   0.0000
2026-02-08 17:25:30,225 - INFO - ----------------------------------------
2026-02-08 17:25:30,225 - INFO - Per-Type F1 Scores:
2026-02-08 17:25:30,225 - INFO -   building                       F1: 0.0000 (P: 0.0000, R: 0.0000)
2026-02-08 17:25:30,225 - INFO -   event                          F1: 0.0000 (P: 0.0000, R: 0.0000)
2026-02-08 17:25:30,225 - INFO -   location                       F1: 0.0000 (P: 0.0000, R: 0.0000)
2026-02-08 17:25:30,225 - INFO -   organization                   F1: 0.0000 (P: 0.0000, R: 0.0000)
2026-02-08 17:25:30,225 - INFO -   other                          F1: 0.0000 (P: 0.0000, R: 0.0000)
2026-02-08 17:25:30,225 - INFO -   person                         F1: 0.0000 (P: 0.0000, R: 0.0000)
2026-02-08 17:25:30,225 - INFO -   product                        F1: 0.0000 (P: 0.0000, R: 0.0000)
2026-02-08 17:25:30,225 - INFO - ----------------------------------------
2026-02-08 17:25:30,225 - INFO - Results saved to: /Users/marcrodig/Development/kdai/KDAI-Experiments/CodeIE/CODEIE-results/coarse_pl_default_mistral_20260208_172530.json
2026-02-08 17:25:30,225 - INFO - ============================================================
2026-02-08 17:25:30,225 - INFO - Updated experiment matrix: /Users/marcrodig/Development/kdai/KDAI-Experiments/CodeIE/CODEIE-results/experiment_matrix.csv
2026-02-08 17:25:30,225 - INFO - 
[3/28] Starting: mistral_base_coarse_pl_reodering
2026-02-08 17:25:30,225 - INFO - 
============================================================
2026-02-08 17:25:30,225 - INFO - Running: mistral_base_coarse_pl_reodering
2026-02-08 17:25:30,225 - INFO -   Model: mistral
2026-02-08 17:25:30,225 - INFO -   Granularity: coarse
2026-02-08 17:25:30,225 - INFO -   Style: pl
2026-02-08 17:25:30,225 - INFO -   Variation: reodering
2026-02-08 17:25:30,225 - INFO -   Prompt: /Users/marcrodig/Development/kdai/KDAI-Experiments/CodeIE/prompts/variations/coarse_pl_1shot/reodering.txt
2026-02-08 17:25:30,225 - INFO - ============================================================
2026-02-08 17:25:30,225 - INFO - ============================================================
2026-02-08 17:25:30,225 - INFO - CodeIE NER Experiment (Enhanced with Entity Schema)
2026-02-08 17:25:30,225 - INFO - ============================================================
2026-02-08 17:25:30,225 - INFO - Granularity: coarse
2026-02-08 17:25:30,225 - INFO - Style: pl
2026-02-08 17:25:30,225 - INFO - Variation: reodering
2026-02-08 17:25:30,225 - INFO - Model: mistral
2026-02-08 17:25:30,225 - INFO - ============================================================
2026-02-08 17:25:30,225 - INFO - Using ChatOllama (Chat API) for mistral
2026-02-08 17:25:30,257 - WARNING - Variation 'reodering' not found, using 'default' instead
2026-02-08 17:25:30,257 - INFO - Available PL variations: ['default']
2026-02-08 17:25:30,257 - INFO - Entity types (8): ['art', 'building', 'event', 'location', 'organization', 'other', 'person', 'product']
2026-02-08 17:25:30,257 - INFO - Loading test data from: /Users/marcrodig/Development/kdai/KDAI-Experiments/few-nerd_test
2026-02-08 17:25:30,262 - INFO - Loading pre-generated prompt from: /Users/marcrodig/Development/kdai/KDAI-Experiments/CodeIE/prompts/variations/coarse_pl_1shot/reodering.txt
2026-02-08 17:25:30,262 - INFO - ICL prompt length: 3554 characters
2026-02-08 17:25:30,262 - INFO - Sample ICL prompt (first 1000 chars):
2026-02-08 17:25:30,262 - INFO - ----------------------------------------
2026-02-08 17:25:30,262 - INFO - # TASK: Complete the Python code by adding entity_list.append() statements.
2026-02-08 17:25:30,262 - INFO - # DO NOT explain the code. Just output the entity_list.append() lines.
2026-02-08 17:25:30,262 - INFO - 
2026-02-08 17:25:30,262 - INFO - # You are an expert Named Entity Recognition (NER) system specializing in extracting entities from text.
2026-02-08 17:25:30,262 - INFO - # For each input_text, identify named entities and add them using entity_list.append().
2026-02-08 17:25:30,263 - INFO - 
2026-02-08 17:25:30,263 - INFO - # Entity Types:
2026-02-08 17:25:30,263 - INFO - # - person: A named individual, including fictional characters, historical figures, celebrities, and common people.
2026-02-08 17:25:30,263 - INFO - # - organization: A named organization, institution, company, or group.
2026-02-08 17:25:30,263 - INFO - # - location: A geographical location such as a city, country, continent, region, or landmark.
2026-02-08 17:25:30,263 - INFO - # - event: A named event such as a war, sports event, festival, or historical occurrence.
2026-02-08 17:25:30,263 - INFO - # - product: A named commercial product, software, vehicle model, or branded item.
2026-02-08 17:25:30,263 - INFO - # - building: A named structure or building, such as a stadium, museum, or hotel.
2026-02-08 17:25:30,263 - INFO - # - art: A work of art including films, books, music, paintings, or other creative works.
2026-02-08 17:25:30,263 - INFO - # - other: Oth
2026-02-08 17:25:30,263 - INFO - ----------------------------------------
2026-02-08 17:25:30,263 - INFO - Processing 10 test samples...
2026-02-08 17:25:30,264 - ERROR - Inference failed: [Errno 61] Connection refused
2026-02-08 17:25:30,265 - ERROR - Inference failed: [Errno 61] Connection refused
2026-02-08 17:25:30,265 - ERROR - Inference failed: [Errno 61] Connection refused
2026-02-08 17:25:30,266 - ERROR - Inference failed: [Errno 61] Connection refused
2026-02-08 17:25:30,267 - ERROR - Inference failed: [Errno 61] Connection refused
2026-02-08 17:25:30,268 - ERROR - Inference failed: [Errno 61] Connection refused
2026-02-08 17:25:30,269 - ERROR - Inference failed: [Errno 61] Connection refused
2026-02-08 17:25:30,270 - ERROR - Inference failed: [Errno 61] Connection refused
2026-02-08 17:25:30,270 - ERROR - Inference failed: [Errno 61] Connection refused
2026-02-08 17:25:30,271 - ERROR - Inference failed: [Errno 61] Connection refused
2026-02-08 17:25:30,271 - INFO - Progress: 10/10 | P: 0.0000 | R: 0.0000 | Micro-F1: 0.0000 | Macro-F1: 0.0000
2026-02-08 17:25:30,272 - INFO - ============================================================
2026-02-08 17:25:30,272 - INFO - Final Results
2026-02-08 17:25:30,272 - INFO - ============================================================
2026-02-08 17:25:30,272 - INFO - Precision:  0.0000
2026-02-08 17:25:30,272 - INFO - Recall:     0.0000
2026-02-08 17:25:30,272 - INFO - Micro F1:   0.0000
2026-02-08 17:25:30,272 - INFO - Macro F1:   0.0000
2026-02-08 17:25:30,272 - INFO - ----------------------------------------
2026-02-08 17:25:30,272 - INFO - Per-Type F1 Scores:
2026-02-08 17:25:30,272 - INFO -   building                       F1: 0.0000 (P: 0.0000, R: 0.0000)
2026-02-08 17:25:30,272 - INFO -   event                          F1: 0.0000 (P: 0.0000, R: 0.0000)
2026-02-08 17:25:30,272 - INFO -   location                       F1: 0.0000 (P: 0.0000, R: 0.0000)
2026-02-08 17:25:30,272 - INFO -   organization                   F1: 0.0000 (P: 0.0000, R: 0.0000)
2026-02-08 17:25:30,272 - INFO -   other                          F1: 0.0000 (P: 0.0000, R: 0.0000)
2026-02-08 17:25:30,272 - INFO -   person                         F1: 0.0000 (P: 0.0000, R: 0.0000)
2026-02-08 17:25:30,272 - INFO -   product                        F1: 0.0000 (P: 0.0000, R: 0.0000)
2026-02-08 17:25:30,272 - INFO - ----------------------------------------
2026-02-08 17:25:30,272 - INFO - Results saved to: /Users/marcrodig/Development/kdai/KDAI-Experiments/CodeIE/CODEIE-results/coarse_pl_default_mistral_20260208_172530.json
2026-02-08 17:25:30,272 - INFO - ============================================================
2026-02-08 17:25:30,272 - INFO - Updated experiment matrix: /Users/marcrodig/Development/kdai/KDAI-Experiments/CodeIE/CODEIE-results/experiment_matrix.csv
2026-02-08 17:25:30,272 - INFO - 
[4/28] Starting: mistral_base_coarse_pl_sentence_reordering
2026-02-08 17:25:30,272 - INFO - 
============================================================
2026-02-08 17:25:30,272 - INFO - Running: mistral_base_coarse_pl_sentence_reordering
2026-02-08 17:25:30,272 - INFO -   Model: mistral
2026-02-08 17:25:30,272 - INFO -   Granularity: coarse
2026-02-08 17:25:30,272 - INFO -   Style: pl
2026-02-08 17:25:30,272 - INFO -   Variation: sentence_reordering
2026-02-08 17:25:30,272 - INFO -   Prompt: /Users/marcrodig/Development/kdai/KDAI-Experiments/CodeIE/prompts/variations/coarse_pl_1shot/sentence_reordering.txt
2026-02-08 17:25:30,272 - INFO - ============================================================
2026-02-08 17:25:30,272 - INFO - ============================================================
2026-02-08 17:25:30,272 - INFO - CodeIE NER Experiment (Enhanced with Entity Schema)
2026-02-08 17:25:30,272 - INFO - ============================================================
2026-02-08 17:25:30,272 - INFO - Granularity: coarse
2026-02-08 17:25:30,272 - INFO - Style: pl
2026-02-08 17:25:30,272 - INFO - Variation: sentence_reordering
2026-02-08 17:25:30,272 - INFO - Model: mistral
2026-02-08 17:25:30,272 - INFO - ============================================================
2026-02-08 17:25:30,272 - INFO - Using ChatOllama (Chat API) for mistral
2026-02-08 17:25:30,304 - WARNING - Variation 'sentence_reordering' not found, using 'default' instead
2026-02-08 17:25:30,304 - INFO - Available PL variations: ['default']
2026-02-08 17:25:30,304 - INFO - Entity types (8): ['art', 'building', 'event', 'location', 'organization', 'other', 'person', 'product']
2026-02-08 17:25:30,304 - INFO - Loading test data from: /Users/marcrodig/Development/kdai/KDAI-Experiments/few-nerd_test
2026-02-08 17:25:30,308 - INFO - Loading pre-generated prompt from: /Users/marcrodig/Development/kdai/KDAI-Experiments/CodeIE/prompts/variations/coarse_pl_1shot/sentence_reordering.txt
2026-02-08 17:25:30,308 - INFO - ICL prompt length: 3718 characters
2026-02-08 17:25:30,308 - INFO - Sample ICL prompt (first 1000 chars):
2026-02-08 17:25:30,308 - INFO - ----------------------------------------
2026-02-08 17:25:30,308 - INFO - # TASK: Complete the Python code by adding entity_list.append() statements.
2026-02-08 17:25:30,308 - INFO - # DO NOT explain the code. Just output the entity_list.append() lines.
2026-02-08 17:25:30,308 - INFO - 
2026-02-08 17:25:30,309 - INFO - # You are an expert Named Entity Recognition (NER) system capable of identifying entities within text.
2026-02-08 17:25:30,309 - INFO - # For every input_text, find and add named entities using entity_list.append().
2026-02-08 17:25:30,309 - INFO - 
2026-02-08 17:25:30,309 - INFO - # Entity Types:
2026-02-08 17:25:30,309 - INFO - # - art: Creative works that have a name, including music, books, films, paintings, etc.
2026-02-08 17:25:30,309 - INFO - # - building: Named constructions or structures, for example, museums, stadiums, or hotels.
2026-02-08 17:25:30,309 - INFO - # - event: Specific named occurrences like festivals, wars, historical events, or sports competitions.
2026-02-08 17:25:30,309 - INFO - # - location: Geographical places including countries, cities, regions, landmarks, or continents.
2026-02-08 17:25:30,309 - INFO - # - organization: Named groups, companies, institutions, or organizations.
2026-02-08 17:25:30,309 - INFO - # - other: Named entities that do not fall into the specific categories listed above.
2026-02-08 17:25:30,309 - INFO - # - person: Specific individuals, covering celebrities, historical figures, common people, and fictional char
2026-02-08 17:25:30,309 - INFO - ----------------------------------------
2026-02-08 17:25:30,309 - INFO - Processing 10 test samples...
2026-02-08 17:25:30,310 - ERROR - Inference failed: [Errno 61] Connection refused
2026-02-08 17:25:30,311 - ERROR - Inference failed: [Errno 61] Connection refused
2026-02-08 17:25:30,312 - ERROR - Inference failed: [Errno 61] Connection refused
2026-02-08 17:25:30,313 - ERROR - Inference failed: [Errno 61] Connection refused
2026-02-08 17:25:30,314 - ERROR - Inference failed: [Errno 61] Connection refused
2026-02-08 17:25:30,315 - ERROR - Inference failed: [Errno 61] Connection refused
2026-02-08 17:25:30,316 - ERROR - Inference failed: [Errno 61] Connection refused
2026-02-08 17:25:30,317 - ERROR - Inference failed: [Errno 61] Connection refused
2026-02-08 17:25:30,318 - ERROR - Inference failed: [Errno 61] Connection refused
2026-02-08 17:25:30,319 - ERROR - Inference failed: [Errno 61] Connection refused
2026-02-08 17:25:30,320 - INFO - Progress: 10/10 | P: 0.0000 | R: 0.0000 | Micro-F1: 0.0000 | Macro-F1: 0.0000
2026-02-08 17:25:30,320 - INFO - ============================================================
2026-02-08 17:25:30,320 - INFO - Final Results
2026-02-08 17:25:30,320 - INFO - ============================================================
2026-02-08 17:25:30,320 - INFO - Precision:  0.0000
2026-02-08 17:25:30,320 - INFO - Recall:     0.0000
2026-02-08 17:25:30,320 - INFO - Micro F1:   0.0000
2026-02-08 17:25:30,320 - INFO - Macro F1:   0.0000
2026-02-08 17:25:30,320 - INFO - ----------------------------------------
2026-02-08 17:25:30,320 - INFO - Per-Type F1 Scores:
2026-02-08 17:25:30,320 - INFO -   building                       F1: 0.0000 (P: 0.0000, R: 0.0000)
2026-02-08 17:25:30,320 - INFO -   event                          F1: 0.0000 (P: 0.0000, R: 0.0000)
2026-02-08 17:25:30,320 - INFO -   location                       F1: 0.0000 (P: 0.0000, R: 0.0000)
2026-02-08 17:25:30,320 - INFO -   organization                   F1: 0.0000 (P: 0.0000, R: 0.0000)
2026-02-08 17:25:30,320 - INFO -   other                          F1: 0.0000 (P: 0.0000, R: 0.0000)
2026-02-08 17:25:30,320 - INFO -   person                         F1: 0.0000 (P: 0.0000, R: 0.0000)
2026-02-08 17:25:30,320 - INFO -   product                        F1: 0.0000 (P: 0.0000, R: 0.0000)
2026-02-08 17:25:30,320 - INFO - ----------------------------------------
2026-02-08 17:25:30,320 - INFO - Results saved to: /Users/marcrodig/Development/kdai/KDAI-Experiments/CodeIE/CODEIE-results/coarse_pl_default_mistral_20260208_172530.json
2026-02-08 17:25:30,320 - INFO - ============================================================
2026-02-08 17:25:30,320 - INFO - Updated experiment matrix: /Users/marcrodig/Development/kdai/KDAI-Experiments/CodeIE/CODEIE-results/experiment_matrix.csv
2026-02-08 17:25:30,321 - INFO - 
[5/28] Starting: mistral_base_coarse_pl_backtrans_ch
2026-02-08 17:25:30,321 - INFO - 
============================================================
2026-02-08 17:25:30,321 - INFO - Running: mistral_base_coarse_pl_backtrans_ch
2026-02-08 17:25:30,321 - INFO -   Model: mistral
2026-02-08 17:25:30,321 - INFO -   Granularity: coarse
2026-02-08 17:25:30,321 - INFO -   Style: pl
2026-02-08 17:25:30,321 - INFO -   Variation: backtrans_ch
2026-02-08 17:25:30,321 - INFO -   Prompt: /Users/marcrodig/Development/kdai/KDAI-Experiments/CodeIE/prompts/variations/coarse_pl_1shot/backtrans_ch.txt
2026-02-08 17:25:30,321 - INFO - ============================================================
2026-02-08 17:25:30,321 - INFO - ============================================================
2026-02-08 17:25:30,321 - INFO - CodeIE NER Experiment (Enhanced with Entity Schema)
2026-02-08 17:25:30,321 - INFO - ============================================================
2026-02-08 17:25:30,321 - INFO - Granularity: coarse
2026-02-08 17:25:30,321 - INFO - Style: pl
2026-02-08 17:25:30,321 - INFO - Variation: backtrans_ch
2026-02-08 17:25:30,321 - INFO - Model: mistral
2026-02-08 17:25:30,321 - INFO - ============================================================
2026-02-08 17:25:30,321 - INFO - Using ChatOllama (Chat API) for mistral
2026-02-08 17:25:30,352 - WARNING - Variation 'backtrans_ch' not found, using 'default' instead
2026-02-08 17:25:30,352 - INFO - Available PL variations: ['default']
2026-02-08 17:25:30,352 - INFO - Entity types (8): ['art', 'building', 'event', 'location', 'organization', 'other', 'person', 'product']
2026-02-08 17:25:30,352 - INFO - Loading test data from: /Users/marcrodig/Development/kdai/KDAI-Experiments/few-nerd_test
2026-02-08 17:25:30,357 - INFO - Loading pre-generated prompt from: /Users/marcrodig/Development/kdai/KDAI-Experiments/CodeIE/prompts/variations/coarse_pl_1shot/backtrans_ch.txt
2026-02-08 17:25:30,358 - INFO - ICL prompt length: 3469 characters
2026-02-08 17:25:30,358 - INFO - Sample ICL prompt (first 1000 chars):
2026-02-08 17:25:30,358 - INFO - ----------------------------------------
2026-02-08 17:25:30,358 - INFO - # Task: Complete the Python code by adding entity_list.append() statements.
2026-02-08 17:25:30,358 - INFO - # Do not explain the code; simply output the entity_list.append() line.
2026-02-08 17:25:30,358 - INFO - 
2026-02-08 17:25:30,358 - INFO - # You are a professional Named Entity Recognition (NER) system, focusing on extracting entities from text.
2026-02-08 17:25:30,358 - INFO - # For each input_text, identify the named entities and add them using entity_list.append().
2026-02-08 17:25:30,358 - INFO - 
2026-02-08 17:25:30,358 - INFO - # Entity types:
2026-02-08 17:25:30,358 - INFO - # - art: Includes movies, books, music, paintings, or other creative works.
2026-02-08 17:25:30,358 - INFO - # - building: Named buildings or structures, such as stadiums, museums, or hotels.
2026-02-08 17:25:30,358 - INFO - # - event: Named events, such as wars, sports events, festivals, or historical events.
2026-02-08 17:25:30,358 - INFO - # - location: Geographical locations such as cities, countries, continents, regions, or landmarks.
2026-02-08 17:25:30,358 - INFO - # - organization: Named organizations, institutions, companies, or groups.
2026-02-08 17:25:30,358 - INFO - # - other: Other named entities not belonging to the above categories.
2026-02-08 17:25:30,358 - INFO - # - person: Named individuals, including fictional characters, historical figures, celebrities, and ordinary people.
2026-02-08 17:25:30,358 - INFO - # - product: Named commerci
2026-02-08 17:25:30,358 - INFO - ----------------------------------------
2026-02-08 17:25:30,358 - INFO - Processing 10 test samples...
2026-02-08 17:25:30,359 - ERROR - Inference failed: [Errno 61] Connection refused
2026-02-08 17:25:30,360 - ERROR - Inference failed: [Errno 61] Connection refused
2026-02-08 17:25:30,361 - ERROR - Inference failed: [Errno 61] Connection refused
2026-02-08 17:25:30,362 - ERROR - Inference failed: [Errno 61] Connection refused
2026-02-08 17:25:30,363 - ERROR - Inference failed: [Errno 61] Connection refused
2026-02-08 17:25:30,364 - ERROR - Inference failed: [Errno 61] Connection refused
2026-02-08 17:25:30,365 - ERROR - Inference failed: [Errno 61] Connection refused
2026-02-08 17:25:30,366 - ERROR - Inference failed: [Errno 61] Connection refused
2026-02-08 17:25:30,367 - ERROR - Inference failed: [Errno 61] Connection refused
2026-02-08 17:25:30,367 - ERROR - Inference failed: [Errno 61] Connection refused
2026-02-08 17:25:30,367 - INFO - Progress: 10/10 | P: 0.0000 | R: 0.0000 | Micro-F1: 0.0000 | Macro-F1: 0.0000
2026-02-08 17:25:30,368 - INFO - ============================================================
2026-02-08 17:25:30,368 - INFO - Final Results
2026-02-08 17:25:30,368 - INFO - ============================================================
2026-02-08 17:25:30,368 - INFO - Precision:  0.0000
2026-02-08 17:25:30,368 - INFO - Recall:     0.0000
2026-02-08 17:25:30,368 - INFO - Micro F1:   0.0000
2026-02-08 17:25:30,368 - INFO - Macro F1:   0.0000
2026-02-08 17:25:30,368 - INFO - ----------------------------------------
2026-02-08 17:25:30,368 - INFO - Per-Type F1 Scores:
2026-02-08 17:25:30,368 - INFO -   building                       F1: 0.0000 (P: 0.0000, R: 0.0000)
2026-02-08 17:25:30,368 - INFO -   event                          F1: 0.0000 (P: 0.0000, R: 0.0000)
2026-02-08 17:25:30,368 - INFO -   location                       F1: 0.0000 (P: 0.0000, R: 0.0000)
2026-02-08 17:25:30,368 - INFO -   organization                   F1: 0.0000 (P: 0.0000, R: 0.0000)
2026-02-08 17:25:30,368 - INFO -   other                          F1: 0.0000 (P: 0.0000, R: 0.0000)
2026-02-08 17:25:30,368 - INFO -   person                         F1: 0.0000 (P: 0.0000, R: 0.0000)
2026-02-08 17:25:30,368 - INFO -   product                        F1: 0.0000 (P: 0.0000, R: 0.0000)
2026-02-08 17:25:30,368 - INFO - ----------------------------------------
2026-02-08 17:25:30,368 - INFO - Results saved to: /Users/marcrodig/Development/kdai/KDAI-Experiments/CodeIE/CODEIE-results/coarse_pl_default_mistral_20260208_172530.json
2026-02-08 17:25:30,368 - INFO - ============================================================
2026-02-08 17:25:30,368 - INFO - Updated experiment matrix: /Users/marcrodig/Development/kdai/KDAI-Experiments/CodeIE/CODEIE-results/experiment_matrix.csv
2026-02-08 17:25:30,368 - INFO - 
[6/28] Starting: mistral_base_coarse_pl_backtrans_sp
2026-02-08 17:25:30,368 - INFO - 
============================================================
2026-02-08 17:25:30,368 - INFO - Running: mistral_base_coarse_pl_backtrans_sp
2026-02-08 17:25:30,368 - INFO -   Model: mistral
2026-02-08 17:25:30,368 - INFO -   Granularity: coarse
2026-02-08 17:25:30,368 - INFO -   Style: pl
2026-02-08 17:25:30,368 - INFO -   Variation: backtrans_sp
2026-02-08 17:25:30,368 - INFO -   Prompt: /Users/marcrodig/Development/kdai/KDAI-Experiments/CodeIE/prompts/variations/coarse_pl_1shot/backtrans_sp.txt
2026-02-08 17:25:30,369 - INFO - ============================================================
2026-02-08 17:25:30,369 - INFO - ============================================================
2026-02-08 17:25:30,369 - INFO - CodeIE NER Experiment (Enhanced with Entity Schema)
2026-02-08 17:25:30,369 - INFO - ============================================================
2026-02-08 17:25:30,369 - INFO - Granularity: coarse
2026-02-08 17:25:30,369 - INFO - Style: pl
2026-02-08 17:25:30,369 - INFO - Variation: backtrans_sp
2026-02-08 17:25:30,369 - INFO - Model: mistral
2026-02-08 17:25:30,369 - INFO - ============================================================
2026-02-08 17:25:30,369 - INFO - Using ChatOllama (Chat API) for mistral
2026-02-08 17:25:30,400 - WARNING - Variation 'backtrans_sp' not found, using 'default' instead
2026-02-08 17:25:30,400 - INFO - Available PL variations: ['default']
2026-02-08 17:25:30,400 - INFO - Entity types (8): ['art', 'building', 'event', 'location', 'organization', 'other', 'person', 'product']
2026-02-08 17:25:30,400 - INFO - Loading test data from: /Users/marcrodig/Development/kdai/KDAI-Experiments/few-nerd_test
2026-02-08 17:25:30,404 - INFO - Loading pre-generated prompt from: /Users/marcrodig/Development/kdai/KDAI-Experiments/CodeIE/prompts/variations/coarse_pl_1shot/backtrans_sp.txt
2026-02-08 17:25:30,405 - INFO - ICL prompt length: 3531 characters
2026-02-08 17:25:30,405 - INFO - Sample ICL prompt (first 1000 chars):
2026-02-08 17:25:30,405 - INFO - ----------------------------------------
2026-02-08 17:25:30,405 - INFO - # TASK: Complete the Python code by adding entity_list.append() statements.
2026-02-08 17:25:30,405 - INFO - # DO NOT explain the code. Only output the entity_list.append() lines.
2026-02-08 17:25:30,405 - INFO - 
2026-02-08 17:25:30,405 - INFO - # You are an expert Named Entity Recognition (NER) system specialized in extracting entities from text.
2026-02-08 17:25:30,405 - INFO - # For each input_text, identify named entities and add them using entity_list.append().
2026-02-08 17:25:30,405 - INFO - 
2026-02-08 17:25:30,405 - INFO - # Entity types:
2026-02-08 17:25:30,405 - INFO - # - art: An artwork that includes films, books, music, paintings, or other creative works.
2026-02-08 17:25:30,405 - INFO - # - building: A named structure or building such as a stadium, museum, or hotel.
2026-02-08 17:25:30,405 - INFO - # - event: A named event, such as a war, sporting event, festival, or historical occurrence.
2026-02-08 17:25:30,405 - INFO - # - location: A geographic place such as a city, country, continent, region, or monument.
2026-02-08 17:25:30,405 - INFO - # - organization: A named organization, institution, company, or group.
2026-02-08 17:25:30,405 - INFO - # - other: Other named entities that do not fit the above categories.
2026-02-08 17:25:30,405 - INFO - # - person: A named individual, including fictional characters, historical figures, celebrities, and ordinary people.
2026-02-08 17:25:30,405 - INFO - # - product: A named commerc
2026-02-08 17:25:30,405 - INFO - ----------------------------------------
2026-02-08 17:25:30,405 - INFO - Processing 10 test samples...
2026-02-08 17:25:30,406 - ERROR - Inference failed: [Errno 61] Connection refused
2026-02-08 17:25:30,407 - ERROR - Inference failed: [Errno 61] Connection refused
2026-02-08 17:25:30,408 - ERROR - Inference failed: [Errno 61] Connection refused
2026-02-08 17:25:30,409 - ERROR - Inference failed: [Errno 61] Connection refused
2026-02-08 17:25:30,410 - ERROR - Inference failed: [Errno 61] Connection refused
2026-02-08 17:25:30,411 - ERROR - Inference failed: [Errno 61] Connection refused
2026-02-08 17:25:30,411 - ERROR - Inference failed: [Errno 61] Connection refused
2026-02-08 17:25:30,412 - ERROR - Inference failed: [Errno 61] Connection refused
2026-02-08 17:25:30,413 - ERROR - Inference failed: [Errno 61] Connection refused
2026-02-08 17:25:30,414 - ERROR - Inference failed: [Errno 61] Connection refused
2026-02-08 17:25:30,414 - INFO - Progress: 10/10 | P: 0.0000 | R: 0.0000 | Micro-F1: 0.0000 | Macro-F1: 0.0000
2026-02-08 17:25:30,414 - INFO - ============================================================
2026-02-08 17:25:30,414 - INFO - Final Results
2026-02-08 17:25:30,414 - INFO - ============================================================
2026-02-08 17:25:30,414 - INFO - Precision:  0.0000
2026-02-08 17:25:30,414 - INFO - Recall:     0.0000
2026-02-08 17:25:30,414 - INFO - Micro F1:   0.0000
2026-02-08 17:25:30,414 - INFO - Macro F1:   0.0000
2026-02-08 17:25:30,414 - INFO - ----------------------------------------
2026-02-08 17:25:30,414 - INFO - Per-Type F1 Scores:
2026-02-08 17:25:30,414 - INFO -   building                       F1: 0.0000 (P: 0.0000, R: 0.0000)
2026-02-08 17:25:30,414 - INFO -   event                          F1: 0.0000 (P: 0.0000, R: 0.0000)
2026-02-08 17:25:30,414 - INFO -   location                       F1: 0.0000 (P: 0.0000, R: 0.0000)
2026-02-08 17:25:30,414 - INFO -   organization                   F1: 0.0000 (P: 0.0000, R: 0.0000)
2026-02-08 17:25:30,414 - INFO -   other                          F1: 0.0000 (P: 0.0000, R: 0.0000)
2026-02-08 17:25:30,414 - INFO -   person                         F1: 0.0000 (P: 0.0000, R: 0.0000)
2026-02-08 17:25:30,414 - INFO -   product                        F1: 0.0000 (P: 0.0000, R: 0.0000)
2026-02-08 17:25:30,414 - INFO - ----------------------------------------
2026-02-08 17:25:30,414 - INFO - Results saved to: /Users/marcrodig/Development/kdai/KDAI-Experiments/CodeIE/CODEIE-results/coarse_pl_default_mistral_20260208_172530.json
2026-02-08 17:25:30,415 - INFO - ============================================================
2026-02-08 17:25:30,415 - INFO - Updated experiment matrix: /Users/marcrodig/Development/kdai/KDAI-Experiments/CodeIE/CODEIE-results/experiment_matrix.csv
2026-02-08 17:25:30,415 - INFO - 
[7/28] Starting: mistral_base_coarse_pl_backtrans_tu
2026-02-08 17:25:30,415 - INFO - 
============================================================
2026-02-08 17:25:30,415 - INFO - Running: mistral_base_coarse_pl_backtrans_tu
2026-02-08 17:25:30,415 - INFO -   Model: mistral
2026-02-08 17:25:30,415 - INFO -   Granularity: coarse
2026-02-08 17:25:30,415 - INFO -   Style: pl
2026-02-08 17:25:30,415 - INFO -   Variation: backtrans_tu
2026-02-08 17:25:30,415 - INFO -   Prompt: /Users/marcrodig/Development/kdai/KDAI-Experiments/CodeIE/prompts/variations/coarse_pl_1shot/backtrans_tu.txt
2026-02-08 17:25:30,415 - INFO - ============================================================
2026-02-08 17:25:30,415 - INFO - ============================================================
2026-02-08 17:25:30,415 - INFO - CodeIE NER Experiment (Enhanced with Entity Schema)
2026-02-08 17:25:30,415 - INFO - ============================================================
2026-02-08 17:25:30,415 - INFO - Granularity: coarse
2026-02-08 17:25:30,415 - INFO - Style: pl
2026-02-08 17:25:30,415 - INFO - Variation: backtrans_tu
2026-02-08 17:25:30,415 - INFO - Model: mistral
2026-02-08 17:25:30,415 - INFO - ============================================================
2026-02-08 17:25:30,415 - INFO - Using ChatOllama (Chat API) for mistral
2026-02-08 17:25:30,448 - WARNING - Variation 'backtrans_tu' not found, using 'default' instead
2026-02-08 17:25:30,449 - INFO - Available PL variations: ['default']
2026-02-08 17:25:30,449 - INFO - Entity types (8): ['art', 'building', 'event', 'location', 'organization', 'other', 'person', 'product']
2026-02-08 17:25:30,449 - INFO - Loading test data from: /Users/marcrodig/Development/kdai/KDAI-Experiments/few-nerd_test
2026-02-08 17:25:30,453 - INFO - Loading pre-generated prompt from: /Users/marcrodig/Development/kdai/KDAI-Experiments/CodeIE/prompts/variations/coarse_pl_1shot/backtrans_tu.txt
2026-02-08 17:25:30,453 - INFO - ICL prompt length: 3431 characters
2026-02-08 17:25:30,453 - INFO - Sample ICL prompt (first 1000 chars):
2026-02-08 17:25:30,453 - INFO - ----------------------------------------
2026-02-08 17:25:30,453 - INFO - # TASK: Complete the Python code by adding entity_list.append() lines.
2026-02-08 17:25:30,453 - INFO - # Do not explain the code. Only output the entity_list.append() lines.
2026-02-08 17:25:30,453 - INFO - # You are an expert Named Entity Recognition (NER) system for extracting entities from text.
2026-02-08 17:25:30,453 - INFO - # For each input_text, identify the named entities and add them using entity_list.append().
2026-02-08 17:25:30,453 - INFO - 
2026-02-08 17:25:30,453 - INFO - # Entity Types:
2026-02-08 17:25:30,453 - INFO - # - art: A work of art, such as films, books, music, paintings, or other creative works.
2026-02-08 17:25:30,453 - INFO - # - building: A named structure or building, such as a stadium, museum, or hotel.
2026-02-08 17:25:30,453 - INFO - # - event: A named event, such as a war, sports event, festival, or historical occurrence.
2026-02-08 17:25:30,453 - INFO - # - location: A geographic location such as a city, country, continent, region, or landmark.
2026-02-08 17:25:30,453 - INFO - # - organization: A named organization, institution, company, or group.
2026-02-08 17:25:30,453 - INFO - # - other: Other named entities that do not fit the above categories.
2026-02-08 17:25:30,453 - INFO - # - person: A named individual, including fictional characters, historical figures, celebrities, and ordinary people.
2026-02-08 17:25:30,453 - INFO - # - product: A named commercial product, 
2026-02-08 17:25:30,454 - INFO - ----------------------------------------
2026-02-08 17:25:30,454 - INFO - Processing 10 test samples...
2026-02-08 17:25:30,455 - ERROR - Inference failed: [Errno 61] Connection refused
2026-02-08 17:25:30,456 - ERROR - Inference failed: [Errno 61] Connection refused
2026-02-08 17:25:30,457 - ERROR - Inference failed: [Errno 61] Connection refused
2026-02-08 17:25:30,458 - ERROR - Inference failed: [Errno 61] Connection refused
2026-02-08 17:25:30,458 - ERROR - Inference failed: [Errno 61] Connection refused
2026-02-08 17:25:30,459 - ERROR - Inference failed: [Errno 61] Connection refused
2026-02-08 17:25:30,461 - ERROR - Inference failed: [Errno 61] Connection refused
2026-02-08 17:25:30,462 - ERROR - Inference failed: [Errno 61] Connection refused
2026-02-08 17:25:30,463 - ERROR - Inference failed: [Errno 61] Connection refused
2026-02-08 17:25:30,464 - ERROR - Inference failed: [Errno 61] Connection refused
2026-02-08 17:25:30,464 - INFO - Progress: 10/10 | P: 0.0000 | R: 0.0000 | Micro-F1: 0.0000 | Macro-F1: 0.0000
2026-02-08 17:25:30,465 - INFO - ============================================================
2026-02-08 17:25:30,465 - INFO - Final Results
2026-02-08 17:25:30,465 - INFO - ============================================================
2026-02-08 17:25:30,465 - INFO - Precision:  0.0000
2026-02-08 17:25:30,465 - INFO - Recall:     0.0000
2026-02-08 17:25:30,465 - INFO - Micro F1:   0.0000
2026-02-08 17:25:30,465 - INFO - Macro F1:   0.0000
2026-02-08 17:25:30,465 - INFO - ----------------------------------------
2026-02-08 17:25:30,465 - INFO - Per-Type F1 Scores:
2026-02-08 17:25:30,465 - INFO -   building                       F1: 0.0000 (P: 0.0000, R: 0.0000)
2026-02-08 17:25:30,465 - INFO -   event                          F1: 0.0000 (P: 0.0000, R: 0.0000)
2026-02-08 17:25:30,465 - INFO -   location                       F1: 0.0000 (P: 0.0000, R: 0.0000)
2026-02-08 17:25:30,465 - INFO -   organization                   F1: 0.0000 (P: 0.0000, R: 0.0000)
2026-02-08 17:25:30,465 - INFO -   other                          F1: 0.0000 (P: 0.0000, R: 0.0000)
2026-02-08 17:25:30,465 - INFO -   person                         F1: 0.0000 (P: 0.0000, R: 0.0000)
2026-02-08 17:25:30,465 - INFO -   product                        F1: 0.0000 (P: 0.0000, R: 0.0000)
2026-02-08 17:25:30,465 - INFO - ----------------------------------------
2026-02-08 17:25:30,465 - INFO - Results saved to: /Users/marcrodig/Development/kdai/KDAI-Experiments/CodeIE/CODEIE-results/coarse_pl_default_mistral_20260208_172530.json
2026-02-08 17:25:30,465 - INFO - ============================================================
2026-02-08 17:25:30,465 - INFO - Updated experiment matrix: /Users/marcrodig/Development/kdai/KDAI-Experiments/CodeIE/CODEIE-results/experiment_matrix.csv
2026-02-08 17:25:30,465 - INFO - 
[8/28] Starting: mistral_base_coarse_nl_base
2026-02-08 17:25:30,465 - INFO - 
============================================================
2026-02-08 17:25:30,465 - INFO - Running: mistral_base_coarse_nl_base
2026-02-08 17:25:30,465 - INFO -   Model: mistral
2026-02-08 17:25:30,465 - INFO -   Granularity: coarse
2026-02-08 17:25:30,465 - INFO -   Style: nl
2026-02-08 17:25:30,465 - INFO -   Variation: base
2026-02-08 17:25:30,465 - INFO -   Prompt: /Users/marcrodig/Development/kdai/KDAI-Experiments/CodeIE/prompts/base/coarse_nl_1shot.txt
2026-02-08 17:25:30,465 - INFO - ============================================================
2026-02-08 17:25:30,465 - INFO - ============================================================
2026-02-08 17:25:30,465 - INFO - CodeIE NER Experiment (Enhanced with Entity Schema)
2026-02-08 17:25:30,465 - INFO - ============================================================
2026-02-08 17:25:30,465 - INFO - Granularity: coarse
2026-02-08 17:25:30,465 - INFO - Style: nl
2026-02-08 17:25:30,465 - INFO - Variation: v0_original
2026-02-08 17:25:30,465 - INFO - Model: mistral
2026-02-08 17:25:30,465 - INFO - ============================================================
2026-02-08 17:25:30,465 - INFO - Using ChatOllama (Chat API) for mistral
2026-02-08 17:25:30,499 - WARNING - Variation 'v0_original' not found, using 'default' instead
2026-02-08 17:25:30,499 - INFO - Available NL variations: ['default']
2026-02-08 17:25:30,499 - INFO - Entity types (8): ['art', 'building', 'event', 'location', 'organization', 'other', 'person', 'product']
2026-02-08 17:25:30,499 - INFO - Loading test data from: /Users/marcrodig/Development/kdai/KDAI-Experiments/few-nerd_test
2026-02-08 17:25:30,504 - INFO - Loading pre-generated prompt from: /Users/marcrodig/Development/kdai/KDAI-Experiments/CodeIE/prompts/base/coarse_nl_1shot.txt
2026-02-08 17:25:30,504 - INFO - ICL prompt length: 2268 characters
2026-02-08 17:25:30,504 - INFO - Sample ICL prompt (first 1000 chars):
2026-02-08 17:25:30,504 - INFO - ----------------------------------------
2026-02-08 17:25:30,504 - INFO - You are an expert Named Entity Recognition (NER) system specializing in extracting entities from text.
2026-02-08 17:25:30,504 - INFO - 
2026-02-08 17:25:30,504 - INFO - Annotation Guidelines:
2026-02-08 17:25:30,504 - INFO - Extract named entities based on the following categories:
2026-02-08 17:25:30,504 - INFO - 
2026-02-08 17:25:30,504 - INFO - * art: A named work of art including films, books, music, paintings, or other creative works.
2026-02-08 17:25:30,504 - INFO - * building: A named structure or building, such as a stadium, museum, or hotel.
2026-02-08 17:25:30,504 - INFO - * event: A named event such as a war, sports event, festival, or historical occurrence.
2026-02-08 17:25:30,504 - INFO - * location: A geographical location such as a city, country, continent, region, or landmark.
2026-02-08 17:25:30,504 - INFO - * organization: A named organization, institution, company, or group.
2026-02-08 17:25:30,504 - INFO - * other: Other named entities that don't fit into the above categories.
2026-02-08 17:25:30,504 - INFO - * person: A named individual, including fictional characters, historical figures, celebrities, and common people.
2026-02-08 17:25:30,504 - INFO - * product: A named commercial product, software, vehicle model, or branded item.
2026-02-08 17:25:30,504 - INFO - 
2026-02-08 17:25:30,504 - INFO - The text is "The album was released on March 25 , 2008 . It was the first album of new material that the group had releas
2026-02-08 17:25:30,504 - INFO - ----------------------------------------
2026-02-08 17:25:30,504 - INFO - Processing 10 test samples...
2026-02-08 17:25:30,506 - ERROR - Inference failed: [Errno 61] Connection refused
2026-02-08 17:25:30,507 - ERROR - Inference failed: [Errno 61] Connection refused
2026-02-08 17:25:30,508 - ERROR - Inference failed: [Errno 61] Connection refused
2026-02-08 17:25:30,509 - ERROR - Inference failed: [Errno 61] Connection refused
2026-02-08 17:25:30,510 - ERROR - Inference failed: [Errno 61] Connection refused
2026-02-08 17:25:30,510 - ERROR - Inference failed: [Errno 61] Connection refused
2026-02-08 17:25:30,511 - ERROR - Inference failed: [Errno 61] Connection refused
2026-02-08 17:25:30,512 - ERROR - Inference failed: [Errno 61] Connection refused
2026-02-08 17:25:30,513 - ERROR - Inference failed: [Errno 61] Connection refused
2026-02-08 17:25:30,514 - ERROR - Inference failed: [Errno 61] Connection refused
2026-02-08 17:25:30,514 - INFO - Progress: 10/10 | P: 0.0000 | R: 0.0000 | Micro-F1: 0.0000 | Macro-F1: 0.0000
2026-02-08 17:25:30,515 - INFO - ============================================================
2026-02-08 17:25:30,515 - INFO - Final Results
2026-02-08 17:25:30,515 - INFO - ============================================================
2026-02-08 17:25:30,515 - INFO - Precision:  0.0000
2026-02-08 17:25:30,515 - INFO - Recall:     0.0000
2026-02-08 17:25:30,515 - INFO - Micro F1:   0.0000
2026-02-08 17:25:30,515 - INFO - Macro F1:   0.0000
2026-02-08 17:25:30,515 - INFO - ----------------------------------------
2026-02-08 17:25:30,515 - INFO - Per-Type F1 Scores:
2026-02-08 17:25:30,515 - INFO -   building                       F1: 0.0000 (P: 0.0000, R: 0.0000)
2026-02-08 17:25:30,515 - INFO -   event                          F1: 0.0000 (P: 0.0000, R: 0.0000)
2026-02-08 17:25:30,515 - INFO -   location                       F1: 0.0000 (P: 0.0000, R: 0.0000)
2026-02-08 17:25:30,515 - INFO -   organization                   F1: 0.0000 (P: 0.0000, R: 0.0000)
2026-02-08 17:25:30,515 - INFO -   other                          F1: 0.0000 (P: 0.0000, R: 0.0000)
2026-02-08 17:25:30,515 - INFO -   person                         F1: 0.0000 (P: 0.0000, R: 0.0000)
2026-02-08 17:25:30,515 - INFO -   product                        F1: 0.0000 (P: 0.0000, R: 0.0000)
2026-02-08 17:25:30,515 - INFO - ----------------------------------------
2026-02-08 17:25:30,515 - INFO - Results saved to: /Users/marcrodig/Development/kdai/KDAI-Experiments/CodeIE/CODEIE-results/coarse_nl_default_mistral_20260208_172530.json
2026-02-08 17:25:30,515 - INFO - ============================================================
2026-02-08 17:25:30,515 - INFO - Updated experiment matrix: /Users/marcrodig/Development/kdai/KDAI-Experiments/CodeIE/CODEIE-results/experiment_matrix.csv
2026-02-08 17:25:30,515 - INFO - 
[9/28] Starting: mistral_base_coarse_nl_lexical_substitution
2026-02-08 17:25:30,515 - INFO - 
============================================================
2026-02-08 17:25:30,515 - INFO - Running: mistral_base_coarse_nl_lexical_substitution
2026-02-08 17:25:30,515 - INFO -   Model: mistral
2026-02-08 17:25:30,515 - INFO -   Granularity: coarse
2026-02-08 17:25:30,515 - INFO -   Style: nl
2026-02-08 17:25:30,515 - INFO -   Variation: lexical_substitution
2026-02-08 17:25:30,515 - INFO -   Prompt: /Users/marcrodig/Development/kdai/KDAI-Experiments/CodeIE/prompts/variations/coarse_nl_1shot/lexical_substitution.txt
2026-02-08 17:25:30,515 - INFO - ============================================================
2026-02-08 17:25:30,515 - INFO - ============================================================
2026-02-08 17:25:30,515 - INFO - CodeIE NER Experiment (Enhanced with Entity Schema)
2026-02-08 17:25:30,515 - INFO - ============================================================
2026-02-08 17:25:30,515 - INFO - Granularity: coarse
2026-02-08 17:25:30,515 - INFO - Style: nl
2026-02-08 17:25:30,515 - INFO - Variation: lexical_substitution
2026-02-08 17:25:30,515 - INFO - Model: mistral
2026-02-08 17:25:30,515 - INFO - ============================================================
2026-02-08 17:25:30,515 - INFO - Using ChatOllama (Chat API) for mistral
2026-02-08 17:25:30,547 - WARNING - Variation 'lexical_substitution' not found, using 'default' instead
2026-02-08 17:25:30,547 - INFO - Available NL variations: ['default']
2026-02-08 17:25:30,547 - INFO - Entity types (8): ['art', 'building', 'event', 'location', 'organization', 'other', 'person', 'product']
2026-02-08 17:25:30,547 - INFO - Loading test data from: /Users/marcrodig/Development/kdai/KDAI-Experiments/few-nerd_test
2026-02-08 17:25:30,552 - INFO - Loading pre-generated prompt from: /Users/marcrodig/Development/kdai/KDAI-Experiments/CodeIE/prompts/variations/coarse_nl_1shot/lexical_substitution.txt
2026-02-08 17:25:30,552 - INFO - ICL prompt length: 2312 characters
2026-02-08 17:25:30,552 - INFO - Sample ICL prompt (first 1000 chars):
2026-02-08 17:25:30,552 - INFO - ----------------------------------------
2026-02-08 17:25:30,552 - INFO - You are a skilled Named Entity Recognition (NER) tool focused on mining entities from text.
2026-02-08 17:25:30,552 - INFO - 
2026-02-08 17:25:30,552 - INFO - Annotation Rules:
2026-02-08 17:25:30,552 - INFO - Identify named entities according to the classifications below:
2026-02-08 17:25:30,552 - INFO - 
2026-02-08 17:25:30,552 - INFO - * art: A titled creative piece such as movies, literature, songs, artwork, or other artistic productions.
2026-02-08 17:25:30,553 - INFO - * building: A specific edifice or construction, like a stadium, gallery, or inn.
2026-02-08 17:25:30,553 - INFO - * event: A specific occasion like a conflict, athletic competition, gala, or historic incident.
2026-02-08 17:25:30,553 - INFO - * location: A geographic place like a town, nation, landmass, area, or point of interest.
2026-02-08 17:25:30,553 - INFO - * organization: A specific association, institute, enterprise, or team.
2026-02-08 17:25:30,553 - INFO - * other: Miscellaneous named entities that do not belong to the listed groups.
2026-02-08 17:25:30,553 - INFO - * person: A specific human, covering made-up figures, figures from history, stars, and ordinary individuals.
2026-02-08 17:25:30,553 - INFO - * product: A specific merchandise, computer program, car make, or trademarked good.
2026-02-08 17:25:30,553 - INFO - 
2026-02-08 17:25:30,553 - INFO - The text is "The record came out on March 25 , 2008 . It was the initial collection of fresh tracks the ba
2026-02-08 17:25:30,553 - INFO - ----------------------------------------
2026-02-08 17:25:30,553 - INFO - Processing 10 test samples...
2026-02-08 17:25:30,554 - ERROR - Inference failed: [Errno 61] Connection refused
2026-02-08 17:25:30,555 - ERROR - Inference failed: [Errno 61] Connection refused
2026-02-08 17:25:30,557 - ERROR - Inference failed: [Errno 61] Connection refused
2026-02-08 17:25:30,559 - ERROR - Inference failed: [Errno 61] Connection refused
2026-02-08 17:25:30,560 - ERROR - Inference failed: [Errno 61] Connection refused
2026-02-08 17:25:30,561 - ERROR - Inference failed: [Errno 61] Connection refused
2026-02-08 17:25:30,561 - ERROR - Inference failed: [Errno 61] Connection refused
2026-02-08 17:25:30,562 - ERROR - Inference failed: [Errno 61] Connection refused
2026-02-08 17:25:30,564 - ERROR - Inference failed: [Errno 61] Connection refused
2026-02-08 17:25:30,565 - ERROR - Inference failed: [Errno 61] Connection refused
2026-02-08 17:25:30,565 - INFO - Progress: 10/10 | P: 0.0000 | R: 0.0000 | Micro-F1: 0.0000 | Macro-F1: 0.0000
2026-02-08 17:25:30,566 - INFO - ============================================================
2026-02-08 17:25:30,566 - INFO - Final Results
2026-02-08 17:25:30,566 - INFO - ============================================================
2026-02-08 17:25:30,566 - INFO - Precision:  0.0000
2026-02-08 17:25:30,566 - INFO - Recall:     0.0000
2026-02-08 17:25:30,566 - INFO - Micro F1:   0.0000
2026-02-08 17:25:30,566 - INFO - Macro F1:   0.0000
2026-02-08 17:25:30,566 - INFO - ----------------------------------------
2026-02-08 17:25:30,566 - INFO - Per-Type F1 Scores:
2026-02-08 17:25:30,566 - INFO -   building                       F1: 0.0000 (P: 0.0000, R: 0.0000)
2026-02-08 17:25:30,566 - INFO -   event                          F1: 0.0000 (P: 0.0000, R: 0.0000)
2026-02-08 17:25:30,566 - INFO -   location                       F1: 0.0000 (P: 0.0000, R: 0.0000)
2026-02-08 17:25:30,566 - INFO -   organization                   F1: 0.0000 (P: 0.0000, R: 0.0000)
2026-02-08 17:25:30,566 - INFO -   other                          F1: 0.0000 (P: 0.0000, R: 0.0000)
2026-02-08 17:25:30,566 - INFO -   person                         F1: 0.0000 (P: 0.0000, R: 0.0000)
2026-02-08 17:25:30,566 - INFO -   product                        F1: 0.0000 (P: 0.0000, R: 0.0000)
2026-02-08 17:25:30,566 - INFO - ----------------------------------------
2026-02-08 17:25:30,566 - INFO - Results saved to: /Users/marcrodig/Development/kdai/KDAI-Experiments/CodeIE/CODEIE-results/coarse_nl_default_mistral_20260208_172530.json
2026-02-08 17:25:30,566 - INFO - ============================================================
2026-02-08 17:25:30,566 - INFO - Updated experiment matrix: /Users/marcrodig/Development/kdai/KDAI-Experiments/CodeIE/CODEIE-results/experiment_matrix.csv
2026-02-08 17:25:30,566 - INFO - 
[10/28] Starting: mistral_base_coarse_nl_reodering
2026-02-08 17:25:30,566 - INFO - 
============================================================
2026-02-08 17:25:30,566 - INFO - Running: mistral_base_coarse_nl_reodering
2026-02-08 17:25:30,566 - INFO -   Model: mistral
2026-02-08 17:25:30,566 - INFO -   Granularity: coarse
2026-02-08 17:25:30,566 - INFO -   Style: nl
2026-02-08 17:25:30,566 - INFO -   Variation: reodering
2026-02-08 17:25:30,566 - INFO -   Prompt: /Users/marcrodig/Development/kdai/KDAI-Experiments/CodeIE/prompts/variations/coarse_nl_1shot/reodering.txt
2026-02-08 17:25:30,566 - INFO - ============================================================
2026-02-08 17:25:30,566 - INFO - ============================================================
2026-02-08 17:25:30,566 - INFO - CodeIE NER Experiment (Enhanced with Entity Schema)
2026-02-08 17:25:30,566 - INFO - ============================================================
2026-02-08 17:25:30,566 - INFO - Granularity: coarse
2026-02-08 17:25:30,566 - INFO - Style: nl
2026-02-08 17:25:30,566 - INFO - Variation: reodering
2026-02-08 17:25:30,566 - INFO - Model: mistral
2026-02-08 17:25:30,566 - INFO - ============================================================
2026-02-08 17:25:30,566 - INFO - Using ChatOllama (Chat API) for mistral
2026-02-08 17:25:30,598 - WARNING - Variation 'reodering' not found, using 'default' instead
2026-02-08 17:25:30,598 - INFO - Available NL variations: ['default']
2026-02-08 17:25:30,598 - INFO - Entity types (8): ['art', 'building', 'event', 'location', 'organization', 'other', 'person', 'product']
2026-02-08 17:25:30,598 - INFO - Loading test data from: /Users/marcrodig/Development/kdai/KDAI-Experiments/few-nerd_test
2026-02-08 17:25:30,603 - INFO - Loading pre-generated prompt from: /Users/marcrodig/Development/kdai/KDAI-Experiments/CodeIE/prompts/variations/coarse_nl_1shot/reodering.txt
2026-02-08 17:25:30,604 - INFO - ICL prompt length: 2271 characters
2026-02-08 17:25:30,604 - INFO - Sample ICL prompt (first 1000 chars):
2026-02-08 17:25:30,604 - INFO - ----------------------------------------
2026-02-08 17:25:30,604 - INFO - Extract named entities based on the categories listed below. You are an expert Named Entity Recognition (NER) system specializing in extracting entities from text.
2026-02-08 17:25:30,604 - INFO - 
2026-02-08 17:25:30,604 - INFO - Annotation Guidelines:
2026-02-08 17:25:30,604 - INFO - 
2026-02-08 17:25:30,604 - INFO - * person: A named individual, including fictional characters, historical figures, celebrities, and common people.
2026-02-08 17:25:30,604 - INFO - * organization: A named organization, institution, company, or group.
2026-02-08 17:25:30,604 - INFO - * location: A geographical location such as a city, country, continent, region, or landmark.
2026-02-08 17:25:30,604 - INFO - * event: A named event such as a war, sports event, festival, or historical occurrence.
2026-02-08 17:25:30,604 - INFO - * product: A named commercial product, software, vehicle model, or branded item.
2026-02-08 17:25:30,604 - INFO - * building: A named structure or building, such as a stadium, museum, or hotel.
2026-02-08 17:25:30,604 - INFO - * art: A named work of art including films, books, music, paintings, or other creative works.
2026-02-08 17:25:30,604 - INFO - * other: Other named entities that don't fit into the above categories.
2026-02-08 17:25:30,604 - INFO - 
2026-02-08 17:25:30,604 - INFO - The text is "Liddy was nominally in charge of the operation , but has since insisted that he was duped by his subordin
2026-02-08 17:25:30,604 - INFO - ----------------------------------------
2026-02-08 17:25:30,604 - INFO - Processing 10 test samples...
2026-02-08 17:25:30,605 - ERROR - Inference failed: [Errno 61] Connection refused
2026-02-08 17:25:30,606 - ERROR - Inference failed: [Errno 61] Connection refused
2026-02-08 17:25:30,607 - ERROR - Inference failed: [Errno 61] Connection refused
2026-02-08 17:25:30,608 - ERROR - Inference failed: [Errno 61] Connection refused
2026-02-08 17:25:30,609 - ERROR - Inference failed: [Errno 61] Connection refused
2026-02-08 17:25:30,610 - ERROR - Inference failed: [Errno 61] Connection refused
2026-02-08 17:25:30,611 - ERROR - Inference failed: [Errno 61] Connection refused
2026-02-08 17:25:30,612 - ERROR - Inference failed: [Errno 61] Connection refused
2026-02-08 17:25:30,613 - ERROR - Inference failed: [Errno 61] Connection refused
2026-02-08 17:25:30,614 - ERROR - Inference failed: [Errno 61] Connection refused
2026-02-08 17:25:30,614 - INFO - Progress: 10/10 | P: 0.0000 | R: 0.0000 | Micro-F1: 0.0000 | Macro-F1: 0.0000
2026-02-08 17:25:30,614 - INFO - ============================================================
2026-02-08 17:25:30,614 - INFO - Final Results
2026-02-08 17:25:30,614 - INFO - ============================================================
2026-02-08 17:25:30,614 - INFO - Precision:  0.0000
2026-02-08 17:25:30,615 - INFO - Recall:     0.0000
2026-02-08 17:25:30,615 - INFO - Micro F1:   0.0000
2026-02-08 17:25:30,615 - INFO - Macro F1:   0.0000
2026-02-08 17:25:30,615 - INFO - ----------------------------------------
2026-02-08 17:25:30,615 - INFO - Per-Type F1 Scores:
2026-02-08 17:25:30,615 - INFO -   building                       F1: 0.0000 (P: 0.0000, R: 0.0000)
2026-02-08 17:25:30,615 - INFO -   event                          F1: 0.0000 (P: 0.0000, R: 0.0000)
2026-02-08 17:25:30,615 - INFO -   location                       F1: 0.0000 (P: 0.0000, R: 0.0000)
2026-02-08 17:25:30,615 - INFO -   organization                   F1: 0.0000 (P: 0.0000, R: 0.0000)
2026-02-08 17:25:30,615 - INFO -   other                          F1: 0.0000 (P: 0.0000, R: 0.0000)
2026-02-08 17:25:30,615 - INFO -   person                         F1: 0.0000 (P: 0.0000, R: 0.0000)
2026-02-08 17:25:30,615 - INFO -   product                        F1: 0.0000 (P: 0.0000, R: 0.0000)
2026-02-08 17:25:30,615 - INFO - ----------------------------------------
2026-02-08 17:25:30,615 - INFO - Results saved to: /Users/marcrodig/Development/kdai/KDAI-Experiments/CodeIE/CODEIE-results/coarse_nl_default_mistral_20260208_172530.json
2026-02-08 17:25:30,615 - INFO - ============================================================
2026-02-08 17:25:30,615 - INFO - Updated experiment matrix: /Users/marcrodig/Development/kdai/KDAI-Experiments/CodeIE/CODEIE-results/experiment_matrix.csv
2026-02-08 17:25:30,615 - INFO - 
[11/28] Starting: mistral_base_coarse_nl_sentence_reordering
2026-02-08 17:25:30,615 - INFO - 
============================================================
2026-02-08 17:25:30,615 - INFO - Running: mistral_base_coarse_nl_sentence_reordering
2026-02-08 17:25:30,615 - INFO -   Model: mistral
2026-02-08 17:25:30,615 - INFO -   Granularity: coarse
2026-02-08 17:25:30,615 - INFO -   Style: nl
2026-02-08 17:25:30,615 - INFO -   Variation: sentence_reordering
2026-02-08 17:25:30,615 - INFO -   Prompt: /Users/marcrodig/Development/kdai/KDAI-Experiments/CodeIE/prompts/variations/coarse_nl_1shot/sentence_reordering.txt
2026-02-08 17:25:30,615 - INFO - ============================================================
2026-02-08 17:25:30,615 - INFO - ============================================================
2026-02-08 17:25:30,615 - INFO - CodeIE NER Experiment (Enhanced with Entity Schema)
2026-02-08 17:25:30,615 - INFO - ============================================================
2026-02-08 17:25:30,615 - INFO - Granularity: coarse
2026-02-08 17:25:30,615 - INFO - Style: nl
2026-02-08 17:25:30,615 - INFO - Variation: sentence_reordering
2026-02-08 17:25:30,615 - INFO - Model: mistral
2026-02-08 17:25:30,615 - INFO - ============================================================
2026-02-08 17:25:30,615 - INFO - Using ChatOllama (Chat API) for mistral
2026-02-08 17:25:30,648 - WARNING - Variation 'sentence_reordering' not found, using 'default' instead
2026-02-08 17:25:30,648 - INFO - Available NL variations: ['default']
2026-02-08 17:25:30,648 - INFO - Entity types (8): ['art', 'building', 'event', 'location', 'organization', 'other', 'person', 'product']
2026-02-08 17:25:30,648 - INFO - Loading test data from: /Users/marcrodig/Development/kdai/KDAI-Experiments/few-nerd_test
2026-02-08 17:25:30,652 - INFO - Loading pre-generated prompt from: /Users/marcrodig/Development/kdai/KDAI-Experiments/CodeIE/prompts/variations/coarse_nl_1shot/sentence_reordering.txt
2026-02-08 17:25:30,653 - INFO - ICL prompt length: 2368 characters
2026-02-08 17:25:30,653 - INFO - Sample ICL prompt (first 1000 chars):
2026-02-08 17:25:30,653 - INFO - ----------------------------------------
2026-02-08 17:25:30,653 - INFO - Your task is to act as an expert Named Entity Recognition (NER) system capable of identifying entities within text.
2026-02-08 17:25:30,653 - INFO - 
2026-02-08 17:25:30,653 - INFO - Annotation Guidelines:
2026-02-08 17:25:30,653 - INFO - Identify and classify named entities according to the definitions below:
2026-02-08 17:25:30,653 - INFO - 
2026-02-08 17:25:30,653 - INFO - * art: Creative works that have a name, including music, books, films, paintings, etc.
2026-02-08 17:25:30,653 - INFO - * building: Named constructions or structures, for example, museums, stadiums, or hotels.
2026-02-08 17:25:30,653 - INFO - * event: Specific named occurrences like festivals, wars, historical events, or sports competitions.
2026-02-08 17:25:30,653 - INFO - * location: Geographical places including countries, cities, regions, landmarks, or continents.
2026-02-08 17:25:30,653 - INFO - * organization: Named groups, companies, institutions, or organizations.
2026-02-08 17:25:30,653 - INFO - * other: Named entities that do not fall into the specific categories listed above.
2026-02-08 17:25:30,653 - INFO - * person: Specific individuals, covering celebrities, historical figures, common people, and fictional characters.
2026-02-08 17:25:30,653 - INFO - * product: Commercial items with names, such as software, vehicles, or branded goods.
2026-02-08 17:25:30,653 - INFO - 
2026-02-08 17:25:30,653 - INFO - The text is "On March 25, 2008, the group released th
2026-02-08 17:25:30,653 - INFO - ----------------------------------------
2026-02-08 17:25:30,653 - INFO - Processing 10 test samples...
2026-02-08 17:25:30,654 - ERROR - Inference failed: [Errno 61] Connection refused
2026-02-08 17:25:30,655 - ERROR - Inference failed: [Errno 61] Connection refused
2026-02-08 17:25:30,656 - ERROR - Inference failed: [Errno 61] Connection refused
2026-02-08 17:25:30,657 - ERROR - Inference failed: [Errno 61] Connection refused
2026-02-08 17:25:30,658 - ERROR - Inference failed: [Errno 61] Connection refused
2026-02-08 17:25:30,659 - ERROR - Inference failed: [Errno 61] Connection refused
2026-02-08 17:25:30,660 - ERROR - Inference failed: [Errno 61] Connection refused
2026-02-08 17:25:30,661 - ERROR - Inference failed: [Errno 61] Connection refused
2026-02-08 17:25:30,661 - ERROR - Inference failed: [Errno 61] Connection refused
2026-02-08 17:25:30,662 - ERROR - Inference failed: [Errno 61] Connection refused
2026-02-08 17:25:30,662 - INFO - Progress: 10/10 | P: 0.0000 | R: 0.0000 | Micro-F1: 0.0000 | Macro-F1: 0.0000
2026-02-08 17:25:30,663 - INFO - ============================================================
2026-02-08 17:25:30,663 - INFO - Final Results
2026-02-08 17:25:30,663 - INFO - ============================================================
2026-02-08 17:25:30,663 - INFO - Precision:  0.0000
2026-02-08 17:25:30,663 - INFO - Recall:     0.0000
2026-02-08 17:25:30,663 - INFO - Micro F1:   0.0000
2026-02-08 17:25:30,663 - INFO - Macro F1:   0.0000
2026-02-08 17:25:30,663 - INFO - ----------------------------------------
2026-02-08 17:25:30,663 - INFO - Per-Type F1 Scores:
2026-02-08 17:25:30,663 - INFO -   building                       F1: 0.0000 (P: 0.0000, R: 0.0000)
2026-02-08 17:25:30,663 - INFO -   event                          F1: 0.0000 (P: 0.0000, R: 0.0000)
2026-02-08 17:25:30,663 - INFO -   location                       F1: 0.0000 (P: 0.0000, R: 0.0000)
2026-02-08 17:25:30,663 - INFO -   organization                   F1: 0.0000 (P: 0.0000, R: 0.0000)
2026-02-08 17:25:30,663 - INFO -   other                          F1: 0.0000 (P: 0.0000, R: 0.0000)
2026-02-08 17:25:30,663 - INFO -   person                         F1: 0.0000 (P: 0.0000, R: 0.0000)
2026-02-08 17:25:30,663 - INFO -   product                        F1: 0.0000 (P: 0.0000, R: 0.0000)
2026-02-08 17:25:30,663 - INFO - ----------------------------------------
2026-02-08 17:25:30,663 - INFO - Results saved to: /Users/marcrodig/Development/kdai/KDAI-Experiments/CodeIE/CODEIE-results/coarse_nl_default_mistral_20260208_172530.json
2026-02-08 17:25:30,663 - INFO - ============================================================
2026-02-08 17:25:30,663 - INFO - Updated experiment matrix: /Users/marcrodig/Development/kdai/KDAI-Experiments/CodeIE/CODEIE-results/experiment_matrix.csv
2026-02-08 17:25:30,663 - INFO - 
[12/28] Starting: mistral_base_coarse_nl_backtrans_ch
2026-02-08 17:25:30,663 - INFO - 
============================================================
2026-02-08 17:25:30,663 - INFO - Running: mistral_base_coarse_nl_backtrans_ch
2026-02-08 17:25:30,663 - INFO -   Model: mistral
2026-02-08 17:25:30,663 - INFO -   Granularity: coarse
2026-02-08 17:25:30,663 - INFO -   Style: nl
2026-02-08 17:25:30,663 - INFO -   Variation: backtrans_ch
2026-02-08 17:25:30,663 - INFO -   Prompt: /Users/marcrodig/Development/kdai/KDAI-Experiments/CodeIE/prompts/variations/coarse_nl_1shot/backtrans_ch.txt
2026-02-08 17:25:30,663 - INFO - ============================================================
2026-02-08 17:25:30,663 - INFO - ============================================================
2026-02-08 17:25:30,663 - INFO - CodeIE NER Experiment (Enhanced with Entity Schema)
2026-02-08 17:25:30,663 - INFO - ============================================================
2026-02-08 17:25:30,663 - INFO - Granularity: coarse
2026-02-08 17:25:30,663 - INFO - Style: nl
2026-02-08 17:25:30,663 - INFO - Variation: backtrans_ch
2026-02-08 17:25:30,663 - INFO - Model: mistral
2026-02-08 17:25:30,663 - INFO - ============================================================
2026-02-08 17:25:30,663 - INFO - Using ChatOllama (Chat API) for mistral
2026-02-08 17:25:30,695 - WARNING - Variation 'backtrans_ch' not found, using 'default' instead
2026-02-08 17:25:30,695 - INFO - Available NL variations: ['default']
2026-02-08 17:25:30,695 - INFO - Entity types (8): ['art', 'building', 'event', 'location', 'organization', 'other', 'person', 'product']
2026-02-08 17:25:30,695 - INFO - Loading test data from: /Users/marcrodig/Development/kdai/KDAI-Experiments/few-nerd_test
2026-02-08 17:25:30,700 - INFO - Loading pre-generated prompt from: /Users/marcrodig/Development/kdai/KDAI-Experiments/CodeIE/prompts/variations/coarse_nl_1shot/backtrans_ch.txt
2026-02-08 17:25:30,701 - INFO - ICL prompt length: 2094 characters
2026-02-08 17:25:30,701 - INFO - Sample ICL prompt (first 1000 chars):
2026-02-08 17:25:30,701 - INFO - ----------------------------------------
2026-02-08 17:25:30,701 - INFO - You are a named entity recognition (NER) expert system specialized in extracting entities from text.
2026-02-08 17:25:30,701 - INFO - 
2026-02-08 17:25:30,701 - INFO - **Annotation guidelines:**  
2026-02-08 17:25:30,701 - INFO - - **art**: a named work of art, including movies, books, music, paintings, or other creative works.  
2026-02-08 17:25:30,701 - INFO - - **building**: a named structure or building, such as a stadium, museum, or hotel.  
2026-02-08 17:25:30,701 - INFO - - **event**: a named event, such as a war, sports event, festival, or historical event.  
2026-02-08 17:25:30,701 - INFO - - **location**: a geographic location, such as a city, country, continent, region, or landmark.  
2026-02-08 17:25:30,701 - INFO - - **organization**: a named organization, institution, company, or group.  
2026-02-08 17:25:30,701 - INFO - - **other**: other named entities not falling into the above categories.  
2026-02-08 17:25:30,701 - INFO - - **person**: a named individual, including fictional characters, historical figures, celebrities, and ordinary people.  
2026-02-08 17:25:30,701 - INFO - - **product**: a named commercial product, software, vehicle model, or branded item.
2026-02-08 17:25:30,701 - INFO - 
2026-02-08 17:25:30,701 - INFO - **Extract named entities according to the following categories:**
2026-02-08 17:25:30,701 - INFO - 
2026-02-08 17:25:30,701 - INFO - Text is `"This album was released on March 25, 2008. It is the grou
2026-02-08 17:25:30,701 - INFO - ----------------------------------------
2026-02-08 17:25:30,701 - INFO - Processing 10 test samples...
2026-02-08 17:25:30,702 - ERROR - Inference failed: [Errno 61] Connection refused
2026-02-08 17:25:30,703 - ERROR - Inference failed: [Errno 61] Connection refused
2026-02-08 17:25:30,704 - ERROR - Inference failed: [Errno 61] Connection refused
2026-02-08 17:25:30,705 - ERROR - Inference failed: [Errno 61] Connection refused
2026-02-08 17:25:30,705 - ERROR - Inference failed: [Errno 61] Connection refused
2026-02-08 17:25:30,706 - ERROR - Inference failed: [Errno 61] Connection refused
2026-02-08 17:25:30,707 - ERROR - Inference failed: [Errno 61] Connection refused
2026-02-08 17:25:30,708 - ERROR - Inference failed: [Errno 61] Connection refused
2026-02-08 17:25:30,709 - ERROR - Inference failed: [Errno 61] Connection refused
2026-02-08 17:25:30,710 - ERROR - Inference failed: [Errno 61] Connection refused
2026-02-08 17:25:30,710 - INFO - Progress: 10/10 | P: 0.0000 | R: 0.0000 | Micro-F1: 0.0000 | Macro-F1: 0.0000
2026-02-08 17:25:30,711 - INFO - ============================================================
2026-02-08 17:25:30,711 - INFO - Final Results
2026-02-08 17:25:30,711 - INFO - ============================================================
2026-02-08 17:25:30,711 - INFO - Precision:  0.0000
2026-02-08 17:25:30,711 - INFO - Recall:     0.0000
2026-02-08 17:25:30,711 - INFO - Micro F1:   0.0000
2026-02-08 17:25:30,711 - INFO - Macro F1:   0.0000
2026-02-08 17:25:30,711 - INFO - ----------------------------------------
2026-02-08 17:25:30,711 - INFO - Per-Type F1 Scores:
2026-02-08 17:25:30,711 - INFO -   building                       F1: 0.0000 (P: 0.0000, R: 0.0000)
2026-02-08 17:25:30,711 - INFO -   event                          F1: 0.0000 (P: 0.0000, R: 0.0000)
2026-02-08 17:25:30,711 - INFO -   location                       F1: 0.0000 (P: 0.0000, R: 0.0000)
2026-02-08 17:25:30,711 - INFO -   organization                   F1: 0.0000 (P: 0.0000, R: 0.0000)
2026-02-08 17:25:30,711 - INFO -   other                          F1: 0.0000 (P: 0.0000, R: 0.0000)
2026-02-08 17:25:30,711 - INFO -   person                         F1: 0.0000 (P: 0.0000, R: 0.0000)
2026-02-08 17:25:30,711 - INFO -   product                        F1: 0.0000 (P: 0.0000, R: 0.0000)
2026-02-08 17:25:30,711 - INFO - ----------------------------------------
2026-02-08 17:25:30,711 - INFO - Results saved to: /Users/marcrodig/Development/kdai/KDAI-Experiments/CodeIE/CODEIE-results/coarse_nl_default_mistral_20260208_172530.json
2026-02-08 17:25:30,711 - INFO - ============================================================
2026-02-08 17:25:30,711 - INFO - Updated experiment matrix: /Users/marcrodig/Development/kdai/KDAI-Experiments/CodeIE/CODEIE-results/experiment_matrix.csv
2026-02-08 17:25:30,711 - INFO - 
[13/28] Starting: mistral_base_coarse_nl_backtrans_sp
2026-02-08 17:25:30,711 - INFO - 
============================================================
2026-02-08 17:25:30,711 - INFO - Running: mistral_base_coarse_nl_backtrans_sp
2026-02-08 17:25:30,711 - INFO -   Model: mistral
2026-02-08 17:25:30,711 - INFO -   Granularity: coarse
2026-02-08 17:25:30,711 - INFO -   Style: nl
2026-02-08 17:25:30,711 - INFO -   Variation: backtrans_sp
2026-02-08 17:25:30,711 - INFO -   Prompt: /Users/marcrodig/Development/kdai/KDAI-Experiments/CodeIE/prompts/variations/coarse_nl_1shot/backtrans_sp.txt
2026-02-08 17:25:30,711 - INFO - ============================================================
2026-02-08 17:25:30,711 - INFO - ============================================================
2026-02-08 17:25:30,711 - INFO - CodeIE NER Experiment (Enhanced with Entity Schema)
2026-02-08 17:25:30,711 - INFO - ============================================================
2026-02-08 17:25:30,711 - INFO - Granularity: coarse
2026-02-08 17:25:30,711 - INFO - Style: nl
2026-02-08 17:25:30,711 - INFO - Variation: backtrans_sp
2026-02-08 17:25:30,711 - INFO - Model: mistral
2026-02-08 17:25:30,711 - INFO - ============================================================
2026-02-08 17:25:30,711 - INFO - Using ChatOllama (Chat API) for mistral
2026-02-08 17:25:30,743 - WARNING - Variation 'backtrans_sp' not found, using 'default' instead
2026-02-08 17:25:30,743 - INFO - Available NL variations: ['default']
2026-02-08 17:25:30,743 - INFO - Entity types (8): ['art', 'building', 'event', 'location', 'organization', 'other', 'person', 'product']
2026-02-08 17:25:30,743 - INFO - Loading test data from: /Users/marcrodig/Development/kdai/KDAI-Experiments/few-nerd_test
2026-02-08 17:25:30,747 - INFO - Loading pre-generated prompt from: /Users/marcrodig/Development/kdai/KDAI-Experiments/CodeIE/prompts/variations/coarse_nl_1shot/backtrans_sp.txt
2026-02-08 17:25:30,748 - INFO - ICL prompt length: 2096 characters
2026-02-08 17:25:30,748 - INFO - Sample ICL prompt (first 1000 chars):
2026-02-08 17:25:30,748 - INFO - ----------------------------------------
2026-02-08 17:25:30,748 - INFO - # Annotation guidelines:
2026-02-08 17:25:30,748 - INFO - # Extract named entities based on the following categories:
2026-02-08 17:25:30,748 - INFO - #
2026-02-08 17:25:30,748 - INFO - # art: A named work of art including films, books, music, paintings, or other creative works.
2026-02-08 17:25:30,748 - INFO - # building: A named structure or building, such as a stadium, museum, or hotel.
2026-02-08 17:25:30,748 - INFO - # event: A named event such as a war, sports event, festival, or historical occurrence.
2026-02-08 17:25:30,748 - INFO - # location: A geographical location such as a city, country, continent, region, or landmark.
2026-02-08 17:25:30,748 - INFO - # organization: A named organization, institution, company, or group.
2026-02-08 17:25:30,748 - INFO - # other: Other named entities that don't fit into the above categories.
2026-02-08 17:25:30,748 - INFO - # person: A named individual, including fictional characters, historical figures, celebrities, and common people.
2026-02-08 17:25:30,748 - INFO - # product: A named commercial product, software, vehicle model, or branded item.
2026-02-08 17:25:30,748 - INFO - 
2026-02-08 17:25:30,748 - INFO - Text: "The album was released on March 25, 2008. It was the first new‑material album the group had released since **Good Content** in 1992."
2026-02-08 17:25:30,748 - INFO - Named entities in the text: (art: Good Content)
2026-02-08 17:25:30,748 - INFO - 
2026-02-08 17:25:30,748 - INFO - Text: "In 1136, the castle was
2026-02-08 17:25:30,748 - INFO - ----------------------------------------
2026-02-08 17:25:30,748 - INFO - Processing 10 test samples...
2026-02-08 17:25:30,756 - ERROR - Inference failed: [Errno 61] Connection refused
2026-02-08 17:25:30,757 - ERROR - Inference failed: [Errno 61] Connection refused
2026-02-08 17:25:30,759 - ERROR - Inference failed: [Errno 61] Connection refused
2026-02-08 17:25:30,760 - ERROR - Inference failed: [Errno 61] Connection refused
2026-02-08 17:25:30,761 - ERROR - Inference failed: [Errno 61] Connection refused
2026-02-08 17:25:30,762 - ERROR - Inference failed: [Errno 61] Connection refused
2026-02-08 17:25:30,763 - ERROR - Inference failed: [Errno 61] Connection refused
2026-02-08 17:25:30,764 - ERROR - Inference failed: [Errno 61] Connection refused
2026-02-08 17:25:30,766 - ERROR - Inference failed: [Errno 61] Connection refused
2026-02-08 17:25:30,767 - ERROR - Inference failed: [Errno 61] Connection refused
2026-02-08 17:25:30,767 - INFO - Progress: 10/10 | P: 0.0000 | R: 0.0000 | Micro-F1: 0.0000 | Macro-F1: 0.0000
2026-02-08 17:25:30,768 - INFO - ============================================================
2026-02-08 17:25:30,768 - INFO - Final Results
2026-02-08 17:25:30,768 - INFO - ============================================================
2026-02-08 17:25:30,768 - INFO - Precision:  0.0000
2026-02-08 17:25:30,768 - INFO - Recall:     0.0000
2026-02-08 17:25:30,768 - INFO - Micro F1:   0.0000
2026-02-08 17:25:30,768 - INFO - Macro F1:   0.0000
2026-02-08 17:25:30,768 - INFO - ----------------------------------------
2026-02-08 17:25:30,768 - INFO - Per-Type F1 Scores:
2026-02-08 17:25:30,768 - INFO -   building                       F1: 0.0000 (P: 0.0000, R: 0.0000)
2026-02-08 17:25:30,768 - INFO -   event                          F1: 0.0000 (P: 0.0000, R: 0.0000)
2026-02-08 17:25:30,768 - INFO -   location                       F1: 0.0000 (P: 0.0000, R: 0.0000)
2026-02-08 17:25:30,768 - INFO -   organization                   F1: 0.0000 (P: 0.0000, R: 0.0000)
2026-02-08 17:25:30,768 - INFO -   other                          F1: 0.0000 (P: 0.0000, R: 0.0000)
2026-02-08 17:25:30,768 - INFO -   person                         F1: 0.0000 (P: 0.0000, R: 0.0000)
2026-02-08 17:25:30,768 - INFO -   product                        F1: 0.0000 (P: 0.0000, R: 0.0000)
2026-02-08 17:25:30,768 - INFO - ----------------------------------------
2026-02-08 17:25:30,768 - INFO - Results saved to: /Users/marcrodig/Development/kdai/KDAI-Experiments/CodeIE/CODEIE-results/coarse_nl_default_mistral_20260208_172530.json
2026-02-08 17:25:30,768 - INFO - ============================================================
2026-02-08 17:25:30,768 - INFO - Updated experiment matrix: /Users/marcrodig/Development/kdai/KDAI-Experiments/CodeIE/CODEIE-results/experiment_matrix.csv
2026-02-08 17:25:30,768 - INFO - 
[14/28] Starting: mistral_base_coarse_nl_backtrans_tu
2026-02-08 17:25:30,768 - INFO - 
============================================================
2026-02-08 17:25:30,768 - INFO - Running: mistral_base_coarse_nl_backtrans_tu
2026-02-08 17:25:30,768 - INFO -   Model: mistral
2026-02-08 17:25:30,768 - INFO -   Granularity: coarse
2026-02-08 17:25:30,768 - INFO -   Style: nl
2026-02-08 17:25:30,768 - INFO -   Variation: backtrans_tu
2026-02-08 17:25:30,768 - INFO -   Prompt: /Users/marcrodig/Development/kdai/KDAI-Experiments/CodeIE/prompts/variations/coarse_nl_1shot/backtrans_tu.txt
2026-02-08 17:25:30,768 - INFO - ============================================================
2026-02-08 17:25:30,768 - INFO - ============================================================
2026-02-08 17:25:30,768 - INFO - CodeIE NER Experiment (Enhanced with Entity Schema)
2026-02-08 17:25:30,769 - INFO - ============================================================
2026-02-08 17:25:30,769 - INFO - Granularity: coarse
2026-02-08 17:25:30,769 - INFO - Style: nl
2026-02-08 17:25:30,769 - INFO - Variation: backtrans_tu
2026-02-08 17:25:30,769 - INFO - Model: mistral
2026-02-08 17:25:30,769 - INFO - ============================================================
2026-02-08 17:25:30,769 - INFO - Using ChatOllama (Chat API) for mistral
2026-02-08 17:25:30,806 - WARNING - Variation 'backtrans_tu' not found, using 'default' instead
2026-02-08 17:25:30,806 - INFO - Available NL variations: ['default']
2026-02-08 17:25:30,806 - INFO - Entity types (8): ['art', 'building', 'event', 'location', 'organization', 'other', 'person', 'product']
2026-02-08 17:25:30,806 - INFO - Loading test data from: /Users/marcrodig/Development/kdai/KDAI-Experiments/few-nerd_test
2026-02-08 17:25:30,811 - INFO - Loading pre-generated prompt from: /Users/marcrodig/Development/kdai/KDAI-Experiments/CodeIE/prompts/variations/coarse_nl_1shot/backtrans_tu.txt
2026-02-08 17:25:30,811 - INFO - ICL prompt length: 2344 characters
2026-02-08 17:25:30,811 - INFO - Sample ICL prompt (first 1000 chars):
2026-02-08 17:25:30,811 - INFO - ----------------------------------------
2026-02-08 17:25:30,811 - INFO - # You are a Named Entity Recognition (NER) system specialized in extracting entities from text.
2026-02-08 17:25:30,811 - INFO - 
2026-02-08 17:25:30,811 - INFO - # Description Guidelines:
2026-02-08 17:25:30,811 - INFO - # Extract named entities according to the following categories:
2026-02-08 17:25:30,811 - INFO - 
2026-02-08 17:25:30,811 - INFO - # * art: A named artistic work such as a film, book, music, painting, or other creative piece.
2026-02-08 17:25:30,811 - INFO - # * building: A named structure or building such as a stadium, museum, or hotel.
2026-02-08 17:25:30,811 - INFO - # * event: A named event such as a war, sports event, festival, or historical event.
2026-02-08 17:25:30,811 - INFO - # * location: A geographic location such as a city, country, continent, region, or monument.
2026-02-08 17:25:30,811 - INFO - # * organization: A named organization, institution, company, or group.
2026-02-08 17:25:30,811 - INFO - # * other: Named entities that do not fit the categories above.
2026-02-08 17:25:30,811 - INFO - # * person: A named individual such as fictional characters, historical figures, celebrities, or ordinary people.
2026-02-08 17:25:30,811 - INFO - # * product: A named commercial product, software, vehicle model, or branded item.
2026-02-08 17:25:30,812 - INFO - 
2026-02-08 17:25:30,812 - INFO - # The text is as follows: The album was released on March 25, 2008. The group had released its first album with new material
2026-02-08 17:25:30,812 - INFO - ----------------------------------------
2026-02-08 17:25:30,812 - INFO - Processing 10 test samples...
2026-02-08 17:25:30,813 - ERROR - Inference failed: [Errno 61] Connection refused
2026-02-08 17:25:30,814 - ERROR - Inference failed: [Errno 61] Connection refused
2026-02-08 17:25:30,815 - ERROR - Inference failed: [Errno 61] Connection refused
2026-02-08 17:25:30,816 - ERROR - Inference failed: [Errno 61] Connection refused
2026-02-08 17:25:30,816 - ERROR - Inference failed: [Errno 61] Connection refused
2026-02-08 17:25:30,817 - ERROR - Inference failed: [Errno 61] Connection refused
2026-02-08 17:25:30,818 - ERROR - Inference failed: [Errno 61] Connection refused
2026-02-08 17:25:30,819 - ERROR - Inference failed: [Errno 61] Connection refused
2026-02-08 17:25:30,820 - ERROR - Inference failed: [Errno 61] Connection refused
2026-02-08 17:25:30,821 - ERROR - Inference failed: [Errno 61] Connection refused
2026-02-08 17:25:30,821 - INFO - Progress: 10/10 | P: 0.0000 | R: 0.0000 | Micro-F1: 0.0000 | Macro-F1: 0.0000
2026-02-08 17:25:30,823 - INFO - ============================================================
2026-02-08 17:25:30,823 - INFO - Final Results
2026-02-08 17:25:30,823 - INFO - ============================================================
2026-02-08 17:25:30,823 - INFO - Precision:  0.0000
2026-02-08 17:25:30,823 - INFO - Recall:     0.0000
2026-02-08 17:25:30,823 - INFO - Micro F1:   0.0000
2026-02-08 17:25:30,823 - INFO - Macro F1:   0.0000
2026-02-08 17:25:30,823 - INFO - ----------------------------------------
2026-02-08 17:25:30,823 - INFO - Per-Type F1 Scores:
2026-02-08 17:25:30,823 - INFO -   building                       F1: 0.0000 (P: 0.0000, R: 0.0000)
2026-02-08 17:25:30,823 - INFO -   event                          F1: 0.0000 (P: 0.0000, R: 0.0000)
2026-02-08 17:25:30,823 - INFO -   location                       F1: 0.0000 (P: 0.0000, R: 0.0000)
2026-02-08 17:25:30,823 - INFO -   organization                   F1: 0.0000 (P: 0.0000, R: 0.0000)
2026-02-08 17:25:30,823 - INFO -   other                          F1: 0.0000 (P: 0.0000, R: 0.0000)
2026-02-08 17:25:30,823 - INFO -   person                         F1: 0.0000 (P: 0.0000, R: 0.0000)
2026-02-08 17:25:30,823 - INFO -   product                        F1: 0.0000 (P: 0.0000, R: 0.0000)
2026-02-08 17:25:30,823 - INFO - ----------------------------------------
2026-02-08 17:25:30,823 - INFO - Results saved to: /Users/marcrodig/Development/kdai/KDAI-Experiments/CodeIE/CODEIE-results/coarse_nl_default_mistral_20260208_172530.json
2026-02-08 17:25:30,823 - INFO - ============================================================
2026-02-08 17:25:30,823 - INFO - Updated experiment matrix: /Users/marcrodig/Development/kdai/KDAI-Experiments/CodeIE/CODEIE-results/experiment_matrix.csv
2026-02-08 17:25:30,823 - INFO - 
[15/28] Starting: mistral_base_fine_pl_base
2026-02-08 17:25:30,823 - INFO - 
============================================================
2026-02-08 17:25:30,823 - INFO - Running: mistral_base_fine_pl_base
2026-02-08 17:25:30,823 - INFO -   Model: mistral
2026-02-08 17:25:30,823 - INFO -   Granularity: fine
2026-02-08 17:25:30,823 - INFO -   Style: pl
2026-02-08 17:25:30,823 - INFO -   Variation: base
2026-02-08 17:25:30,823 - INFO -   Prompt: /Users/marcrodig/Development/kdai/KDAI-Experiments/CodeIE/prompts/base/fine_pl_1shot.txt
2026-02-08 17:25:30,823 - INFO - ============================================================
2026-02-08 17:25:30,823 - INFO - ============================================================
2026-02-08 17:25:30,823 - INFO - CodeIE NER Experiment (Enhanced with Entity Schema)
2026-02-08 17:25:30,823 - INFO - ============================================================
2026-02-08 17:25:30,823 - INFO - Granularity: fine
2026-02-08 17:25:30,824 - INFO - Style: pl
2026-02-08 17:25:30,824 - INFO - Variation: v0_original
2026-02-08 17:25:30,824 - INFO - Model: mistral
2026-02-08 17:25:30,824 - INFO - ============================================================
2026-02-08 17:25:30,824 - INFO - Using ChatOllama (Chat API) for mistral
2026-02-08 17:25:31,016 - WARNING - Variation 'v0_original' not found, using 'default' instead
2026-02-08 17:25:31,017 - INFO - Available PL variations: ['default']
2026-02-08 17:25:31,017 - INFO - Entity types (2): ['person-actor', 'dummy']
2026-02-08 17:25:31,017 - INFO - Loading test data from: /Users/marcrodig/Development/kdai/KDAI-Experiments/few-nerd_test
2026-02-08 17:25:31,036 - INFO - Loading pre-generated prompt from: /Users/marcrodig/Development/kdai/KDAI-Experiments/CodeIE/prompts/base/fine_pl_1shot.txt
2026-02-08 17:25:31,037 - INFO - ICL prompt length: 20930 characters
2026-02-08 17:25:31,037 - INFO - Sample ICL prompt (first 1000 chars):
2026-02-08 17:25:31,037 - INFO - ----------------------------------------
2026-02-08 17:25:31,037 - INFO - # TASK: Complete the Python code by adding entity_list.append() statements.
2026-02-08 17:25:31,037 - INFO - # DO NOT explain the code. Just output the entity_list.append() lines.
2026-02-08 17:25:31,037 - INFO - 
2026-02-08 17:25:31,037 - INFO - # You are an expert Named Entity Recognition (NER) system specializing in extracting entities from text.
2026-02-08 17:25:31,037 - INFO - # For each input_text, identify named entities and add them using entity_list.append().
2026-02-08 17:25:31,037 - INFO - 
2026-02-08 17:25:31,037 - INFO - # Entity Types (Fine-grained):
2026-02-08 17:25:31,037 - INFO - # - art-broadcastprogram, art-film, art-music, art-other, art-painting, art-writtenart
2026-02-08 17:25:31,037 - INFO - # - building-airport, building-hospital, building-hotel, building-library, building-other, building-restaurant, building-sportsfacility, building-theater
2026-02-08 17:25:31,037 - INFO - # - event-attack/battle/war/militaryconflict, event-disaster, event-election, event-other, event-protest, event-sportsevent
2026-02-08 17:25:31,037 - INFO - # - location-GPE, location-bodiesofwater, location-island, location-mountain, location-other, location-park, location-road/railway/highway/transit
2026-02-08 17:25:31,037 - INFO - # - organization-company, organization-education, organization-government/governmentagency, organization-media/news
2026-02-08 17:25:31,037 - INFO - ----------------------------------------
2026-02-08 17:25:31,037 - INFO - Processing 10 test samples...
2026-02-08 17:25:31,045 - ERROR - Inference failed: [Errno 61] Connection refused
2026-02-08 17:25:31,047 - ERROR - Inference failed: [Errno 61] Connection refused
2026-02-08 17:25:31,049 - ERROR - Inference failed: [Errno 61] Connection refused
2026-02-08 17:25:31,050 - ERROR - Inference failed: [Errno 61] Connection refused
2026-02-08 17:25:31,051 - ERROR - Inference failed: [Errno 61] Connection refused
2026-02-08 17:25:31,056 - ERROR - Inference failed: [Errno 61] Connection refused
2026-02-08 17:25:31,057 - ERROR - Inference failed: [Errno 61] Connection refused
2026-02-08 17:25:31,059 - ERROR - Inference failed: [Errno 61] Connection refused
2026-02-08 17:25:31,060 - ERROR - Inference failed: [Errno 61] Connection refused
2026-02-08 17:25:31,061 - ERROR - Inference failed: [Errno 61] Connection refused
2026-02-08 17:25:31,062 - INFO - Progress: 10/10 | P: 0.0000 | R: 0.0000 | Micro-F1: 0.0000 | Macro-F1: 0.0000
2026-02-08 17:25:31,063 - INFO - ============================================================
2026-02-08 17:25:31,063 - INFO - Final Results
2026-02-08 17:25:31,063 - INFO - ============================================================
2026-02-08 17:25:31,063 - INFO - Precision:  0.0000
2026-02-08 17:25:31,063 - INFO - Recall:     0.0000
2026-02-08 17:25:31,063 - INFO - Micro F1:   0.0000
2026-02-08 17:25:31,063 - INFO - Macro F1:   0.0000
2026-02-08 17:25:31,063 - INFO - ----------------------------------------
2026-02-08 17:25:31,063 - INFO - Per-Type F1 Scores:
2026-02-08 17:25:31,063 - INFO -   building-hotel                 F1: 0.0000 (P: 0.0000, R: 0.0000)
2026-02-08 17:25:31,063 - INFO -   building-other                 F1: 0.0000 (P: 0.0000, R: 0.0000)
2026-02-08 17:25:31,063 - INFO -   event-attack/battle/war/militaryconflict F1: 0.0000 (P: 0.0000, R: 0.0000)
2026-02-08 17:25:31,063 - INFO -   event-protest                  F1: 0.0000 (P: 0.0000, R: 0.0000)
2026-02-08 17:25:31,063 - INFO -   event-sportsevent              F1: 0.0000 (P: 0.0000, R: 0.0000)
2026-02-08 17:25:31,063 - INFO -   location-GPE                   F1: 0.0000 (P: 0.0000, R: 0.0000)
2026-02-08 17:25:31,063 - INFO -   location-park                  F1: 0.0000 (P: 0.0000, R: 0.0000)
2026-02-08 17:25:31,063 - INFO -   organization-media/newspaper   F1: 0.0000 (P: 0.0000, R: 0.0000)
2026-02-08 17:25:31,063 - INFO -   organization-other             F1: 0.0000 (P: 0.0000, R: 0.0000)
2026-02-08 17:25:31,063 - INFO -   organization-showorganization  F1: 0.0000 (P: 0.0000, R: 0.0000)
2026-02-08 17:25:31,063 - INFO -   other-livingthing              F1: 0.0000 (P: 0.0000, R: 0.0000)
2026-02-08 17:25:31,063 - INFO -   person-artist/author           F1: 0.0000 (P: 0.0000, R: 0.0000)
2026-02-08 17:25:31,063 - INFO -   person-other                   F1: 0.0000 (P: 0.0000, R: 0.0000)
2026-02-08 17:25:31,063 - INFO -   person-soldier                 F1: 0.0000 (P: 0.0000, R: 0.0000)
2026-02-08 17:25:31,063 - INFO -   product-car                    F1: 0.0000 (P: 0.0000, R: 0.0000)
2026-02-08 17:25:31,063 - INFO -   product-other                  F1: 0.0000 (P: 0.0000, R: 0.0000)
2026-02-08 17:25:31,063 - INFO - ----------------------------------------
2026-02-08 17:25:31,063 - INFO - Results saved to: /Users/marcrodig/Development/kdai/KDAI-Experiments/CodeIE/CODEIE-results/fine_pl_default_mistral_20260208_172531.json
2026-02-08 17:25:31,063 - INFO - ============================================================
2026-02-08 17:25:31,064 - INFO - Updated experiment matrix: /Users/marcrodig/Development/kdai/KDAI-Experiments/CodeIE/CODEIE-results/experiment_matrix.csv
2026-02-08 17:25:31,064 - INFO - 
[16/28] Starting: mistral_base_fine_pl_lexical_substitution
2026-02-08 17:25:31,064 - INFO - 
============================================================
2026-02-08 17:25:31,064 - INFO - Running: mistral_base_fine_pl_lexical_substitution
2026-02-08 17:25:31,064 - INFO -   Model: mistral
2026-02-08 17:25:31,064 - INFO -   Granularity: fine
2026-02-08 17:25:31,064 - INFO -   Style: pl
2026-02-08 17:25:31,064 - INFO -   Variation: lexical_substitution
2026-02-08 17:25:31,064 - INFO -   Prompt: /Users/marcrodig/Development/kdai/KDAI-Experiments/CodeIE/prompts/variations/fine_pl_1shot/lexical_substitution.txt
2026-02-08 17:25:31,064 - INFO - ============================================================
2026-02-08 17:25:31,064 - INFO - ============================================================
2026-02-08 17:25:31,064 - INFO - CodeIE NER Experiment (Enhanced with Entity Schema)
2026-02-08 17:25:31,064 - INFO - ============================================================
2026-02-08 17:25:31,064 - INFO - Granularity: fine
2026-02-08 17:25:31,064 - INFO - Style: pl
2026-02-08 17:25:31,064 - INFO - Variation: lexical_substitution
2026-02-08 17:25:31,064 - INFO - Model: mistral
2026-02-08 17:25:31,064 - INFO - ============================================================
2026-02-08 17:25:31,064 - INFO - Using ChatOllama (Chat API) for mistral
2026-02-08 17:25:31,100 - WARNING - Variation 'lexical_substitution' not found, using 'default' instead
2026-02-08 17:25:31,100 - INFO - Available PL variations: ['default']
2026-02-08 17:25:31,100 - INFO - Entity types (2): ['person-actor', 'dummy']
2026-02-08 17:25:31,100 - INFO - Loading test data from: /Users/marcrodig/Development/kdai/KDAI-Experiments/few-nerd_test
2026-02-08 17:25:31,105 - INFO - Loading pre-generated prompt from: /Users/marcrodig/Development/kdai/KDAI-Experiments/CodeIE/prompts/variations/fine_pl_1shot/lexical_substitution.txt
2026-02-08 17:25:31,105 - INFO - ICL prompt length: 20720 characters
2026-02-08 17:25:31,105 - INFO - Sample ICL prompt (first 1000 chars):
2026-02-08 17:25:31,105 - INFO - ----------------------------------------
2026-02-08 17:25:31,105 - INFO - # TASK: Complete the Python code by adding entity_list.append() statements.
2026-02-08 17:25:31,105 - INFO - # DO NOT explain the code. Just output the entity_list.append() lines.
2026-02-08 17:25:31,105 - INFO - 
2026-02-08 17:25:31,105 - INFO - # You are an expert Named Entity Recognition (NER) system specializing in extracting entities from text.
2026-02-08 17:25:31,105 - INFO - # For each input_text, identify named entities and add them using entity_list.append().
2026-02-08 17:25:31,105 - INFO - 
2026-02-08 17:25:31,105 - INFO - # Entity Types (Fine-grained):
2026-02-08 17:25:31,105 - INFO - # - art-broadcastprogram, art-film, art-music, art-other, art-painting, art-writtenart
2026-02-08 17:25:31,105 - INFO - # - building-airport, building-hospital, building-hotel, building-library, building-other, building-restaurant, building-sportsfacility, building-theater
2026-02-08 17:25:31,105 - INFO - # - event-attack/battle/war/militaryconflict, event-disaster, event-election, event-other, event-protest, event-sportsevent
2026-02-08 17:25:31,105 - INFO - # - location-GPE, location-bodiesofwater, location-island, location-mountain, location-other, location-park, location-road/railway/highway/transit
2026-02-08 17:25:31,105 - INFO - # - organization-company, organization-education, organization-government/governmentagency, organization-media/news
2026-02-08 17:25:31,105 - INFO - ----------------------------------------
2026-02-08 17:25:31,105 - INFO - Processing 10 test samples...
2026-02-08 17:25:31,107 - ERROR - Inference failed: [Errno 61] Connection refused
2026-02-08 17:25:31,108 - ERROR - Inference failed: [Errno 61] Connection refused
2026-02-08 17:25:31,108 - ERROR - Inference failed: [Errno 61] Connection refused
2026-02-08 17:25:31,109 - ERROR - Inference failed: [Errno 61] Connection refused
2026-02-08 17:25:31,110 - ERROR - Inference failed: [Errno 61] Connection refused
2026-02-08 17:25:31,111 - ERROR - Inference failed: [Errno 61] Connection refused
2026-02-08 17:25:31,112 - ERROR - Inference failed: [Errno 61] Connection refused
2026-02-08 17:25:31,113 - ERROR - Inference failed: [Errno 61] Connection refused
2026-02-08 17:25:31,114 - ERROR - Inference failed: [Errno 61] Connection refused
2026-02-08 17:25:31,115 - ERROR - Inference failed: [Errno 61] Connection refused
2026-02-08 17:25:31,115 - INFO - Progress: 10/10 | P: 0.0000 | R: 0.0000 | Micro-F1: 0.0000 | Macro-F1: 0.0000
2026-02-08 17:25:31,117 - INFO - ============================================================
2026-02-08 17:25:31,117 - INFO - Final Results
2026-02-08 17:25:31,117 - INFO - ============================================================
2026-02-08 17:25:31,117 - INFO - Precision:  0.0000
2026-02-08 17:25:31,117 - INFO - Recall:     0.0000
2026-02-08 17:25:31,117 - INFO - Micro F1:   0.0000
2026-02-08 17:25:31,117 - INFO - Macro F1:   0.0000
2026-02-08 17:25:31,117 - INFO - ----------------------------------------
2026-02-08 17:25:31,117 - INFO - Per-Type F1 Scores:
2026-02-08 17:25:31,117 - INFO -   building-hotel                 F1: 0.0000 (P: 0.0000, R: 0.0000)
2026-02-08 17:25:31,117 - INFO -   building-other                 F1: 0.0000 (P: 0.0000, R: 0.0000)
2026-02-08 17:25:31,117 - INFO -   event-attack/battle/war/militaryconflict F1: 0.0000 (P: 0.0000, R: 0.0000)
2026-02-08 17:25:31,117 - INFO -   event-protest                  F1: 0.0000 (P: 0.0000, R: 0.0000)
2026-02-08 17:25:31,117 - INFO -   event-sportsevent              F1: 0.0000 (P: 0.0000, R: 0.0000)
2026-02-08 17:25:31,117 - INFO -   location-GPE                   F1: 0.0000 (P: 0.0000, R: 0.0000)
2026-02-08 17:25:31,117 - INFO -   location-park                  F1: 0.0000 (P: 0.0000, R: 0.0000)
2026-02-08 17:25:31,117 - INFO -   organization-media/newspaper   F1: 0.0000 (P: 0.0000, R: 0.0000)
2026-02-08 17:25:31,117 - INFO -   organization-other             F1: 0.0000 (P: 0.0000, R: 0.0000)
2026-02-08 17:25:31,117 - INFO -   organization-showorganization  F1: 0.0000 (P: 0.0000, R: 0.0000)
2026-02-08 17:25:31,117 - INFO -   other-livingthing              F1: 0.0000 (P: 0.0000, R: 0.0000)
2026-02-08 17:25:31,117 - INFO -   person-artist/author           F1: 0.0000 (P: 0.0000, R: 0.0000)
2026-02-08 17:25:31,117 - INFO -   person-other                   F1: 0.0000 (P: 0.0000, R: 0.0000)
2026-02-08 17:25:31,117 - INFO -   person-soldier                 F1: 0.0000 (P: 0.0000, R: 0.0000)
2026-02-08 17:25:31,117 - INFO -   product-car                    F1: 0.0000 (P: 0.0000, R: 0.0000)
2026-02-08 17:25:31,117 - INFO -   product-other                  F1: 0.0000 (P: 0.0000, R: 0.0000)
2026-02-08 17:25:31,117 - INFO - ----------------------------------------
2026-02-08 17:25:31,117 - INFO - Results saved to: /Users/marcrodig/Development/kdai/KDAI-Experiments/CodeIE/CODEIE-results/fine_pl_default_mistral_20260208_172531.json
2026-02-08 17:25:31,117 - INFO - ============================================================
2026-02-08 17:25:31,118 - INFO - Updated experiment matrix: /Users/marcrodig/Development/kdai/KDAI-Experiments/CodeIE/CODEIE-results/experiment_matrix.csv
2026-02-08 17:25:31,118 - INFO - 
[17/28] Starting: mistral_base_fine_pl_reodering
2026-02-08 17:25:31,118 - INFO - 
============================================================
2026-02-08 17:25:31,118 - INFO - Running: mistral_base_fine_pl_reodering
2026-02-08 17:25:31,118 - INFO -   Model: mistral
2026-02-08 17:25:31,118 - INFO -   Granularity: fine
2026-02-08 17:25:31,118 - INFO -   Style: pl
2026-02-08 17:25:31,118 - INFO -   Variation: reodering
2026-02-08 17:25:31,118 - INFO -   Prompt: /Users/marcrodig/Development/kdai/KDAI-Experiments/CodeIE/prompts/variations/fine_pl_1shot/reodering.txt
2026-02-08 17:25:31,118 - INFO - ============================================================
2026-02-08 17:25:31,118 - INFO - ============================================================
2026-02-08 17:25:31,118 - INFO - CodeIE NER Experiment (Enhanced with Entity Schema)
2026-02-08 17:25:31,118 - INFO - ============================================================
2026-02-08 17:25:31,118 - INFO - Granularity: fine
2026-02-08 17:25:31,118 - INFO - Style: pl
2026-02-08 17:25:31,118 - INFO - Variation: reodering
2026-02-08 17:25:31,118 - INFO - Model: mistral
2026-02-08 17:25:31,118 - INFO - ============================================================
2026-02-08 17:25:31,118 - INFO - Using ChatOllama (Chat API) for mistral
2026-02-08 17:25:31,150 - WARNING - Variation 'reodering' not found, using 'default' instead
2026-02-08 17:25:31,150 - INFO - Available PL variations: ['default']
2026-02-08 17:25:31,150 - INFO - Entity types (2): ['person-actor', 'dummy']
2026-02-08 17:25:31,150 - INFO - Loading test data from: /Users/marcrodig/Development/kdai/KDAI-Experiments/few-nerd_test
2026-02-08 17:25:31,155 - INFO - Loading pre-generated prompt from: /Users/marcrodig/Development/kdai/KDAI-Experiments/CodeIE/prompts/variations/fine_pl_1shot/reodering.txt
2026-02-08 17:25:31,155 - INFO - ICL prompt length: 21716 characters
2026-02-08 17:25:31,155 - INFO - Sample ICL prompt (first 1000 chars):
2026-02-08 17:25:31,155 - INFO - ----------------------------------------
2026-02-08 17:25:31,155 - INFO - # TASK: Complete the Python code by adding entity_list.append() statements.
2026-02-08 17:25:31,155 - INFO - # DO NOT explain the code. Just output the entity_list.append() lines.
2026-02-08 17:25:31,155 - INFO - 
2026-02-08 17:25:31,155 - INFO - # As a specialized Named Entity Recognition (NER) system, your task is to extract entities from text.
2026-02-08 17:25:31,155 - INFO - # For every input_text, detect named entities and append them to the entity_list.
2026-02-08 17:25:31,155 - INFO - 
2026-02-08 17:25:31,155 - INFO - # Fine-grained Entity Definitions:
2026-02-08 17:25:31,155 - INFO - # - product-weapon, product-train, product-software, product-ship, product-other, product-game, product-food, product-car, product-airplane
2026-02-08 17:25:31,155 - INFO - # - person-soldier, person-scholar, person-politician, person-other, person-director, person-athlete, person-artist/author, person-actor
2026-02-08 17:25:31,155 - INFO - # - other-medical, other-livingthing, other-law, other-language, other-god, other-educationaldegree, other-disease, other-currency, other-chemicalthing, other-biologything, other-award, other-astronomything
2026-02-08 17:25:31,155 - INFO - # - organization-sportsteam, organization-sportsleague, organization-showorganization, organization-religion, organization-politicalparty, organizat
2026-02-08 17:25:31,155 - INFO - ----------------------------------------
2026-02-08 17:25:31,155 - INFO - Processing 10 test samples...
2026-02-08 17:25:31,157 - ERROR - Inference failed: [Errno 61] Connection refused
2026-02-08 17:25:31,158 - ERROR - Inference failed: [Errno 61] Connection refused
2026-02-08 17:25:31,158 - ERROR - Inference failed: [Errno 61] Connection refused
2026-02-08 17:25:31,159 - ERROR - Inference failed: [Errno 61] Connection refused
2026-02-08 17:25:31,160 - ERROR - Inference failed: [Errno 61] Connection refused
2026-02-08 17:25:31,160 - ERROR - Inference failed: [Errno 61] Connection refused
2026-02-08 17:25:31,162 - ERROR - Inference failed: [Errno 61] Connection refused
2026-02-08 17:25:31,162 - ERROR - Inference failed: [Errno 61] Connection refused
2026-02-08 17:25:31,163 - ERROR - Inference failed: [Errno 61] Connection refused
2026-02-08 17:25:31,164 - ERROR - Inference failed: [Errno 61] Connection refused
2026-02-08 17:25:31,164 - INFO - Progress: 10/10 | P: 0.0000 | R: 0.0000 | Micro-F1: 0.0000 | Macro-F1: 0.0000
2026-02-08 17:25:31,165 - INFO - ============================================================
2026-02-08 17:25:31,165 - INFO - Final Results
2026-02-08 17:25:31,165 - INFO - ============================================================
2026-02-08 17:25:31,165 - INFO - Precision:  0.0000
2026-02-08 17:25:31,165 - INFO - Recall:     0.0000
2026-02-08 17:25:31,165 - INFO - Micro F1:   0.0000
2026-02-08 17:25:31,165 - INFO - Macro F1:   0.0000
2026-02-08 17:25:31,165 - INFO - ----------------------------------------
2026-02-08 17:25:31,165 - INFO - Per-Type F1 Scores:
2026-02-08 17:25:31,165 - INFO -   building-hotel                 F1: 0.0000 (P: 0.0000, R: 0.0000)
2026-02-08 17:25:31,165 - INFO -   building-other                 F1: 0.0000 (P: 0.0000, R: 0.0000)
2026-02-08 17:25:31,165 - INFO -   event-attack/battle/war/militaryconflict F1: 0.0000 (P: 0.0000, R: 0.0000)
2026-02-08 17:25:31,165 - INFO -   event-protest                  F1: 0.0000 (P: 0.0000, R: 0.0000)
2026-02-08 17:25:31,165 - INFO -   event-sportsevent              F1: 0.0000 (P: 0.0000, R: 0.0000)
2026-02-08 17:25:31,165 - INFO -   location-GPE                   F1: 0.0000 (P: 0.0000, R: 0.0000)
2026-02-08 17:25:31,165 - INFO -   location-park                  F1: 0.0000 (P: 0.0000, R: 0.0000)
2026-02-08 17:25:31,165 - INFO -   organization-media/newspaper   F1: 0.0000 (P: 0.0000, R: 0.0000)
2026-02-08 17:25:31,165 - INFO -   organization-other             F1: 0.0000 (P: 0.0000, R: 0.0000)
2026-02-08 17:25:31,165 - INFO -   organization-showorganization  F1: 0.0000 (P: 0.0000, R: 0.0000)
2026-02-08 17:25:31,165 - INFO -   other-livingthing              F1: 0.0000 (P: 0.0000, R: 0.0000)
2026-02-08 17:25:31,165 - INFO -   person-artist/author           F1: 0.0000 (P: 0.0000, R: 0.0000)
2026-02-08 17:25:31,165 - INFO -   person-other                   F1: 0.0000 (P: 0.0000, R: 0.0000)
2026-02-08 17:25:31,165 - INFO -   person-soldier                 F1: 0.0000 (P: 0.0000, R: 0.0000)
2026-02-08 17:25:31,165 - INFO -   product-car                    F1: 0.0000 (P: 0.0000, R: 0.0000)
2026-02-08 17:25:31,166 - INFO -   product-other                  F1: 0.0000 (P: 0.0000, R: 0.0000)
2026-02-08 17:25:31,166 - INFO - ----------------------------------------
2026-02-08 17:25:31,166 - INFO - Results saved to: /Users/marcrodig/Development/kdai/KDAI-Experiments/CodeIE/CODEIE-results/fine_pl_default_mistral_20260208_172531.json
2026-02-08 17:25:31,166 - INFO - ============================================================
2026-02-08 17:25:31,166 - INFO - Updated experiment matrix: /Users/marcrodig/Development/kdai/KDAI-Experiments/CodeIE/CODEIE-results/experiment_matrix.csv
2026-02-08 17:25:31,166 - INFO - 
[18/28] Starting: mistral_base_fine_pl_sentence_reordering
2026-02-08 17:25:31,166 - INFO - 
============================================================
2026-02-08 17:25:31,166 - INFO - Running: mistral_base_fine_pl_sentence_reordering
2026-02-08 17:25:31,166 - INFO -   Model: mistral
2026-02-08 17:25:31,166 - INFO -   Granularity: fine
2026-02-08 17:25:31,166 - INFO -   Style: pl
2026-02-08 17:25:31,166 - INFO -   Variation: sentence_reordering
2026-02-08 17:25:31,166 - INFO -   Prompt: /Users/marcrodig/Development/kdai/KDAI-Experiments/CodeIE/prompts/variations/fine_pl_1shot/sentence_reordering.txt
2026-02-08 17:25:31,166 - INFO - ============================================================
2026-02-08 17:25:31,166 - INFO - ============================================================
2026-02-08 17:25:31,166 - INFO - CodeIE NER Experiment (Enhanced with Entity Schema)
2026-02-08 17:25:31,166 - INFO - ============================================================
2026-02-08 17:25:31,166 - INFO - Granularity: fine
2026-02-08 17:25:31,166 - INFO - Style: pl
2026-02-08 17:25:31,166 - INFO - Variation: sentence_reordering
2026-02-08 17:25:31,166 - INFO - Model: mistral
2026-02-08 17:25:31,166 - INFO - ============================================================
2026-02-08 17:25:31,166 - INFO - Using ChatOllama (Chat API) for mistral
2026-02-08 17:25:31,197 - WARNING - Variation 'sentence_reordering' not found, using 'default' instead
2026-02-08 17:25:31,197 - INFO - Available PL variations: ['default']
2026-02-08 17:25:31,197 - INFO - Entity types (2): ['person-actor', 'dummy']
2026-02-08 17:25:31,197 - INFO - Loading test data from: /Users/marcrodig/Development/kdai/KDAI-Experiments/few-nerd_test
2026-02-08 17:25:31,202 - INFO - Loading pre-generated prompt from: /Users/marcrodig/Development/kdai/KDAI-Experiments/CodeIE/prompts/variations/fine_pl_1shot/sentence_reordering.txt
2026-02-08 17:25:31,202 - INFO - ICL prompt length: 21805 characters
2026-02-08 17:25:31,202 - INFO - Sample ICL prompt (first 1000 chars):
2026-02-08 17:25:31,202 - INFO - ----------------------------------------
2026-02-08 17:25:31,202 - INFO - # ASSIGNMENT: Fill in the missing entity_list.append() lines in the Python script.
2026-02-08 17:25:31,202 - INFO - # No code explanation needed. Simply print the required append statements.
2026-02-08 17:25:31,202 - INFO - 
2026-02-08 17:25:31,203 - INFO - # Acting as a specialist NER system, your goal is to pull entities from the text.
2026-02-08 17:25:31,203 - INFO - # For every input string, detect the named entities and insert them into the list.
2026-02-08 17:25:31,203 - INFO - 
2026-02-08 17:25:31,203 - INFO - # Entity Definitions (Specific):
2026-02-08 17:25:31,203 - INFO - # - art-broadcastprogram, art-film, art-music, art-other, art-painting, art-writtenart
2026-02-08 17:25:31,203 - INFO - # - building-airport, building-hospital, building-hotel, building-library, building-other, building-restaurant, building-sportsfacility, building-theater
2026-02-08 17:25:31,203 - INFO - # - event-attack/battle/war/militaryconflict, event-disaster, event-election, event-other, event-protest, event-sportsevent
2026-02-08 17:25:31,203 - INFO - # - location-GPE, location-bodiesofwater, location-island, location-mountain, location-other, location-park, location-road/railway/highway/transit
2026-02-08 17:25:31,203 - INFO - # - organization-company, organization-education, organization-government/governmentagency, organization-media/newspaper, organiza
2026-02-08 17:25:31,203 - INFO - ----------------------------------------
2026-02-08 17:25:31,203 - INFO - Processing 10 test samples...
2026-02-08 17:25:31,204 - ERROR - Inference failed: [Errno 61] Connection refused
2026-02-08 17:25:31,205 - ERROR - Inference failed: [Errno 61] Connection refused
2026-02-08 17:25:31,206 - ERROR - Inference failed: [Errno 61] Connection refused
2026-02-08 17:25:31,207 - ERROR - Inference failed: [Errno 61] Connection refused
2026-02-08 17:25:31,208 - ERROR - Inference failed: [Errno 61] Connection refused
2026-02-08 17:25:31,209 - ERROR - Inference failed: [Errno 61] Connection refused
2026-02-08 17:25:31,210 - ERROR - Inference failed: [Errno 61] Connection refused
2026-02-08 17:25:31,211 - ERROR - Inference failed: [Errno 61] Connection refused
2026-02-08 17:25:31,212 - ERROR - Inference failed: [Errno 61] Connection refused
2026-02-08 17:25:31,212 - ERROR - Inference failed: [Errno 61] Connection refused
2026-02-08 17:25:31,212 - INFO - Progress: 10/10 | P: 0.0000 | R: 0.0000 | Micro-F1: 0.0000 | Macro-F1: 0.0000
2026-02-08 17:25:31,213 - INFO - ============================================================
2026-02-08 17:25:31,213 - INFO - Final Results
2026-02-08 17:25:31,213 - INFO - ============================================================
2026-02-08 17:25:31,213 - INFO - Precision:  0.0000
2026-02-08 17:25:31,213 - INFO - Recall:     0.0000
2026-02-08 17:25:31,213 - INFO - Micro F1:   0.0000
2026-02-08 17:25:31,213 - INFO - Macro F1:   0.0000
2026-02-08 17:25:31,213 - INFO - ----------------------------------------
2026-02-08 17:25:31,213 - INFO - Per-Type F1 Scores:
2026-02-08 17:25:31,213 - INFO -   building-hotel                 F1: 0.0000 (P: 0.0000, R: 0.0000)
2026-02-08 17:25:31,213 - INFO -   building-other                 F1: 0.0000 (P: 0.0000, R: 0.0000)
2026-02-08 17:25:31,213 - INFO -   event-attack/battle/war/militaryconflict F1: 0.0000 (P: 0.0000, R: 0.0000)
2026-02-08 17:25:31,213 - INFO -   event-protest                  F1: 0.0000 (P: 0.0000, R: 0.0000)
2026-02-08 17:25:31,213 - INFO -   event-sportsevent              F1: 0.0000 (P: 0.0000, R: 0.0000)
2026-02-08 17:25:31,213 - INFO -   location-GPE                   F1: 0.0000 (P: 0.0000, R: 0.0000)
2026-02-08 17:25:31,213 - INFO -   location-park                  F1: 0.0000 (P: 0.0000, R: 0.0000)
2026-02-08 17:25:31,213 - INFO -   organization-media/newspaper   F1: 0.0000 (P: 0.0000, R: 0.0000)
2026-02-08 17:25:31,213 - INFO -   organization-other             F1: 0.0000 (P: 0.0000, R: 0.0000)
2026-02-08 17:25:31,213 - INFO -   organization-showorganization  F1: 0.0000 (P: 0.0000, R: 0.0000)
2026-02-08 17:25:31,213 - INFO -   other-livingthing              F1: 0.0000 (P: 0.0000, R: 0.0000)
2026-02-08 17:25:31,213 - INFO -   person-artist/author           F1: 0.0000 (P: 0.0000, R: 0.0000)
2026-02-08 17:25:31,213 - INFO -   person-other                   F1: 0.0000 (P: 0.0000, R: 0.0000)
2026-02-08 17:25:31,213 - INFO -   person-soldier                 F1: 0.0000 (P: 0.0000, R: 0.0000)
2026-02-08 17:25:31,213 - INFO -   product-car                    F1: 0.0000 (P: 0.0000, R: 0.0000)
2026-02-08 17:25:31,213 - INFO -   product-other                  F1: 0.0000 (P: 0.0000, R: 0.0000)
2026-02-08 17:25:31,213 - INFO - ----------------------------------------
2026-02-08 17:25:31,213 - INFO - Results saved to: /Users/marcrodig/Development/kdai/KDAI-Experiments/CodeIE/CODEIE-results/fine_pl_default_mistral_20260208_172531.json
2026-02-08 17:25:31,213 - INFO - ============================================================
2026-02-08 17:25:31,214 - INFO - Updated experiment matrix: /Users/marcrodig/Development/kdai/KDAI-Experiments/CodeIE/CODEIE-results/experiment_matrix.csv
2026-02-08 17:25:31,214 - INFO - 
[19/28] Starting: mistral_base_fine_pl_backtrans_ch
2026-02-08 17:25:31,214 - INFO - 
============================================================
2026-02-08 17:25:31,214 - INFO - Running: mistral_base_fine_pl_backtrans_ch
2026-02-08 17:25:31,214 - INFO -   Model: mistral
2026-02-08 17:25:31,214 - INFO -   Granularity: fine
2026-02-08 17:25:31,214 - INFO -   Style: pl
2026-02-08 17:25:31,214 - INFO -   Variation: backtrans_ch
2026-02-08 17:25:31,214 - INFO -   Prompt: /Users/marcrodig/Development/kdai/KDAI-Experiments/CodeIE/prompts/variations/fine_pl_1shot/backtrans_ch.txt
2026-02-08 17:25:31,214 - INFO - ============================================================
2026-02-08 17:25:31,214 - INFO - ============================================================
2026-02-08 17:25:31,214 - INFO - CodeIE NER Experiment (Enhanced with Entity Schema)
2026-02-08 17:25:31,214 - INFO - ============================================================
2026-02-08 17:25:31,214 - INFO - Granularity: fine
2026-02-08 17:25:31,214 - INFO - Style: pl
2026-02-08 17:25:31,214 - INFO - Variation: backtrans_ch
2026-02-08 17:25:31,214 - INFO - Model: mistral
2026-02-08 17:25:31,214 - INFO - ============================================================
2026-02-08 17:25:31,214 - INFO - Using ChatOllama (Chat API) for mistral
2026-02-08 17:25:31,245 - WARNING - Variation 'backtrans_ch' not found, using 'default' instead
2026-02-08 17:25:31,245 - INFO - Available PL variations: ['default']
2026-02-08 17:25:31,245 - INFO - Entity types (2): ['person-actor', 'dummy']
2026-02-08 17:25:31,245 - INFO - Loading test data from: /Users/marcrodig/Development/kdai/KDAI-Experiments/few-nerd_test
2026-02-08 17:25:31,249 - INFO - Loading pre-generated prompt from: /Users/marcrodig/Development/kdai/KDAI-Experiments/CodeIE/prompts/variations/fine_pl_1shot/backtrans_ch.txt
2026-02-08 17:25:31,250 - INFO - ICL prompt length: 21533 characters
2026-02-08 17:25:31,250 - INFO - Sample ICL prompt (first 1000 chars):
2026-02-08 17:25:31,250 - INFO - ----------------------------------------
2026-02-08 17:25:31,250 - INFO - # Task: Complete the Python code by adding entity_list.append() statements. # No need to explain the code; only output the entity_list.append() statement lines. # You are a professional Named Entity Recognition (NER) system, specializing in extracting entities from text. # For each input text input_text, identify named entities and add them using entity_list.append().
2026-02-08 17:25:31,250 - INFO - 
2026-02-08 17:25:31,250 - INFO - # Entity Types (Fine-grained): # - Arts-Broadcast Program, Arts-Film, Arts-Music, Arts-Other, Arts-Painting, Arts-Literary Art # - Architecture-Airport, Architecture-Hospital, Architecture-Hotel, Architecture-Library, Architecture-Other, Architecture-Restaurant, Architecture-Sports Facility, Architecture-Theater
2026-02-08 17:25:31,250 - INFO - # - Event-Attack/Campaign/War/Military Conflict, Event-Disaster, Event-Election, Event-Other, Event-Protest, Event-Sports Event # - Place-Geographic Location, Place-Body of Water, Place-Island, Place-Mountain Range, Place-Other, Place-Park, Place-Road/Railway/Highway/Transportation Hub
2026-02-08 17:25:31,250 - INFO - # - Organization-Company, O
2026-02-08 17:25:31,250 - INFO - ----------------------------------------
2026-02-08 17:25:31,250 - INFO - Processing 10 test samples...
2026-02-08 17:25:31,251 - ERROR - Inference failed: [Errno 61] Connection refused
2026-02-08 17:25:31,252 - ERROR - Inference failed: [Errno 61] Connection refused
2026-02-08 17:25:31,253 - ERROR - Inference failed: [Errno 61] Connection refused
2026-02-08 17:25:31,254 - ERROR - Inference failed: [Errno 61] Connection refused
2026-02-08 17:25:31,254 - ERROR - Inference failed: [Errno 61] Connection refused
2026-02-08 17:25:31,255 - ERROR - Inference failed: [Errno 61] Connection refused
2026-02-08 17:25:31,256 - ERROR - Inference failed: [Errno 61] Connection refused
2026-02-08 17:25:31,257 - ERROR - Inference failed: [Errno 61] Connection refused
2026-02-08 17:25:31,258 - ERROR - Inference failed: [Errno 61] Connection refused
2026-02-08 17:25:31,259 - ERROR - Inference failed: [Errno 61] Connection refused
2026-02-08 17:25:31,259 - INFO - Progress: 10/10 | P: 0.0000 | R: 0.0000 | Micro-F1: 0.0000 | Macro-F1: 0.0000
2026-02-08 17:25:31,259 - INFO - ============================================================
2026-02-08 17:25:31,259 - INFO - Final Results
2026-02-08 17:25:31,259 - INFO - ============================================================
2026-02-08 17:25:31,259 - INFO - Precision:  0.0000
2026-02-08 17:25:31,260 - INFO - Recall:     0.0000
2026-02-08 17:25:31,260 - INFO - Micro F1:   0.0000
2026-02-08 17:25:31,260 - INFO - Macro F1:   0.0000
2026-02-08 17:25:31,260 - INFO - ----------------------------------------
2026-02-08 17:25:31,260 - INFO - Per-Type F1 Scores:
2026-02-08 17:25:31,260 - INFO -   building-hotel                 F1: 0.0000 (P: 0.0000, R: 0.0000)
2026-02-08 17:25:31,260 - INFO -   building-other                 F1: 0.0000 (P: 0.0000, R: 0.0000)
2026-02-08 17:25:31,260 - INFO -   event-attack/battle/war/militaryconflict F1: 0.0000 (P: 0.0000, R: 0.0000)
2026-02-08 17:25:31,260 - INFO -   event-protest                  F1: 0.0000 (P: 0.0000, R: 0.0000)
2026-02-08 17:25:31,260 - INFO -   event-sportsevent              F1: 0.0000 (P: 0.0000, R: 0.0000)
2026-02-08 17:25:31,260 - INFO -   location-GPE                   F1: 0.0000 (P: 0.0000, R: 0.0000)
2026-02-08 17:25:31,260 - INFO -   location-park                  F1: 0.0000 (P: 0.0000, R: 0.0000)
2026-02-08 17:25:31,260 - INFO -   organization-media/newspaper   F1: 0.0000 (P: 0.0000, R: 0.0000)
2026-02-08 17:25:31,260 - INFO -   organization-other             F1: 0.0000 (P: 0.0000, R: 0.0000)
2026-02-08 17:25:31,260 - INFO -   organization-showorganization  F1: 0.0000 (P: 0.0000, R: 0.0000)
2026-02-08 17:25:31,260 - INFO -   other-livingthing              F1: 0.0000 (P: 0.0000, R: 0.0000)
2026-02-08 17:25:31,260 - INFO -   person-artist/author           F1: 0.0000 (P: 0.0000, R: 0.0000)
2026-02-08 17:25:31,260 - INFO -   person-other                   F1: 0.0000 (P: 0.0000, R: 0.0000)
2026-02-08 17:25:31,260 - INFO -   person-soldier                 F1: 0.0000 (P: 0.0000, R: 0.0000)
2026-02-08 17:25:31,260 - INFO -   product-car                    F1: 0.0000 (P: 0.0000, R: 0.0000)
2026-02-08 17:25:31,260 - INFO -   product-other                  F1: 0.0000 (P: 0.0000, R: 0.0000)
2026-02-08 17:25:31,260 - INFO - ----------------------------------------
2026-02-08 17:25:31,260 - INFO - Results saved to: /Users/marcrodig/Development/kdai/KDAI-Experiments/CodeIE/CODEIE-results/fine_pl_default_mistral_20260208_172531.json
2026-02-08 17:25:31,260 - INFO - ============================================================
2026-02-08 17:25:31,260 - INFO - Updated experiment matrix: /Users/marcrodig/Development/kdai/KDAI-Experiments/CodeIE/CODEIE-results/experiment_matrix.csv
2026-02-08 17:25:31,260 - INFO - 
[20/28] Starting: mistral_base_fine_pl_backtrans_sp
2026-02-08 17:25:31,260 - INFO - 
============================================================
2026-02-08 17:25:31,260 - INFO - Running: mistral_base_fine_pl_backtrans_sp
2026-02-08 17:25:31,260 - INFO -   Model: mistral
2026-02-08 17:25:31,260 - INFO -   Granularity: fine
2026-02-08 17:25:31,260 - INFO -   Style: pl
2026-02-08 17:25:31,260 - INFO -   Variation: backtrans_sp
2026-02-08 17:25:31,260 - INFO -   Prompt: /Users/marcrodig/Development/kdai/KDAI-Experiments/CodeIE/prompts/variations/fine_pl_1shot/backtrans_sp.txt
2026-02-08 17:25:31,260 - INFO - ============================================================
2026-02-08 17:25:31,260 - INFO - ============================================================
2026-02-08 17:25:31,260 - INFO - CodeIE NER Experiment (Enhanced with Entity Schema)
2026-02-08 17:25:31,260 - INFO - ============================================================
2026-02-08 17:25:31,260 - INFO - Granularity: fine
2026-02-08 17:25:31,260 - INFO - Style: pl
2026-02-08 17:25:31,260 - INFO - Variation: backtrans_sp
2026-02-08 17:25:31,260 - INFO - Model: mistral
2026-02-08 17:25:31,260 - INFO - ============================================================
2026-02-08 17:25:31,260 - INFO - Using ChatOllama (Chat API) for mistral
2026-02-08 17:25:31,293 - WARNING - Variation 'backtrans_sp' not found, using 'default' instead
2026-02-08 17:25:31,293 - INFO - Available PL variations: ['default']
2026-02-08 17:25:31,293 - INFO - Entity types (2): ['person-actor', 'dummy']
2026-02-08 17:25:31,293 - INFO - Loading test data from: /Users/marcrodig/Development/kdai/KDAI-Experiments/few-nerd_test
2026-02-08 17:25:31,298 - INFO - Loading pre-generated prompt from: /Users/marcrodig/Development/kdai/KDAI-Experiments/CodeIE/prompts/variations/fine_pl_1shot/backtrans_sp.txt
2026-02-08 17:25:31,298 - INFO - ICL prompt length: 21044 characters
2026-02-08 17:25:31,298 - INFO - Sample ICL prompt (first 1000 chars):
2026-02-08 17:25:31,298 - INFO - ----------------------------------------
2026-02-08 17:25:31,298 - INFO - # TASK: Complete the Python code by adding entity_list.append() statements. # DO NOT explain the code. Just write the entity_list.append() lines. # You are an expert system in named entity recognition (NER) specialized in extracting entities from text. # For each input_text, identify the named entities and add them using entity_list.append().
2026-02-08 17:25:31,298 - INFO - 
2026-02-08 17:25:31,298 - INFO - # Entity types (detailed): # - art-broadcastprogram, art-film, art-music, art-other, art-painting, art-writtenart # - building-airport, building-hospital, building-hotel, building-library, building-other, building-restaurant, building-sportsfacility, building-theater
2026-02-08 17:25:31,298 - INFO - # - event-attack/battle/war/military conflict, event-disaster, event-elections, event-other, event-protest, event-sporting event # - location-GPE, location-body of water, location-island, location-mountain, location-other, location-park, location-road/rail/highway/transit
2026-02-08 17:25:31,298 - INFO - # - organization-company, organization-education, organization-government/government agency, organization-media/n
2026-02-08 17:25:31,298 - INFO - ----------------------------------------
2026-02-08 17:25:31,298 - INFO - Processing 10 test samples...
2026-02-08 17:25:31,300 - ERROR - Inference failed: [Errno 61] Connection refused
2026-02-08 17:25:31,301 - ERROR - Inference failed: [Errno 61] Connection refused
2026-02-08 17:25:31,301 - ERROR - Inference failed: [Errno 61] Connection refused
2026-02-08 17:25:31,302 - ERROR - Inference failed: [Errno 61] Connection refused
2026-02-08 17:25:31,303 - ERROR - Inference failed: [Errno 61] Connection refused
2026-02-08 17:25:31,304 - ERROR - Inference failed: [Errno 61] Connection refused
2026-02-08 17:25:31,305 - ERROR - Inference failed: [Errno 61] Connection refused
2026-02-08 17:25:31,306 - ERROR - Inference failed: [Errno 61] Connection refused
2026-02-08 17:25:31,308 - ERROR - Inference failed: [Errno 61] Connection refused
2026-02-08 17:25:31,310 - ERROR - Inference failed: [Errno 61] Connection refused
2026-02-08 17:25:31,310 - INFO - Progress: 10/10 | P: 0.0000 | R: 0.0000 | Micro-F1: 0.0000 | Macro-F1: 0.0000
2026-02-08 17:25:31,311 - INFO - ============================================================
2026-02-08 17:25:31,311 - INFO - Final Results
2026-02-08 17:25:31,311 - INFO - ============================================================
2026-02-08 17:25:31,311 - INFO - Precision:  0.0000
2026-02-08 17:25:31,311 - INFO - Recall:     0.0000
2026-02-08 17:25:31,311 - INFO - Micro F1:   0.0000
2026-02-08 17:25:31,311 - INFO - Macro F1:   0.0000
2026-02-08 17:25:31,311 - INFO - ----------------------------------------
2026-02-08 17:25:31,311 - INFO - Per-Type F1 Scores:
2026-02-08 17:25:31,311 - INFO -   building-hotel                 F1: 0.0000 (P: 0.0000, R: 0.0000)
2026-02-08 17:25:31,311 - INFO -   building-other                 F1: 0.0000 (P: 0.0000, R: 0.0000)
2026-02-08 17:25:31,311 - INFO -   event-attack/battle/war/militaryconflict F1: 0.0000 (P: 0.0000, R: 0.0000)
2026-02-08 17:25:31,311 - INFO -   event-protest                  F1: 0.0000 (P: 0.0000, R: 0.0000)
2026-02-08 17:25:31,311 - INFO -   event-sportsevent              F1: 0.0000 (P: 0.0000, R: 0.0000)
2026-02-08 17:25:31,311 - INFO -   location-GPE                   F1: 0.0000 (P: 0.0000, R: 0.0000)
2026-02-08 17:25:31,311 - INFO -   location-park                  F1: 0.0000 (P: 0.0000, R: 0.0000)
2026-02-08 17:25:31,311 - INFO -   organization-media/newspaper   F1: 0.0000 (P: 0.0000, R: 0.0000)
2026-02-08 17:25:31,311 - INFO -   organization-other             F1: 0.0000 (P: 0.0000, R: 0.0000)
2026-02-08 17:25:31,311 - INFO -   organization-showorganization  F1: 0.0000 (P: 0.0000, R: 0.0000)
2026-02-08 17:25:31,311 - INFO -   other-livingthing              F1: 0.0000 (P: 0.0000, R: 0.0000)
2026-02-08 17:25:31,311 - INFO -   person-artist/author           F1: 0.0000 (P: 0.0000, R: 0.0000)
2026-02-08 17:25:31,311 - INFO -   person-other                   F1: 0.0000 (P: 0.0000, R: 0.0000)
2026-02-08 17:25:31,311 - INFO -   person-soldier                 F1: 0.0000 (P: 0.0000, R: 0.0000)
2026-02-08 17:25:31,311 - INFO -   product-car                    F1: 0.0000 (P: 0.0000, R: 0.0000)
2026-02-08 17:25:31,311 - INFO -   product-other                  F1: 0.0000 (P: 0.0000, R: 0.0000)
2026-02-08 17:25:31,311 - INFO - ----------------------------------------
2026-02-08 17:25:31,311 - INFO - Results saved to: /Users/marcrodig/Development/kdai/KDAI-Experiments/CodeIE/CODEIE-results/fine_pl_default_mistral_20260208_172531.json
2026-02-08 17:25:31,311 - INFO - ============================================================
2026-02-08 17:25:31,311 - INFO - Updated experiment matrix: /Users/marcrodig/Development/kdai/KDAI-Experiments/CodeIE/CODEIE-results/experiment_matrix.csv
2026-02-08 17:25:31,311 - INFO - 
[21/28] Starting: mistral_base_fine_pl_backtrans_tu
2026-02-08 17:25:31,311 - INFO - 
============================================================
2026-02-08 17:25:31,311 - INFO - Running: mistral_base_fine_pl_backtrans_tu
2026-02-08 17:25:31,312 - INFO -   Model: mistral
2026-02-08 17:25:31,312 - INFO -   Granularity: fine
2026-02-08 17:25:31,312 - INFO -   Style: pl
2026-02-08 17:25:31,312 - INFO -   Variation: backtrans_tu
2026-02-08 17:25:31,312 - INFO -   Prompt: /Users/marcrodig/Development/kdai/KDAI-Experiments/CodeIE/prompts/variations/fine_pl_1shot/backtrans_tu.txt
2026-02-08 17:25:31,312 - INFO - ============================================================
2026-02-08 17:25:31,312 - INFO - ============================================================
2026-02-08 17:25:31,312 - INFO - CodeIE NER Experiment (Enhanced with Entity Schema)
2026-02-08 17:25:31,312 - INFO - ============================================================
2026-02-08 17:25:31,312 - INFO - Granularity: fine
2026-02-08 17:25:31,312 - INFO - Style: pl
2026-02-08 17:25:31,312 - INFO - Variation: backtrans_tu
2026-02-08 17:25:31,312 - INFO - Model: mistral
2026-02-08 17:25:31,312 - INFO - ============================================================
2026-02-08 17:25:31,312 - INFO - Using ChatOllama (Chat API) for mistral
2026-02-08 17:25:31,343 - WARNING - Variation 'backtrans_tu' not found, using 'default' instead
2026-02-08 17:25:31,343 - INFO - Available PL variations: ['default']
2026-02-08 17:25:31,343 - INFO - Entity types (2): ['person-actor', 'dummy']
2026-02-08 17:25:31,343 - INFO - Loading test data from: /Users/marcrodig/Development/kdai/KDAI-Experiments/few-nerd_test
2026-02-08 17:25:31,348 - INFO - Loading pre-generated prompt from: /Users/marcrodig/Development/kdai/KDAI-Experiments/CodeIE/prompts/variations/fine_pl_1shot/backtrans_tu.txt
2026-02-08 17:25:31,348 - INFO - ICL prompt length: 20953 characters
2026-02-08 17:25:31,348 - INFO - Sample ICL prompt (first 1000 chars):
2026-02-08 17:25:31,348 - INFO - ----------------------------------------
2026-02-08 17:25:31,348 - INFO - # TASK: Complete the Python code by adding entity_list.append() statements. # Do not explain the code. Only output the entity_list.append() lines. # You are a Named Entity Recognition (NER) system specialized in extracting entities from text. # For each input_text, identify the named entities and add them using entity_list.append(). # Entity Types (Fine-Grained): # - art-publicationprogram, art-film, art-music, art-other, art-painting, art-writtenart # - building-airport, building-hospital, building-hotel, building-library, building-other, building-restaurant, building-sports-facility, building-theater
2026-02-08 17:25:31,348 - INFO - # - event-attack/battle/war/militaryconflict, event-disaster, event-election, event-other, event-protest, event-sportsevent # - location-GPE, location-bodiesofwater, location-island, location-mountain, location-other, location-park, location-road/railway/highway/transit
2026-02-08 17:25:31,348 - INFO - # - organization-company, organization-education, organization-government/state institution, organization-media/newspap
2026-02-08 17:25:31,348 - INFO - ----------------------------------------
2026-02-08 17:25:31,348 - INFO - Processing 10 test samples...
2026-02-08 17:25:31,350 - ERROR - Inference failed: [Errno 61] Connection refused
2026-02-08 17:25:31,351 - ERROR - Inference failed: [Errno 61] Connection refused
2026-02-08 17:25:31,352 - ERROR - Inference failed: [Errno 61] Connection refused
2026-02-08 17:25:31,353 - ERROR - Inference failed: [Errno 61] Connection refused
2026-02-08 17:25:31,354 - ERROR - Inference failed: [Errno 61] Connection refused
2026-02-08 17:25:31,355 - ERROR - Inference failed: [Errno 61] Connection refused
2026-02-08 17:25:31,356 - ERROR - Inference failed: [Errno 61] Connection refused
2026-02-08 17:25:31,357 - ERROR - Inference failed: [Errno 61] Connection refused
2026-02-08 17:25:31,358 - ERROR - Inference failed: [Errno 61] Connection refused
2026-02-08 17:25:31,359 - ERROR - Inference failed: [Errno 61] Connection refused
2026-02-08 17:25:31,359 - INFO - Progress: 10/10 | P: 0.0000 | R: 0.0000 | Micro-F1: 0.0000 | Macro-F1: 0.0000
2026-02-08 17:25:31,360 - INFO - ============================================================
2026-02-08 17:25:31,360 - INFO - Final Results
2026-02-08 17:25:31,360 - INFO - ============================================================
2026-02-08 17:25:31,360 - INFO - Precision:  0.0000
2026-02-08 17:25:31,360 - INFO - Recall:     0.0000
2026-02-08 17:25:31,360 - INFO - Micro F1:   0.0000
2026-02-08 17:25:31,360 - INFO - Macro F1:   0.0000
2026-02-08 17:25:31,360 - INFO - ----------------------------------------
2026-02-08 17:25:31,360 - INFO - Per-Type F1 Scores:
2026-02-08 17:25:31,360 - INFO -   building-hotel                 F1: 0.0000 (P: 0.0000, R: 0.0000)
2026-02-08 17:25:31,360 - INFO -   building-other                 F1: 0.0000 (P: 0.0000, R: 0.0000)
2026-02-08 17:25:31,360 - INFO -   event-attack/battle/war/militaryconflict F1: 0.0000 (P: 0.0000, R: 0.0000)
2026-02-08 17:25:31,360 - INFO -   event-protest                  F1: 0.0000 (P: 0.0000, R: 0.0000)
2026-02-08 17:25:31,360 - INFO -   event-sportsevent              F1: 0.0000 (P: 0.0000, R: 0.0000)
2026-02-08 17:25:31,360 - INFO -   location-GPE                   F1: 0.0000 (P: 0.0000, R: 0.0000)
2026-02-08 17:25:31,360 - INFO -   location-park                  F1: 0.0000 (P: 0.0000, R: 0.0000)
2026-02-08 17:25:31,360 - INFO -   organization-media/newspaper   F1: 0.0000 (P: 0.0000, R: 0.0000)
2026-02-08 17:25:31,360 - INFO -   organization-other             F1: 0.0000 (P: 0.0000, R: 0.0000)
2026-02-08 17:25:31,360 - INFO -   organization-showorganization  F1: 0.0000 (P: 0.0000, R: 0.0000)
2026-02-08 17:25:31,360 - INFO -   other-livingthing              F1: 0.0000 (P: 0.0000, R: 0.0000)
2026-02-08 17:25:31,360 - INFO -   person-artist/author           F1: 0.0000 (P: 0.0000, R: 0.0000)
2026-02-08 17:25:31,360 - INFO -   person-other                   F1: 0.0000 (P: 0.0000, R: 0.0000)
2026-02-08 17:25:31,360 - INFO -   person-soldier                 F1: 0.0000 (P: 0.0000, R: 0.0000)
2026-02-08 17:25:31,360 - INFO -   product-car                    F1: 0.0000 (P: 0.0000, R: 0.0000)
2026-02-08 17:25:31,360 - INFO -   product-other                  F1: 0.0000 (P: 0.0000, R: 0.0000)
2026-02-08 17:25:31,361 - INFO - ----------------------------------------
2026-02-08 17:25:31,361 - INFO - Results saved to: /Users/marcrodig/Development/kdai/KDAI-Experiments/CodeIE/CODEIE-results/fine_pl_default_mistral_20260208_172531.json
2026-02-08 17:25:31,361 - INFO - ============================================================
2026-02-08 17:25:31,361 - INFO - Updated experiment matrix: /Users/marcrodig/Development/kdai/KDAI-Experiments/CodeIE/CODEIE-results/experiment_matrix.csv
2026-02-08 17:25:31,361 - INFO - 
[22/28] Starting: mistral_base_fine_nl_base
2026-02-08 17:25:31,361 - INFO - 
============================================================
2026-02-08 17:25:31,361 - INFO - Running: mistral_base_fine_nl_base
2026-02-08 17:25:31,361 - INFO -   Model: mistral
2026-02-08 17:25:31,361 - INFO -   Granularity: fine
2026-02-08 17:25:31,361 - INFO -   Style: nl
2026-02-08 17:25:31,361 - INFO -   Variation: base
2026-02-08 17:25:31,361 - INFO -   Prompt: /Users/marcrodig/Development/kdai/KDAI-Experiments/CodeIE/prompts/base/fine_nl_1shot.txt
2026-02-08 17:25:31,361 - INFO - ============================================================
2026-02-08 17:25:31,361 - INFO - ============================================================
2026-02-08 17:25:31,361 - INFO - CodeIE NER Experiment (Enhanced with Entity Schema)
2026-02-08 17:25:31,361 - INFO - ============================================================
2026-02-08 17:25:31,361 - INFO - Granularity: fine
2026-02-08 17:25:31,361 - INFO - Style: nl
2026-02-08 17:25:31,361 - INFO - Variation: v0_original
2026-02-08 17:25:31,361 - INFO - Model: mistral
2026-02-08 17:25:31,361 - INFO - ============================================================
2026-02-08 17:25:31,361 - INFO - Using ChatOllama (Chat API) for mistral
2026-02-08 17:25:31,394 - WARNING - Variation 'v0_original' not found, using 'default' instead
2026-02-08 17:25:31,394 - INFO - Available NL variations: ['default']
2026-02-08 17:25:31,394 - INFO - Entity types (2): ['person-actor', 'dummy']
2026-02-08 17:25:31,394 - INFO - Loading test data from: /Users/marcrodig/Development/kdai/KDAI-Experiments/few-nerd_test
2026-02-08 17:25:31,399 - INFO - Loading pre-generated prompt from: /Users/marcrodig/Development/kdai/KDAI-Experiments/CodeIE/prompts/base/fine_nl_1shot.txt
2026-02-08 17:25:31,400 - INFO - ICL prompt length: 14174 characters
2026-02-08 17:25:31,400 - INFO - Sample ICL prompt (first 1000 chars):
2026-02-08 17:25:31,400 - INFO - ----------------------------------------
2026-02-08 17:25:31,400 - INFO - You are an expert Named Entity Recognition (NER) system specializing in extracting entities from text.
2026-02-08 17:25:31,400 - INFO - 
2026-02-08 17:25:31,400 - INFO - Annotation Guidelines:
2026-02-08 17:25:31,400 - INFO - Extract named entities based on the following categories:
2026-02-08 17:25:31,400 - INFO - 
2026-02-08 17:25:31,400 - INFO - * art-broadcastprogram: A named television or radio program.
2026-02-08 17:25:31,400 - INFO - * art-film: A named movie or film.
2026-02-08 17:25:31,400 - INFO - * art-music: A named song, album, or musical composition.
2026-02-08 17:25:31,400 - INFO - * art-other: Other works of art not covered by specific categories.
2026-02-08 17:25:31,400 - INFO - * art-painting: A named painting or visual artwork.
2026-02-08 17:25:31,400 - INFO - * art-writtenart: A named book, poem, essay, or other written work.
2026-02-08 17:25:31,400 - INFO - * building-airport: A named airport or airfield.
2026-02-08 17:25:31,400 - INFO - * building-hospital: A named hospital, clinic, or medical center.
2026-02-08 17:25:31,400 - INFO - * building-hotel: A named hotel, motel, or resort.
2026-02-08 17:25:31,400 - INFO - * building-library: A named library or archive.
2026-02-08 17:25:31,400 - INFO - * building-other: Other named buildings or structures.
2026-02-08 17:25:31,400 - INFO - * building-restaurant: A named restaurant, cafe, or bar.
2026-02-08 17:25:31,400 - INFO - * building-sportsfacility: A named stadium, arena, or sports complex.
2026-02-08 17:25:31,400 - INFO - * building-theater: A named theater or cinema.
2026-02-08 17:25:31,400 - INFO - * event-attack/battle/war/mil
2026-02-08 17:25:31,400 - INFO - ----------------------------------------
2026-02-08 17:25:31,400 - INFO - Processing 10 test samples...
2026-02-08 17:25:31,402 - ERROR - Inference failed: [Errno 61] Connection refused
2026-02-08 17:25:31,403 - ERROR - Inference failed: [Errno 61] Connection refused
2026-02-08 17:25:31,403 - ERROR - Inference failed: [Errno 61] Connection refused
2026-02-08 17:25:31,404 - ERROR - Inference failed: [Errno 61] Connection refused
2026-02-08 17:25:31,405 - ERROR - Inference failed: [Errno 61] Connection refused
2026-02-08 17:25:31,406 - ERROR - Inference failed: [Errno 61] Connection refused
2026-02-08 17:25:31,406 - ERROR - Inference failed: [Errno 61] Connection refused
2026-02-08 17:25:31,407 - ERROR - Inference failed: [Errno 61] Connection refused
2026-02-08 17:25:31,408 - ERROR - Inference failed: [Errno 61] Connection refused
2026-02-08 17:25:31,409 - ERROR - Inference failed: [Errno 61] Connection refused
2026-02-08 17:25:31,409 - INFO - Progress: 10/10 | P: 0.0000 | R: 0.0000 | Micro-F1: 0.0000 | Macro-F1: 0.0000
2026-02-08 17:25:31,409 - INFO - ============================================================
2026-02-08 17:25:31,409 - INFO - Final Results
2026-02-08 17:25:31,409 - INFO - ============================================================
2026-02-08 17:25:31,410 - INFO - Precision:  0.0000
2026-02-08 17:25:31,410 - INFO - Recall:     0.0000
2026-02-08 17:25:31,410 - INFO - Micro F1:   0.0000
2026-02-08 17:25:31,410 - INFO - Macro F1:   0.0000
2026-02-08 17:25:31,410 - INFO - ----------------------------------------
2026-02-08 17:25:31,410 - INFO - Per-Type F1 Scores:
2026-02-08 17:25:31,410 - INFO -   building-hotel                 F1: 0.0000 (P: 0.0000, R: 0.0000)
2026-02-08 17:25:31,410 - INFO -   building-other                 F1: 0.0000 (P: 0.0000, R: 0.0000)
2026-02-08 17:25:31,410 - INFO -   event-attack/battle/war/militaryconflict F1: 0.0000 (P: 0.0000, R: 0.0000)
2026-02-08 17:25:31,410 - INFO -   event-protest                  F1: 0.0000 (P: 0.0000, R: 0.0000)
2026-02-08 17:25:31,410 - INFO -   event-sportsevent              F1: 0.0000 (P: 0.0000, R: 0.0000)
2026-02-08 17:25:31,410 - INFO -   location-GPE                   F1: 0.0000 (P: 0.0000, R: 0.0000)
2026-02-08 17:25:31,410 - INFO -   location-park                  F1: 0.0000 (P: 0.0000, R: 0.0000)
2026-02-08 17:25:31,410 - INFO -   organization-media/newspaper   F1: 0.0000 (P: 0.0000, R: 0.0000)
2026-02-08 17:25:31,410 - INFO -   organization-other             F1: 0.0000 (P: 0.0000, R: 0.0000)
2026-02-08 17:25:31,410 - INFO -   organization-showorganization  F1: 0.0000 (P: 0.0000, R: 0.0000)
2026-02-08 17:25:31,410 - INFO -   other-livingthing              F1: 0.0000 (P: 0.0000, R: 0.0000)
2026-02-08 17:25:31,410 - INFO -   person-artist/author           F1: 0.0000 (P: 0.0000, R: 0.0000)
2026-02-08 17:25:31,410 - INFO -   person-other                   F1: 0.0000 (P: 0.0000, R: 0.0000)
2026-02-08 17:25:31,410 - INFO -   person-soldier                 F1: 0.0000 (P: 0.0000, R: 0.0000)
2026-02-08 17:25:31,410 - INFO -   product-car                    F1: 0.0000 (P: 0.0000, R: 0.0000)
2026-02-08 17:25:31,410 - INFO -   product-other                  F1: 0.0000 (P: 0.0000, R: 0.0000)
2026-02-08 17:25:31,410 - INFO - ----------------------------------------
2026-02-08 17:25:31,410 - INFO - Results saved to: /Users/marcrodig/Development/kdai/KDAI-Experiments/CodeIE/CODEIE-results/fine_nl_default_mistral_20260208_172531.json
2026-02-08 17:25:31,410 - INFO - ============================================================
2026-02-08 17:25:31,410 - INFO - Updated experiment matrix: /Users/marcrodig/Development/kdai/KDAI-Experiments/CodeIE/CODEIE-results/experiment_matrix.csv
2026-02-08 17:25:31,410 - INFO - 
[23/28] Starting: mistral_base_fine_nl_lexical_substitution
2026-02-08 17:25:31,410 - INFO - 
============================================================
2026-02-08 17:25:31,410 - INFO - Running: mistral_base_fine_nl_lexical_substitution
2026-02-08 17:25:31,410 - INFO -   Model: mistral
2026-02-08 17:25:31,410 - INFO -   Granularity: fine
2026-02-08 17:25:31,410 - INFO -   Style: nl
2026-02-08 17:25:31,410 - INFO -   Variation: lexical_substitution
2026-02-08 17:25:31,410 - INFO -   Prompt: /Users/marcrodig/Development/kdai/KDAI-Experiments/CodeIE/prompts/variations/fine_nl_1shot/lexical_substitution.txt
2026-02-08 17:25:31,410 - INFO - ============================================================
2026-02-08 17:25:31,410 - INFO - ============================================================
2026-02-08 17:25:31,410 - INFO - CodeIE NER Experiment (Enhanced with Entity Schema)
2026-02-08 17:25:31,410 - INFO - ============================================================
2026-02-08 17:25:31,410 - INFO - Granularity: fine
2026-02-08 17:25:31,410 - INFO - Style: nl
2026-02-08 17:25:31,410 - INFO - Variation: lexical_substitution
2026-02-08 17:25:31,410 - INFO - Model: mistral
2026-02-08 17:25:31,410 - INFO - ============================================================
2026-02-08 17:25:31,410 - INFO - Using ChatOllama (Chat API) for mistral
2026-02-08 17:25:31,441 - WARNING - Variation 'lexical_substitution' not found, using 'default' instead
2026-02-08 17:25:31,441 - INFO - Available NL variations: ['default']
2026-02-08 17:25:31,441 - INFO - Entity types (2): ['person-actor', 'dummy']
2026-02-08 17:25:31,441 - INFO - Loading test data from: /Users/marcrodig/Development/kdai/KDAI-Experiments/few-nerd_test
2026-02-08 17:25:31,446 - INFO - Loading pre-generated prompt from: /Users/marcrodig/Development/kdai/KDAI-Experiments/CodeIE/prompts/variations/fine_nl_1shot/lexical_substitution.txt
2026-02-08 17:25:31,447 - INFO - ICL prompt length: 13917 characters
2026-02-08 17:25:31,447 - INFO - Sample ICL prompt (first 1000 chars):
2026-02-08 17:25:31,447 - INFO - ----------------------------------------
2026-02-08 17:25:31,447 - INFO - You are a specialized Named Entity Recognition (NER) tool designed to identify specific entities in text.
2026-02-08 17:25:31,447 - INFO - 
2026-02-08 17:25:31,447 - INFO - Annotation Guidelines:
2026-02-08 17:25:31,447 - INFO - Extract named entities according to the categories below:
2026-02-08 17:25:31,447 - INFO - 
2026-02-08 17:25:31,447 - INFO - * art-broadcastprogram: A titled radio or television show.
2026-02-08 17:25:31,447 - INFO - * art-film: A named film or movie.
2026-02-08 17:25:31,447 - INFO - * art-music: A titled album, song, or musical piece.
2026-02-08 17:25:31,447 - INFO - * art-other: Artistic works not falling into specific categories.
2026-02-08 17:25:31,447 - INFO - * art-painting: A named visual artwork or painting.
2026-02-08 17:25:31,447 - INFO - * art-writtenart: A titled poem, book, essay, or literary work.
2026-02-08 17:25:31,447 - INFO - * building-airport: A named airfield or airport.
2026-02-08 17:25:31,447 - INFO - * building-hospital: A named clinic, hospital, or medical center.
2026-02-08 17:25:31,447 - INFO - * building-hotel: A named resort, motel, or hotel.
2026-02-08 17:25:31,447 - INFO - * building-library: A named archive or library.
2026-02-08 17:25:31,447 - INFO - * building-other: Named structures or buildings not listed above.
2026-02-08 17:25:31,447 - INFO - * building-restaurant: A named cafe, bar, or restaurant.
2026-02-08 17:25:31,447 - INFO - * building-sportsfacility: A named arena, stadium, or sports complex.
2026-02-08 17:25:31,447 - INFO - * building-theater: A named cinema or theater.
2026-02-08 17:25:31,447 - INFO - * event-attack/battle/war/mi
2026-02-08 17:25:31,447 - INFO - ----------------------------------------
2026-02-08 17:25:31,447 - INFO - Processing 10 test samples...
2026-02-08 17:25:31,449 - ERROR - Inference failed: [Errno 61] Connection refused
2026-02-08 17:25:31,450 - ERROR - Inference failed: [Errno 61] Connection refused
2026-02-08 17:25:31,451 - ERROR - Inference failed: [Errno 61] Connection refused
2026-02-08 17:25:31,451 - ERROR - Inference failed: [Errno 61] Connection refused
2026-02-08 17:25:31,452 - ERROR - Inference failed: [Errno 61] Connection refused
2026-02-08 17:25:31,453 - ERROR - Inference failed: [Errno 61] Connection refused
2026-02-08 17:25:31,454 - ERROR - Inference failed: [Errno 61] Connection refused
2026-02-08 17:25:31,455 - ERROR - Inference failed: [Errno 61] Connection refused
2026-02-08 17:25:31,456 - ERROR - Inference failed: [Errno 61] Connection refused
2026-02-08 17:25:31,457 - ERROR - Inference failed: [Errno 61] Connection refused
2026-02-08 17:25:31,457 - INFO - Progress: 10/10 | P: 0.0000 | R: 0.0000 | Micro-F1: 0.0000 | Macro-F1: 0.0000
2026-02-08 17:25:31,458 - INFO - ============================================================
2026-02-08 17:25:31,458 - INFO - Final Results
2026-02-08 17:25:31,458 - INFO - ============================================================
2026-02-08 17:25:31,458 - INFO - Precision:  0.0000
2026-02-08 17:25:31,458 - INFO - Recall:     0.0000
2026-02-08 17:25:31,458 - INFO - Micro F1:   0.0000
2026-02-08 17:25:31,458 - INFO - Macro F1:   0.0000
2026-02-08 17:25:31,458 - INFO - ----------------------------------------
2026-02-08 17:25:31,458 - INFO - Per-Type F1 Scores:
2026-02-08 17:25:31,458 - INFO -   building-hotel                 F1: 0.0000 (P: 0.0000, R: 0.0000)
2026-02-08 17:25:31,458 - INFO -   building-other                 F1: 0.0000 (P: 0.0000, R: 0.0000)
2026-02-08 17:25:31,458 - INFO -   event-attack/battle/war/militaryconflict F1: 0.0000 (P: 0.0000, R: 0.0000)
2026-02-08 17:25:31,458 - INFO -   event-protest                  F1: 0.0000 (P: 0.0000, R: 0.0000)
2026-02-08 17:25:31,458 - INFO -   event-sportsevent              F1: 0.0000 (P: 0.0000, R: 0.0000)
2026-02-08 17:25:31,458 - INFO -   location-GPE                   F1: 0.0000 (P: 0.0000, R: 0.0000)
2026-02-08 17:25:31,458 - INFO -   location-park                  F1: 0.0000 (P: 0.0000, R: 0.0000)
2026-02-08 17:25:31,458 - INFO -   organization-media/newspaper   F1: 0.0000 (P: 0.0000, R: 0.0000)
2026-02-08 17:25:31,458 - INFO -   organization-other             F1: 0.0000 (P: 0.0000, R: 0.0000)
2026-02-08 17:25:31,458 - INFO -   organization-showorganization  F1: 0.0000 (P: 0.0000, R: 0.0000)
2026-02-08 17:25:31,458 - INFO -   other-livingthing              F1: 0.0000 (P: 0.0000, R: 0.0000)
2026-02-08 17:25:31,458 - INFO -   person-artist/author           F1: 0.0000 (P: 0.0000, R: 0.0000)
2026-02-08 17:25:31,458 - INFO -   person-other                   F1: 0.0000 (P: 0.0000, R: 0.0000)
2026-02-08 17:25:31,458 - INFO -   person-soldier                 F1: 0.0000 (P: 0.0000, R: 0.0000)
2026-02-08 17:25:31,458 - INFO -   product-car                    F1: 0.0000 (P: 0.0000, R: 0.0000)
2026-02-08 17:25:31,458 - INFO -   product-other                  F1: 0.0000 (P: 0.0000, R: 0.0000)
2026-02-08 17:25:31,458 - INFO - ----------------------------------------
2026-02-08 17:25:31,458 - INFO - Results saved to: /Users/marcrodig/Development/kdai/KDAI-Experiments/CodeIE/CODEIE-results/fine_nl_default_mistral_20260208_172531.json
2026-02-08 17:25:31,458 - INFO - ============================================================
2026-02-08 17:25:31,458 - INFO - Updated experiment matrix: /Users/marcrodig/Development/kdai/KDAI-Experiments/CodeIE/CODEIE-results/experiment_matrix.csv
2026-02-08 17:25:31,458 - INFO - 
[24/28] Starting: mistral_base_fine_nl_reodering
2026-02-08 17:25:31,458 - INFO - 
============================================================
2026-02-08 17:25:31,458 - INFO - Running: mistral_base_fine_nl_reodering
2026-02-08 17:25:31,459 - INFO -   Model: mistral
2026-02-08 17:25:31,459 - INFO -   Granularity: fine
2026-02-08 17:25:31,459 - INFO -   Style: nl
2026-02-08 17:25:31,459 - INFO -   Variation: reodering
2026-02-08 17:25:31,459 - INFO -   Prompt: /Users/marcrodig/Development/kdai/KDAI-Experiments/CodeIE/prompts/variations/fine_nl_1shot/reodering.txt
2026-02-08 17:25:31,459 - INFO - ============================================================
2026-02-08 17:25:31,459 - INFO - ============================================================
2026-02-08 17:25:31,459 - INFO - CodeIE NER Experiment (Enhanced with Entity Schema)
2026-02-08 17:25:31,459 - INFO - ============================================================
2026-02-08 17:25:31,459 - INFO - Granularity: fine
2026-02-08 17:25:31,459 - INFO - Style: nl
2026-02-08 17:25:31,459 - INFO - Variation: reodering
2026-02-08 17:25:31,459 - INFO - Model: mistral
2026-02-08 17:25:31,459 - INFO - ============================================================
2026-02-08 17:25:31,459 - INFO - Using ChatOllama (Chat API) for mistral
2026-02-08 17:25:31,491 - WARNING - Variation 'reodering' not found, using 'default' instead
2026-02-08 17:25:31,491 - INFO - Available NL variations: ['default']
2026-02-08 17:25:31,491 - INFO - Entity types (2): ['person-actor', 'dummy']
2026-02-08 17:25:31,491 - INFO - Loading test data from: /Users/marcrodig/Development/kdai/KDAI-Experiments/few-nerd_test
2026-02-08 17:25:31,496 - INFO - Loading pre-generated prompt from: /Users/marcrodig/Development/kdai/KDAI-Experiments/CodeIE/prompts/variations/fine_nl_1shot/reodering.txt
2026-02-08 17:25:31,496 - INFO - ICL prompt length: 14184 characters
2026-02-08 17:25:31,496 - INFO - Sample ICL prompt (first 1000 chars):
2026-02-08 17:25:31,496 - INFO - ----------------------------------------
2026-02-08 17:25:31,496 - INFO - You are a specialized Named Entity Recognition (NER) system. Your task is to identify and extract named entities from text based on the specific categories defined below.
2026-02-08 17:25:31,496 - INFO - 
2026-02-08 17:25:31,496 - INFO - Annotation Guidelines:
2026-02-08 17:25:31,496 - INFO - 
2026-02-08 17:25:31,496 - INFO - * product-weapon: A named weapon or military equipment.
2026-02-08 17:25:31,496 - INFO - * product-train: A named train model or locomotive.
2026-02-08 17:25:31,496 - INFO - * product-software: A named software application or system.
2026-02-08 17:25:31,496 - INFO - * product-ship: A named ship or boat.
2026-02-08 17:25:31,496 - INFO - * product-other: Other commercial products.
2026-02-08 17:25:31,496 - INFO - * product-game: A named game or video game.
2026-02-08 17:25:31,496 - INFO - * product-food: A named food or drink product.
2026-02-08 17:25:31,496 - INFO - * product-car: A named automobile model.
2026-02-08 17:25:31,496 - INFO - * product-airplane: A named aircraft model.
2026-02-08 17:25:31,496 - INFO - * person-soldier: A named soldier or military personnel.
2026-02-08 17:25:31,496 - INFO - * person-scholar: A named scholar, scientist, or academic.
2026-02-08 17:25:31,496 - INFO - * person-politician: A named politician or government official.
2026-02-08 17:25:31,496 - INFO - * person-other: Other named individuals.
2026-02-08 17:25:31,496 - INFO - * person-director: A named film or theater director.
2026-02-08 17:25:31,496 - INFO - * person-athlete: A named athlete or sports player.
2026-02-08 17:25:31,496 - INFO - * person-artist/author: A named artist, writer, or c
2026-02-08 17:25:31,496 - INFO - ----------------------------------------
2026-02-08 17:25:31,496 - INFO - Processing 10 test samples...
2026-02-08 17:25:31,498 - ERROR - Inference failed: [Errno 61] Connection refused
2026-02-08 17:25:31,499 - ERROR - Inference failed: [Errno 61] Connection refused
2026-02-08 17:25:31,500 - ERROR - Inference failed: [Errno 61] Connection refused
2026-02-08 17:25:31,500 - ERROR - Inference failed: [Errno 61] Connection refused
2026-02-08 17:25:31,501 - ERROR - Inference failed: [Errno 61] Connection refused
2026-02-08 17:25:31,502 - ERROR - Inference failed: [Errno 61] Connection refused
2026-02-08 17:25:31,502 - ERROR - Inference failed: [Errno 61] Connection refused
2026-02-08 17:25:31,503 - ERROR - Inference failed: [Errno 61] Connection refused
2026-02-08 17:25:31,504 - ERROR - Inference failed: [Errno 61] Connection refused
2026-02-08 17:25:31,505 - ERROR - Inference failed: [Errno 61] Connection refused
2026-02-08 17:25:31,505 - INFO - Progress: 10/10 | P: 0.0000 | R: 0.0000 | Micro-F1: 0.0000 | Macro-F1: 0.0000
2026-02-08 17:25:31,506 - INFO - ============================================================
2026-02-08 17:25:31,506 - INFO - Final Results
2026-02-08 17:25:31,506 - INFO - ============================================================
2026-02-08 17:25:31,506 - INFO - Precision:  0.0000
2026-02-08 17:25:31,506 - INFO - Recall:     0.0000
2026-02-08 17:25:31,506 - INFO - Micro F1:   0.0000
2026-02-08 17:25:31,506 - INFO - Macro F1:   0.0000
2026-02-08 17:25:31,506 - INFO - ----------------------------------------
2026-02-08 17:25:31,506 - INFO - Per-Type F1 Scores:
2026-02-08 17:25:31,506 - INFO -   building-hotel                 F1: 0.0000 (P: 0.0000, R: 0.0000)
2026-02-08 17:25:31,506 - INFO -   building-other                 F1: 0.0000 (P: 0.0000, R: 0.0000)
2026-02-08 17:25:31,506 - INFO -   event-attack/battle/war/militaryconflict F1: 0.0000 (P: 0.0000, R: 0.0000)
2026-02-08 17:25:31,506 - INFO -   event-protest                  F1: 0.0000 (P: 0.0000, R: 0.0000)
2026-02-08 17:25:31,506 - INFO -   event-sportsevent              F1: 0.0000 (P: 0.0000, R: 0.0000)
2026-02-08 17:25:31,506 - INFO -   location-GPE                   F1: 0.0000 (P: 0.0000, R: 0.0000)
2026-02-08 17:25:31,506 - INFO -   location-park                  F1: 0.0000 (P: 0.0000, R: 0.0000)
2026-02-08 17:25:31,506 - INFO -   organization-media/newspaper   F1: 0.0000 (P: 0.0000, R: 0.0000)
2026-02-08 17:25:31,506 - INFO -   organization-other             F1: 0.0000 (P: 0.0000, R: 0.0000)
2026-02-08 17:25:31,506 - INFO -   organization-showorganization  F1: 0.0000 (P: 0.0000, R: 0.0000)
2026-02-08 17:25:31,506 - INFO -   other-livingthing              F1: 0.0000 (P: 0.0000, R: 0.0000)
2026-02-08 17:25:31,506 - INFO -   person-artist/author           F1: 0.0000 (P: 0.0000, R: 0.0000)
2026-02-08 17:25:31,506 - INFO -   person-other                   F1: 0.0000 (P: 0.0000, R: 0.0000)
2026-02-08 17:25:31,506 - INFO -   person-soldier                 F1: 0.0000 (P: 0.0000, R: 0.0000)
2026-02-08 17:25:31,506 - INFO -   product-car                    F1: 0.0000 (P: 0.0000, R: 0.0000)
2026-02-08 17:25:31,506 - INFO -   product-other                  F1: 0.0000 (P: 0.0000, R: 0.0000)
2026-02-08 17:25:31,506 - INFO - ----------------------------------------
2026-02-08 17:25:31,506 - INFO - Results saved to: /Users/marcrodig/Development/kdai/KDAI-Experiments/CodeIE/CODEIE-results/fine_nl_default_mistral_20260208_172531.json
2026-02-08 17:25:31,506 - INFO - ============================================================
2026-02-08 17:25:31,506 - INFO - Updated experiment matrix: /Users/marcrodig/Development/kdai/KDAI-Experiments/CodeIE/CODEIE-results/experiment_matrix.csv
2026-02-08 17:25:31,506 - INFO - 
[25/28] Starting: mistral_base_fine_nl_sentence_reordering
2026-02-08 17:25:31,506 - INFO - 
============================================================
2026-02-08 17:25:31,506 - INFO - Running: mistral_base_fine_nl_sentence_reordering
2026-02-08 17:25:31,506 - INFO -   Model: mistral
2026-02-08 17:25:31,506 - INFO -   Granularity: fine
2026-02-08 17:25:31,506 - INFO -   Style: nl
2026-02-08 17:25:31,506 - INFO -   Variation: sentence_reordering
2026-02-08 17:25:31,506 - INFO -   Prompt: /Users/marcrodig/Development/kdai/KDAI-Experiments/CodeIE/prompts/variations/fine_nl_1shot/sentence_reordering.txt
2026-02-08 17:25:31,506 - INFO - ============================================================
2026-02-08 17:25:31,506 - INFO - ============================================================
2026-02-08 17:25:31,506 - INFO - CodeIE NER Experiment (Enhanced with Entity Schema)
2026-02-08 17:25:31,506 - INFO - ============================================================
2026-02-08 17:25:31,506 - INFO - Granularity: fine
2026-02-08 17:25:31,506 - INFO - Style: nl
2026-02-08 17:25:31,506 - INFO - Variation: sentence_reordering
2026-02-08 17:25:31,506 - INFO - Model: mistral
2026-02-08 17:25:31,506 - INFO - ============================================================
2026-02-08 17:25:31,506 - INFO - Using ChatOllama (Chat API) for mistral
2026-02-08 17:25:31,537 - WARNING - Variation 'sentence_reordering' not found, using 'default' instead
2026-02-08 17:25:31,537 - INFO - Available NL variations: ['default']
2026-02-08 17:25:31,537 - INFO - Entity types (2): ['person-actor', 'dummy']
2026-02-08 17:25:31,537 - INFO - Loading test data from: /Users/marcrodig/Development/kdai/KDAI-Experiments/few-nerd_test
2026-02-08 17:25:31,542 - INFO - Loading pre-generated prompt from: /Users/marcrodig/Development/kdai/KDAI-Experiments/CodeIE/prompts/variations/fine_nl_1shot/sentence_reordering.txt
2026-02-08 17:25:31,542 - INFO - ICL prompt length: 14483 characters
2026-02-08 17:25:31,542 - INFO - Sample ICL prompt (first 1000 chars):
2026-02-08 17:25:31,542 - INFO - ----------------------------------------
2026-02-08 17:25:31,542 - INFO - You are a specialized Named Entity Recognition (NER) tool designed to identify and extract entities from text.
2026-02-08 17:25:31,542 - INFO - 
2026-02-08 17:25:31,542 - INFO - Annotation Guidelines:
2026-02-08 17:25:31,542 - INFO - Extract named entities according to the following categories:
2026-02-08 17:25:31,542 - INFO - 
2026-02-08 17:25:31,542 - INFO - * art-broadcastprogram: A specific radio or television show.
2026-02-08 17:25:31,542 - INFO - * art-film: A specific movie or film.
2026-02-08 17:25:31,542 - INFO - * art-music: A specific song, album, or musical composition.
2026-02-08 17:25:31,542 - INFO - * art-other: Artistic works not falling into the other specific categories.
2026-02-08 17:25:31,542 - INFO - * art-painting: A specific visual artwork or painting.
2026-02-08 17:25:31,542 - INFO - * art-writtenart: A specific book, essay, poem, or written work.
2026-02-08 17:25:31,542 - INFO - * building-airport: A specific airfield or airport.
2026-02-08 17:25:31,542 - INFO - * building-hospital: A specific clinic, hospital, or medical center.
2026-02-08 17:25:31,542 - INFO - * building-hotel: A specific motel, resort, or hotel.
2026-02-08 17:25:31,542 - INFO - * building-library: A specific archive or library.
2026-02-08 17:25:31,542 - INFO - * building-other: Named structures or buildings not covered by other categories.
2026-02-08 17:25:31,542 - INFO - * building-restaurant: A specific cafe, bar, or restaurant.
2026-02-08 17:25:31,542 - INFO - * building-sportsfacility: A specific stadium, arena, or sports complex.
2026-02-08 17:25:31,542 - INFO - * buil
2026-02-08 17:25:31,542 - INFO - ----------------------------------------
2026-02-08 17:25:31,542 - INFO - Processing 10 test samples...
2026-02-08 17:25:31,543 - ERROR - Inference failed: [Errno 61] Connection refused
2026-02-08 17:25:31,544 - ERROR - Inference failed: [Errno 61] Connection refused
2026-02-08 17:25:31,545 - ERROR - Inference failed: [Errno 61] Connection refused
2026-02-08 17:25:31,545 - ERROR - Inference failed: [Errno 61] Connection refused
2026-02-08 17:25:31,546 - ERROR - Inference failed: [Errno 61] Connection refused
2026-02-08 17:25:31,547 - ERROR - Inference failed: [Errno 61] Connection refused
2026-02-08 17:25:31,548 - ERROR - Inference failed: [Errno 61] Connection refused
2026-02-08 17:25:31,549 - ERROR - Inference failed: [Errno 61] Connection refused
2026-02-08 17:25:31,550 - ERROR - Inference failed: [Errno 61] Connection refused
2026-02-08 17:25:31,551 - ERROR - Inference failed: [Errno 61] Connection refused
2026-02-08 17:25:31,551 - INFO - Progress: 10/10 | P: 0.0000 | R: 0.0000 | Micro-F1: 0.0000 | Macro-F1: 0.0000
2026-02-08 17:25:31,551 - INFO - ============================================================
2026-02-08 17:25:31,551 - INFO - Final Results
2026-02-08 17:25:31,551 - INFO - ============================================================
2026-02-08 17:25:31,551 - INFO - Precision:  0.0000
2026-02-08 17:25:31,551 - INFO - Recall:     0.0000
2026-02-08 17:25:31,551 - INFO - Micro F1:   0.0000
2026-02-08 17:25:31,551 - INFO - Macro F1:   0.0000
2026-02-08 17:25:31,551 - INFO - ----------------------------------------
2026-02-08 17:25:31,551 - INFO - Per-Type F1 Scores:
2026-02-08 17:25:31,551 - INFO -   building-hotel                 F1: 0.0000 (P: 0.0000, R: 0.0000)
2026-02-08 17:25:31,551 - INFO -   building-other                 F1: 0.0000 (P: 0.0000, R: 0.0000)
2026-02-08 17:25:31,551 - INFO -   event-attack/battle/war/militaryconflict F1: 0.0000 (P: 0.0000, R: 0.0000)
2026-02-08 17:25:31,551 - INFO -   event-protest                  F1: 0.0000 (P: 0.0000, R: 0.0000)
2026-02-08 17:25:31,551 - INFO -   event-sportsevent              F1: 0.0000 (P: 0.0000, R: 0.0000)
2026-02-08 17:25:31,551 - INFO -   location-GPE                   F1: 0.0000 (P: 0.0000, R: 0.0000)
2026-02-08 17:25:31,551 - INFO -   location-park                  F1: 0.0000 (P: 0.0000, R: 0.0000)
2026-02-08 17:25:31,552 - INFO -   organization-media/newspaper   F1: 0.0000 (P: 0.0000, R: 0.0000)
2026-02-08 17:25:31,552 - INFO -   organization-other             F1: 0.0000 (P: 0.0000, R: 0.0000)
2026-02-08 17:25:31,552 - INFO -   organization-showorganization  F1: 0.0000 (P: 0.0000, R: 0.0000)
2026-02-08 17:25:31,552 - INFO -   other-livingthing              F1: 0.0000 (P: 0.0000, R: 0.0000)
2026-02-08 17:25:31,552 - INFO -   person-artist/author           F1: 0.0000 (P: 0.0000, R: 0.0000)
2026-02-08 17:25:31,552 - INFO -   person-other                   F1: 0.0000 (P: 0.0000, R: 0.0000)
2026-02-08 17:25:31,552 - INFO -   person-soldier                 F1: 0.0000 (P: 0.0000, R: 0.0000)
2026-02-08 17:25:31,552 - INFO -   product-car                    F1: 0.0000 (P: 0.0000, R: 0.0000)
2026-02-08 17:25:31,552 - INFO -   product-other                  F1: 0.0000 (P: 0.0000, R: 0.0000)
2026-02-08 17:25:31,552 - INFO - ----------------------------------------
2026-02-08 17:25:31,552 - INFO - Results saved to: /Users/marcrodig/Development/kdai/KDAI-Experiments/CodeIE/CODEIE-results/fine_nl_default_mistral_20260208_172531.json
2026-02-08 17:25:31,552 - INFO - ============================================================
2026-02-08 17:25:31,552 - INFO - Updated experiment matrix: /Users/marcrodig/Development/kdai/KDAI-Experiments/CodeIE/CODEIE-results/experiment_matrix.csv
2026-02-08 17:25:31,552 - INFO - 
[26/28] Starting: mistral_base_fine_nl_backtrans_ch
2026-02-08 17:25:31,552 - INFO - 
============================================================
2026-02-08 17:25:31,552 - INFO - Running: mistral_base_fine_nl_backtrans_ch
2026-02-08 17:25:31,552 - INFO -   Model: mistral
2026-02-08 17:25:31,552 - INFO -   Granularity: fine
2026-02-08 17:25:31,552 - INFO -   Style: nl
2026-02-08 17:25:31,552 - INFO -   Variation: backtrans_ch
2026-02-08 17:25:31,552 - INFO -   Prompt: /Users/marcrodig/Development/kdai/KDAI-Experiments/CodeIE/prompts/variations/fine_nl_1shot/backtrans_ch.txt
2026-02-08 17:25:31,552 - INFO - ============================================================
2026-02-08 17:25:31,552 - INFO - ============================================================
2026-02-08 17:25:31,552 - INFO - CodeIE NER Experiment (Enhanced with Entity Schema)
2026-02-08 17:25:31,552 - INFO - ============================================================
2026-02-08 17:25:31,552 - INFO - Granularity: fine
2026-02-08 17:25:31,552 - INFO - Style: nl
2026-02-08 17:25:31,552 - INFO - Variation: backtrans_ch
2026-02-08 17:25:31,552 - INFO - Model: mistral
2026-02-08 17:25:31,552 - INFO - ============================================================
2026-02-08 17:25:31,552 - INFO - Using ChatOllama (Chat API) for mistral
2026-02-08 17:25:31,583 - WARNING - Variation 'backtrans_ch' not found, using 'default' instead
2026-02-08 17:25:31,583 - INFO - Available NL variations: ['default']
2026-02-08 17:25:31,583 - INFO - Entity types (2): ['person-actor', 'dummy']
2026-02-08 17:25:31,583 - INFO - Loading test data from: /Users/marcrodig/Development/kdai/KDAI-Experiments/few-nerd_test
2026-02-08 17:25:31,588 - INFO - Loading pre-generated prompt from: /Users/marcrodig/Development/kdai/KDAI-Experiments/CodeIE/prompts/variations/fine_nl_1shot/backtrans_ch.txt
2026-02-08 17:25:31,588 - INFO - ICL prompt length: 13772 characters
2026-02-08 17:25:31,588 - INFO - Sample ICL prompt (first 1000 chars):
2026-02-08 17:25:31,588 - INFO - ----------------------------------------
2026-02-08 17:25:31,588 - INFO - **Annotation Guidelines:**
2026-02-08 17:25:31,588 - INFO - 
2026-02-08 17:25:31,588 - INFO - - **Annotation goal**: Identify all named entities in the text and label them with the corresponding category.  
2026-02-08 17:25:31,588 - INFO - - **Named entity categories**: Extract named entities according to the following categories:
2026-02-08 17:25:31,588 - INFO - 
2026-02-08 17:25:31,588 - INFO -   * **art-broadcastprogram**: a television or radio program  
2026-02-08 17:25:31,588 - INFO -   * **art-film**: a movie  
2026-02-08 17:25:31,588 - INFO -   * **art-music**: a song  
2026-02-08 17:25:31,588 - INFO -   * **art-other**: other artistic works  
2026-02-08 17:25:31,588 - INFO -   * **art-painting**: a painting  
2026-02-08 17:25:31,588 - INFO -   * **art-writtenart**: a book  
2026-02-08 17:25:31,588 - INFO -   * **building-airport**: airport  
2026-02-08 17:25:31,588 - INFO -   * **building-hospital**: hospital  
2026-02-08 17:25:31,588 - INFO -   * **building-hotel**: hotel  
2026-02-08 17:25:31,588 - INFO -   * **building-library**: library  
2026-02-08 17:25:31,589 - INFO -   * **building-other**: other building  
2026-02-08 17:25:31,589 - INFO -   * **building-restaurant**: restaurant  
2026-02-08 17:25:31,589 - INFO -   * **building-sportsfacility**: sports facility  
2026-02-08 17:25:31,589 - INFO -   * **building-theater**: theater  
2026-02-08 17:25:31,589 - INFO -   * **event-attack/battle/war/militaryconflict**: battle, conflict  
2026-02-08 17:25:31,589 - INFO -   * **event-disaster**: disaster  
2026-02-08 17:25:31,589 - INFO -   * **event-election**: election  
2026-02-08 17:25:31,589 - INFO -   * **event-other**: other event  
2026-02-08 17:25:31,589 - INFO -   * **event-protest**: protest  
2026-02-08 17:25:31,589 - INFO -   * **event-sports
2026-02-08 17:25:31,589 - INFO - ----------------------------------------
2026-02-08 17:25:31,589 - INFO - Processing 10 test samples...
2026-02-08 17:25:31,590 - ERROR - Inference failed: [Errno 61] Connection refused
2026-02-08 17:25:31,591 - ERROR - Inference failed: [Errno 61] Connection refused
2026-02-08 17:25:31,592 - ERROR - Inference failed: [Errno 61] Connection refused
2026-02-08 17:25:31,593 - ERROR - Inference failed: [Errno 61] Connection refused
2026-02-08 17:25:31,594 - ERROR - Inference failed: [Errno 61] Connection refused
2026-02-08 17:25:31,595 - ERROR - Inference failed: [Errno 61] Connection refused
2026-02-08 17:25:31,596 - ERROR - Inference failed: [Errno 61] Connection refused
2026-02-08 17:25:31,598 - ERROR - Inference failed: [Errno 61] Connection refused
2026-02-08 17:25:31,599 - ERROR - Inference failed: [Errno 61] Connection refused
2026-02-08 17:25:31,600 - ERROR - Inference failed: [Errno 61] Connection refused
2026-02-08 17:25:31,600 - INFO - Progress: 10/10 | P: 0.0000 | R: 0.0000 | Micro-F1: 0.0000 | Macro-F1: 0.0000
2026-02-08 17:25:31,601 - INFO - ============================================================
2026-02-08 17:25:31,601 - INFO - Final Results
2026-02-08 17:25:31,601 - INFO - ============================================================
2026-02-08 17:25:31,601 - INFO - Precision:  0.0000
2026-02-08 17:25:31,601 - INFO - Recall:     0.0000
2026-02-08 17:25:31,601 - INFO - Micro F1:   0.0000
2026-02-08 17:25:31,601 - INFO - Macro F1:   0.0000
2026-02-08 17:25:31,601 - INFO - ----------------------------------------
2026-02-08 17:25:31,601 - INFO - Per-Type F1 Scores:
2026-02-08 17:25:31,601 - INFO -   building-hotel                 F1: 0.0000 (P: 0.0000, R: 0.0000)
2026-02-08 17:25:31,601 - INFO -   building-other                 F1: 0.0000 (P: 0.0000, R: 0.0000)
2026-02-08 17:25:31,601 - INFO -   event-attack/battle/war/militaryconflict F1: 0.0000 (P: 0.0000, R: 0.0000)
2026-02-08 17:25:31,601 - INFO -   event-protest                  F1: 0.0000 (P: 0.0000, R: 0.0000)
2026-02-08 17:25:31,601 - INFO -   event-sportsevent              F1: 0.0000 (P: 0.0000, R: 0.0000)
2026-02-08 17:25:31,601 - INFO -   location-GPE                   F1: 0.0000 (P: 0.0000, R: 0.0000)
2026-02-08 17:25:31,601 - INFO -   location-park                  F1: 0.0000 (P: 0.0000, R: 0.0000)
2026-02-08 17:25:31,601 - INFO -   organization-media/newspaper   F1: 0.0000 (P: 0.0000, R: 0.0000)
2026-02-08 17:25:31,601 - INFO -   organization-other             F1: 0.0000 (P: 0.0000, R: 0.0000)
2026-02-08 17:25:31,601 - INFO -   organization-showorganization  F1: 0.0000 (P: 0.0000, R: 0.0000)
2026-02-08 17:25:31,601 - INFO -   other-livingthing              F1: 0.0000 (P: 0.0000, R: 0.0000)
2026-02-08 17:25:31,601 - INFO -   person-artist/author           F1: 0.0000 (P: 0.0000, R: 0.0000)
2026-02-08 17:25:31,601 - INFO -   person-other                   F1: 0.0000 (P: 0.0000, R: 0.0000)
2026-02-08 17:25:31,601 - INFO -   person-soldier                 F1: 0.0000 (P: 0.0000, R: 0.0000)
2026-02-08 17:25:31,601 - INFO -   product-car                    F1: 0.0000 (P: 0.0000, R: 0.0000)
2026-02-08 17:25:31,601 - INFO -   product-other                  F1: 0.0000 (P: 0.0000, R: 0.0000)
2026-02-08 17:25:31,601 - INFO - ----------------------------------------
2026-02-08 17:25:31,601 - INFO - Results saved to: /Users/marcrodig/Development/kdai/KDAI-Experiments/CodeIE/CODEIE-results/fine_nl_default_mistral_20260208_172531.json
2026-02-08 17:25:31,601 - INFO - ============================================================
2026-02-08 17:25:31,601 - INFO - Updated experiment matrix: /Users/marcrodig/Development/kdai/KDAI-Experiments/CodeIE/CODEIE-results/experiment_matrix.csv
2026-02-08 17:25:31,601 - INFO - 
[27/28] Starting: mistral_base_fine_nl_backtrans_sp
2026-02-08 17:25:31,601 - INFO - 
============================================================
2026-02-08 17:25:31,601 - INFO - Running: mistral_base_fine_nl_backtrans_sp
2026-02-08 17:25:31,601 - INFO -   Model: mistral
2026-02-08 17:25:31,601 - INFO -   Granularity: fine
2026-02-08 17:25:31,601 - INFO -   Style: nl
2026-02-08 17:25:31,601 - INFO -   Variation: backtrans_sp
2026-02-08 17:25:31,601 - INFO -   Prompt: /Users/marcrodig/Development/kdai/KDAI-Experiments/CodeIE/prompts/variations/fine_nl_1shot/backtrans_sp.txt
2026-02-08 17:25:31,601 - INFO - ============================================================
2026-02-08 17:25:31,601 - INFO - ============================================================
2026-02-08 17:25:31,601 - INFO - CodeIE NER Experiment (Enhanced with Entity Schema)
2026-02-08 17:25:31,601 - INFO - ============================================================
2026-02-08 17:25:31,601 - INFO - Granularity: fine
2026-02-08 17:25:31,601 - INFO - Style: nl
2026-02-08 17:25:31,601 - INFO - Variation: backtrans_sp
2026-02-08 17:25:31,601 - INFO - Model: mistral
2026-02-08 17:25:31,601 - INFO - ============================================================
2026-02-08 17:25:31,601 - INFO - Using ChatOllama (Chat API) for mistral
2026-02-08 17:25:31,632 - WARNING - Variation 'backtrans_sp' not found, using 'default' instead
2026-02-08 17:25:31,632 - INFO - Available NL variations: ['default']
2026-02-08 17:25:31,632 - INFO - Entity types (2): ['person-actor', 'dummy']
2026-02-08 17:25:31,632 - INFO - Loading test data from: /Users/marcrodig/Development/kdai/KDAI-Experiments/few-nerd_test
2026-02-08 17:25:31,637 - INFO - Loading pre-generated prompt from: /Users/marcrodig/Development/kdai/KDAI-Experiments/CodeIE/prompts/variations/fine_nl_1shot/backtrans_sp.txt
2026-02-08 17:25:31,637 - INFO - ICL prompt length: 11498 characters
2026-02-08 17:25:31,637 - INFO - Sample ICL prompt (first 1000 chars):
2026-02-08 17:25:31,637 - INFO - ----------------------------------------
2026-02-08 17:25:31,637 - INFO - **Annotation Guidelines:**  
2026-02-08 17:25:31,637 - INFO - Extract named entities based on the following categories:
2026-02-08 17:25:31,637 - INFO - 
2026-02-08 17:25:31,638 - INFO - * art‑broadcastprogram: A named television or radio program.  
2026-02-08 17:25:31,638 - INFO - * art‑film: A named movie or feature film.  
2026-02-08 17:25:31,638 - INFO - * art‑music: A named song, album, or musical composition.  
2026-02-08 17:25:31,638 - INFO - * art‑other: Other works of art not covered by specific categories.  
2026-02-08 17:25:31,638 - INFO - * art‑painting: A named painting or visual artwork.  
2026-02-08 17:25:31,638 - INFO - * art‑writtenart: A named book, poem, essay, or other written work.  
2026-02-08 17:25:31,638 - INFO - * building‑airport: A named airport or airfield.  
2026-02-08 17:25:31,638 - INFO - * building‑hospital: A named hospital, clinic, or medical center.  
2026-02-08 17:25:31,638 - INFO - * building‑hotel: A named hotel, motel, or resort.  
2026-02-08 17:25:31,638 - INFO - * building‑library: A named library or archive.  
2026-02-08 17:25:31,638 - INFO - * building‑other: Other named buildings or structures.  
2026-02-08 17:25:31,638 - INFO - * building‑restaurant: A named restaurant, cafe, or bar.  
2026-02-08 17:25:31,638 - INFO - * building‑sportsfacility: A named stadium, arena, or sports complex.  
2026-02-08 17:25:31,638 - INFO - * building‑theater: A named theater or cinema.  
2026-02-08 17:25:31,638 - INFO - * event‑attack/battle/war/militaryconflict: A named military conflict, battle, or war.  
2026-02-08 17:25:31,638 - INFO - * 
2026-02-08 17:25:31,638 - INFO - ----------------------------------------
2026-02-08 17:25:31,638 - INFO - Processing 10 test samples...
2026-02-08 17:25:31,639 - ERROR - Inference failed: [Errno 61] Connection refused
2026-02-08 17:25:31,640 - ERROR - Inference failed: [Errno 61] Connection refused
2026-02-08 17:25:31,641 - ERROR - Inference failed: [Errno 61] Connection refused
2026-02-08 17:25:31,642 - ERROR - Inference failed: [Errno 61] Connection refused
2026-02-08 17:25:31,642 - ERROR - Inference failed: [Errno 61] Connection refused
2026-02-08 17:25:31,643 - ERROR - Inference failed: [Errno 61] Connection refused
2026-02-08 17:25:31,643 - ERROR - Inference failed: [Errno 61] Connection refused
2026-02-08 17:25:31,644 - ERROR - Inference failed: [Errno 61] Connection refused
2026-02-08 17:25:31,645 - ERROR - Inference failed: [Errno 61] Connection refused
2026-02-08 17:25:31,646 - ERROR - Inference failed: [Errno 61] Connection refused
2026-02-08 17:25:31,646 - INFO - Progress: 10/10 | P: 0.0000 | R: 0.0000 | Micro-F1: 0.0000 | Macro-F1: 0.0000
2026-02-08 17:25:31,647 - INFO - ============================================================
2026-02-08 17:25:31,647 - INFO - Final Results
2026-02-08 17:25:31,647 - INFO - ============================================================
2026-02-08 17:25:31,647 - INFO - Precision:  0.0000
2026-02-08 17:25:31,647 - INFO - Recall:     0.0000
2026-02-08 17:25:31,647 - INFO - Micro F1:   0.0000
2026-02-08 17:25:31,647 - INFO - Macro F1:   0.0000
2026-02-08 17:25:31,647 - INFO - ----------------------------------------
2026-02-08 17:25:31,647 - INFO - Per-Type F1 Scores:
2026-02-08 17:25:31,647 - INFO -   building-hotel                 F1: 0.0000 (P: 0.0000, R: 0.0000)
2026-02-08 17:25:31,647 - INFO -   building-other                 F1: 0.0000 (P: 0.0000, R: 0.0000)
2026-02-08 17:25:31,647 - INFO -   event-attack/battle/war/militaryconflict F1: 0.0000 (P: 0.0000, R: 0.0000)
2026-02-08 17:25:31,647 - INFO -   event-protest                  F1: 0.0000 (P: 0.0000, R: 0.0000)
2026-02-08 17:25:31,647 - INFO -   event-sportsevent              F1: 0.0000 (P: 0.0000, R: 0.0000)
2026-02-08 17:25:31,647 - INFO -   location-GPE                   F1: 0.0000 (P: 0.0000, R: 0.0000)
2026-02-08 17:25:31,647 - INFO -   location-park                  F1: 0.0000 (P: 0.0000, R: 0.0000)
2026-02-08 17:25:31,647 - INFO -   organization-media/newspaper   F1: 0.0000 (P: 0.0000, R: 0.0000)
2026-02-08 17:25:31,647 - INFO -   organization-other             F1: 0.0000 (P: 0.0000, R: 0.0000)
2026-02-08 17:25:31,647 - INFO -   organization-showorganization  F1: 0.0000 (P: 0.0000, R: 0.0000)
2026-02-08 17:25:31,647 - INFO -   other-livingthing              F1: 0.0000 (P: 0.0000, R: 0.0000)
2026-02-08 17:25:31,647 - INFO -   person-artist/author           F1: 0.0000 (P: 0.0000, R: 0.0000)
2026-02-08 17:25:31,647 - INFO -   person-other                   F1: 0.0000 (P: 0.0000, R: 0.0000)
2026-02-08 17:25:31,647 - INFO -   person-soldier                 F1: 0.0000 (P: 0.0000, R: 0.0000)
2026-02-08 17:25:31,647 - INFO -   product-car                    F1: 0.0000 (P: 0.0000, R: 0.0000)
2026-02-08 17:25:31,647 - INFO -   product-other                  F1: 0.0000 (P: 0.0000, R: 0.0000)
2026-02-08 17:25:31,647 - INFO - ----------------------------------------
2026-02-08 17:25:31,647 - INFO - Results saved to: /Users/marcrodig/Development/kdai/KDAI-Experiments/CodeIE/CODEIE-results/fine_nl_default_mistral_20260208_172531.json
2026-02-08 17:25:31,647 - INFO - ============================================================
2026-02-08 17:25:31,647 - INFO - Updated experiment matrix: /Users/marcrodig/Development/kdai/KDAI-Experiments/CodeIE/CODEIE-results/experiment_matrix.csv
2026-02-08 17:25:31,647 - INFO - 
[28/28] Starting: mistral_base_fine_nl_backtrans_tu
2026-02-08 17:25:31,647 - INFO - 
============================================================
2026-02-08 17:25:31,647 - INFO - Running: mistral_base_fine_nl_backtrans_tu
2026-02-08 17:25:31,647 - INFO -   Model: mistral
2026-02-08 17:25:31,647 - INFO -   Granularity: fine
2026-02-08 17:25:31,647 - INFO -   Style: nl
2026-02-08 17:25:31,647 - INFO -   Variation: backtrans_tu
2026-02-08 17:25:31,647 - INFO -   Prompt: /Users/marcrodig/Development/kdai/KDAI-Experiments/CodeIE/prompts/variations/fine_nl_1shot/backtrans_tu.txt
2026-02-08 17:25:31,647 - INFO - ============================================================
2026-02-08 17:25:31,647 - INFO - ============================================================
2026-02-08 17:25:31,647 - INFO - CodeIE NER Experiment (Enhanced with Entity Schema)
2026-02-08 17:25:31,647 - INFO - ============================================================
2026-02-08 17:25:31,647 - INFO - Granularity: fine
2026-02-08 17:25:31,647 - INFO - Style: nl
2026-02-08 17:25:31,647 - INFO - Variation: backtrans_tu
2026-02-08 17:25:31,647 - INFO - Model: mistral
2026-02-08 17:25:31,647 - INFO - ============================================================
2026-02-08 17:25:31,647 - INFO - Using ChatOllama (Chat API) for mistral
2026-02-08 17:25:31,678 - WARNING - Variation 'backtrans_tu' not found, using 'default' instead
2026-02-08 17:25:31,678 - INFO - Available NL variations: ['default']
2026-02-08 17:25:31,678 - INFO - Entity types (2): ['person-actor', 'dummy']
2026-02-08 17:25:31,678 - INFO - Loading test data from: /Users/marcrodig/Development/kdai/KDAI-Experiments/few-nerd_test
2026-02-08 17:25:31,683 - INFO - Loading pre-generated prompt from: /Users/marcrodig/Development/kdai/KDAI-Experiments/CodeIE/prompts/variations/fine_nl_1shot/backtrans_tu.txt
2026-02-08 17:25:31,683 - INFO - ICL prompt length: 14238 characters
2026-02-08 17:25:31,683 - INFO - Sample ICL prompt (first 1000 chars):
2026-02-08 17:25:31,683 - INFO - ----------------------------------------
2026-02-08 17:25:31,683 - INFO - **Annotation Guidelines:**
2026-02-08 17:25:31,683 - INFO - Extract named entities based on the following categories:
2026-02-08 17:25:31,683 - INFO - 
2026-02-08 17:25:31,683 - INFO - *   art-broadcastprogram: A named television or radio program.
2026-02-08 17:25:31,683 - INFO - *   art-film: A named movie or film.
2026-02-08 17:25:31,683 - INFO - *   art-music: A named song, album, or musical composition.
2026-02-08 17:25:31,683 - INFO - *   art-other: Other works of art not covered by specific categories.
2026-02-08 17:25:31,683 - INFO - *   art-painting: A named painting or visual artwork.
2026-02-08 17:25:31,683 - INFO - *   art-writtenart: A named book, poem, essay, or other written work.
2026-02-08 17:25:31,683 - INFO - *   building-airport: A named airport or airfield.
2026-02-08 17:25:31,683 - INFO - *   building-hospital: A named hospital, clinic, or medical center.
2026-02-08 17:25:31,683 - INFO - *   building-hotel: A named hotel, motel, or resort.
2026-02-08 17:25:31,683 - INFO - *   building-library: A named library or archive.
2026-02-08 17:25:31,683 - INFO - *   building-other: Other named buildings or structures.
2026-02-08 17:25:31,683 - INFO - *   building-restaurant: A named restaurant, cafe, or bar.
2026-02-08 17:25:31,683 - INFO - *   building-sportsfacility: A named stadium, arena, or sports complex.
2026-02-08 17:25:31,683 - INFO - *   building-theater: A named theater or cinema.
2026-02-08 17:25:31,683 - INFO - *   event-attack/battle/war/militaryconflict: A named military conflict, battle, or war.
2026-02-08 17:25:31,683 - INFO - *   event-di
2026-02-08 17:25:31,683 - INFO - ----------------------------------------
2026-02-08 17:25:31,683 - INFO - Processing 10 test samples...
2026-02-08 17:25:31,685 - ERROR - Inference failed: [Errno 61] Connection refused
2026-02-08 17:25:31,686 - ERROR - Inference failed: [Errno 61] Connection refused
2026-02-08 17:25:31,687 - ERROR - Inference failed: [Errno 61] Connection refused
2026-02-08 17:25:31,688 - ERROR - Inference failed: [Errno 61] Connection refused
2026-02-08 17:25:31,688 - ERROR - Inference failed: [Errno 61] Connection refused
2026-02-08 17:25:31,689 - ERROR - Inference failed: [Errno 61] Connection refused
2026-02-08 17:25:31,691 - ERROR - Inference failed: [Errno 61] Connection refused
2026-02-08 17:25:31,692 - ERROR - Inference failed: [Errno 61] Connection refused
2026-02-08 17:25:31,693 - ERROR - Inference failed: [Errno 61] Connection refused
2026-02-08 17:25:31,694 - ERROR - Inference failed: [Errno 61] Connection refused
2026-02-08 17:25:31,694 - INFO - Progress: 10/10 | P: 0.0000 | R: 0.0000 | Micro-F1: 0.0000 | Macro-F1: 0.0000
2026-02-08 17:25:31,695 - INFO - ============================================================
2026-02-08 17:25:31,695 - INFO - Final Results
2026-02-08 17:25:31,695 - INFO - ============================================================
2026-02-08 17:25:31,695 - INFO - Precision:  0.0000
2026-02-08 17:25:31,695 - INFO - Recall:     0.0000
2026-02-08 17:25:31,695 - INFO - Micro F1:   0.0000
2026-02-08 17:25:31,695 - INFO - Macro F1:   0.0000
2026-02-08 17:25:31,695 - INFO - ----------------------------------------
2026-02-08 17:25:31,695 - INFO - Per-Type F1 Scores:
2026-02-08 17:25:31,695 - INFO -   building-hotel                 F1: 0.0000 (P: 0.0000, R: 0.0000)
2026-02-08 17:25:31,695 - INFO -   building-other                 F1: 0.0000 (P: 0.0000, R: 0.0000)
2026-02-08 17:25:31,695 - INFO -   event-attack/battle/war/militaryconflict F1: 0.0000 (P: 0.0000, R: 0.0000)
2026-02-08 17:25:31,695 - INFO -   event-protest                  F1: 0.0000 (P: 0.0000, R: 0.0000)
2026-02-08 17:25:31,695 - INFO -   event-sportsevent              F1: 0.0000 (P: 0.0000, R: 0.0000)
2026-02-08 17:25:31,695 - INFO -   location-GPE                   F1: 0.0000 (P: 0.0000, R: 0.0000)
2026-02-08 17:25:31,695 - INFO -   location-park                  F1: 0.0000 (P: 0.0000, R: 0.0000)
2026-02-08 17:25:31,695 - INFO -   organization-media/newspaper   F1: 0.0000 (P: 0.0000, R: 0.0000)
2026-02-08 17:25:31,695 - INFO -   organization-other             F1: 0.0000 (P: 0.0000, R: 0.0000)
2026-02-08 17:25:31,695 - INFO -   organization-showorganization  F1: 0.0000 (P: 0.0000, R: 0.0000)
2026-02-08 17:25:31,695 - INFO -   other-livingthing              F1: 0.0000 (P: 0.0000, R: 0.0000)
2026-02-08 17:25:31,695 - INFO -   person-artist/author           F1: 0.0000 (P: 0.0000, R: 0.0000)
2026-02-08 17:25:31,695 - INFO -   person-other                   F1: 0.0000 (P: 0.0000, R: 0.0000)
2026-02-08 17:25:31,695 - INFO -   person-soldier                 F1: 0.0000 (P: 0.0000, R: 0.0000)
2026-02-08 17:25:31,695 - INFO -   product-car                    F1: 0.0000 (P: 0.0000, R: 0.0000)
2026-02-08 17:25:31,695 - INFO -   product-other                  F1: 0.0000 (P: 0.0000, R: 0.0000)
2026-02-08 17:25:31,695 - INFO - ----------------------------------------
2026-02-08 17:25:31,695 - INFO - Results saved to: /Users/marcrodig/Development/kdai/KDAI-Experiments/CodeIE/CODEIE-results/fine_nl_default_mistral_20260208_172531.json
2026-02-08 17:25:31,695 - INFO - ============================================================
2026-02-08 17:25:31,695 - INFO - Updated experiment matrix: /Users/marcrodig/Development/kdai/KDAI-Experiments/CodeIE/CODEIE-results/experiment_matrix.csv
2026-02-08 17:25:31,696 - INFO - 
============================================================
2026-02-08 17:25:31,696 - INFO - Pipeline complete!
2026-02-08 17:25:31,696 - INFO -   Completed: 28/28 runs
2026-02-08 17:25:31,696 - INFO -   Results saved to: /Users/marcrodig/Development/kdai/KDAI-Experiments/CodeIE/CODEIE-results/batch_20260208_172527
2026-02-08 17:25:31,696 - INFO - ============================================================

============================================================
All Steps Complete!
Full log saved to: CodeIE/logs/full_run_mistral_20260208_172519.log
============================================================
