[2026-02-12 08:58:12] ==========================================
[2026-02-12 08:58:12] CodeIE Server Experiment Runner
[2026-02-12 08:58:12] ==========================================
[2026-02-12 08:58:12] Step 1: Navigating to project directory...
[2026-02-12 08:58:12] Working directory: /home/ann/fiz-ddb/notebook/KDAI-Experiments-CodeIE
[2026-02-12 08:58:12] Step 2: Activating conda environment...
[2026-02-12 08:58:12] ✅ Activated conda env: CodeIE
[2026-02-12 08:58:12]    Python: /home/ann/anaconda3/envs/CodeIE/bin/python
[2026-02-12 08:58:12] Step 2b: Installing Python dependencies (requirements.txt)...
Requirement already satisfied: transformers in /home/ann/anaconda3/envs/CodeIE/lib/python3.12/site-packages (from -r /home/ann/fiz-ddb/notebook/KDAI-Experiments-CodeIE/requirements.txt (line 1)) (5.1.0)
Requirement already satisfied: peft in /home/ann/anaconda3/envs/CodeIE/lib/python3.12/site-packages (from -r /home/ann/fiz-ddb/notebook/KDAI-Experiments-CodeIE/requirements.txt (line 2)) (0.18.1)
Requirement already satisfied: bitsandbytes in /home/ann/anaconda3/envs/CodeIE/lib/python3.12/site-packages (from -r /home/ann/fiz-ddb/notebook/KDAI-Experiments-CodeIE/requirements.txt (line 3)) (0.49.1)
Requirement already satisfied: numpy in /home/ann/anaconda3/envs/CodeIE/lib/python3.12/site-packages (from -r /home/ann/fiz-ddb/notebook/KDAI-Experiments-CodeIE/requirements.txt (line 4)) (2.4.2)
Requirement already satisfied: black in /home/ann/anaconda3/envs/CodeIE/lib/python3.12/site-packages (from -r /home/ann/fiz-ddb/notebook/KDAI-Experiments-CodeIE/requirements.txt (line 5)) (26.1.0)
Requirement already satisfied: Jinja2 in /home/ann/anaconda3/envs/CodeIE/lib/python3.12/site-packages (from -r /home/ann/fiz-ddb/notebook/KDAI-Experiments-CodeIE/requirements.txt (line 6)) (3.1.6)
Requirement already satisfied: tqdm in /home/ann/anaconda3/envs/CodeIE/lib/python3.12/site-packages (from -r /home/ann/fiz-ddb/notebook/KDAI-Experiments-CodeIE/requirements.txt (line 7)) (4.67.3)
Requirement already satisfied: rich in /home/ann/anaconda3/envs/CodeIE/lib/python3.12/site-packages (from -r /home/ann/fiz-ddb/notebook/KDAI-Experiments-CodeIE/requirements.txt (line 8)) (14.3.2)
Requirement already satisfied: psutil in /home/ann/anaconda3/envs/CodeIE/lib/python3.12/site-packages (from -r /home/ann/fiz-ddb/notebook/KDAI-Experiments-CodeIE/requirements.txt (line 9)) (7.2.2)
Requirement already satisfied: datasets in /home/ann/anaconda3/envs/CodeIE/lib/python3.12/site-packages (from -r /home/ann/fiz-ddb/notebook/KDAI-Experiments-CodeIE/requirements.txt (line 10)) (4.5.0)
Requirement already satisfied: ruff in /home/ann/anaconda3/envs/CodeIE/lib/python3.12/site-packages (from -r /home/ann/fiz-ddb/notebook/KDAI-Experiments-CodeIE/requirements.txt (line 11)) (0.15.0)
Requirement already satisfied: wandb in /home/ann/anaconda3/envs/CodeIE/lib/python3.12/site-packages (from -r /home/ann/fiz-ddb/notebook/KDAI-Experiments-CodeIE/requirements.txt (line 12)) (0.24.2)
Requirement already satisfied: fschat in /home/ann/anaconda3/envs/CodeIE/lib/python3.12/site-packages (from -r /home/ann/fiz-ddb/notebook/KDAI-Experiments-CodeIE/requirements.txt (line 13)) (0.2.36)
Requirement already satisfied: langchain-google-genai in /home/ann/anaconda3/envs/CodeIE/lib/python3.12/site-packages (from -r /home/ann/fiz-ddb/notebook/KDAI-Experiments-CodeIE/requirements.txt (line 14)) (4.2.0)
Requirement already satisfied: langchain-ollama in /home/ann/anaconda3/envs/CodeIE/lib/python3.12/site-packages (from -r /home/ann/fiz-ddb/notebook/KDAI-Experiments-CodeIE/requirements.txt (line 15)) (1.0.1)
Requirement already satisfied: langchain-core in /home/ann/anaconda3/envs/CodeIE/lib/python3.12/site-packages (from -r /home/ann/fiz-ddb/notebook/KDAI-Experiments-CodeIE/requirements.txt (line 16)) (1.2.9)
Requirement already satisfied: python-dotenv in /home/ann/anaconda3/envs/CodeIE/lib/python3.12/site-packages (from -r /home/ann/fiz-ddb/notebook/KDAI-Experiments-CodeIE/requirements.txt (line 17)) (1.2.1)
Requirement already satisfied: requests in /home/ann/anaconda3/envs/CodeIE/lib/python3.12/site-packages (from -r /home/ann/fiz-ddb/notebook/KDAI-Experiments-CodeIE/requirements.txt (line 18)) (2.32.5)
Requirement already satisfied: pydantic in /home/ann/anaconda3/envs/CodeIE/lib/python3.12/site-packages (from -r /home/ann/fiz-ddb/notebook/KDAI-Experiments-CodeIE/requirements.txt (line 19)) (2.12.5)
Requirement already satisfied: nervaluate in /home/ann/anaconda3/envs/CodeIE/lib/python3.12/site-packages (from -r /home/ann/fiz-ddb/notebook/KDAI-Experiments-CodeIE/requirements.txt (line 20)) (1.1.0)
Requirement already satisfied: huggingface-hub<2.0,>=1.3.0 in /home/ann/anaconda3/envs/CodeIE/lib/python3.12/site-packages (from transformers->-r /home/ann/fiz-ddb/notebook/KDAI-Experiments-CodeIE/requirements.txt (line 1)) (1.4.1)
Requirement already satisfied: packaging>=20.0 in /home/ann/anaconda3/envs/CodeIE/lib/python3.12/site-packages (from transformers->-r /home/ann/fiz-ddb/notebook/KDAI-Experiments-CodeIE/requirements.txt (line 1)) (25.0)
Requirement already satisfied: pyyaml>=5.1 in /home/ann/anaconda3/envs/CodeIE/lib/python3.12/site-packages (from transformers->-r /home/ann/fiz-ddb/notebook/KDAI-Experiments-CodeIE/requirements.txt (line 1)) (6.0.3)
Requirement already satisfied: regex!=2019.12.17 in /home/ann/anaconda3/envs/CodeIE/lib/python3.12/site-packages (from transformers->-r /home/ann/fiz-ddb/notebook/KDAI-Experiments-CodeIE/requirements.txt (line 1)) (2026.1.15)
Requirement already satisfied: tokenizers<=0.23.0,>=0.22.0 in /home/ann/anaconda3/envs/CodeIE/lib/python3.12/site-packages (from transformers->-r /home/ann/fiz-ddb/notebook/KDAI-Experiments-CodeIE/requirements.txt (line 1)) (0.22.2)
Requirement already satisfied: typer-slim in /home/ann/anaconda3/envs/CodeIE/lib/python3.12/site-packages (from transformers->-r /home/ann/fiz-ddb/notebook/KDAI-Experiments-CodeIE/requirements.txt (line 1)) (0.21.1)
Requirement already satisfied: safetensors>=0.4.3 in /home/ann/anaconda3/envs/CodeIE/lib/python3.12/site-packages (from transformers->-r /home/ann/fiz-ddb/notebook/KDAI-Experiments-CodeIE/requirements.txt (line 1)) (0.7.0)
Requirement already satisfied: filelock in /home/ann/anaconda3/envs/CodeIE/lib/python3.12/site-packages (from huggingface-hub<2.0,>=1.3.0->transformers->-r /home/ann/fiz-ddb/notebook/KDAI-Experiments-CodeIE/requirements.txt (line 1)) (3.20.3)
Requirement already satisfied: fsspec>=2023.5.0 in /home/ann/anaconda3/envs/CodeIE/lib/python3.12/site-packages (from huggingface-hub<2.0,>=1.3.0->transformers->-r /home/ann/fiz-ddb/notebook/KDAI-Experiments-CodeIE/requirements.txt (line 1)) (2025.10.0)
Requirement already satisfied: hf-xet<2.0.0,>=1.2.0 in /home/ann/anaconda3/envs/CodeIE/lib/python3.12/site-packages (from huggingface-hub<2.0,>=1.3.0->transformers->-r /home/ann/fiz-ddb/notebook/KDAI-Experiments-CodeIE/requirements.txt (line 1)) (1.2.0)
Requirement already satisfied: httpx<1,>=0.23.0 in /home/ann/anaconda3/envs/CodeIE/lib/python3.12/site-packages (from huggingface-hub<2.0,>=1.3.0->transformers->-r /home/ann/fiz-ddb/notebook/KDAI-Experiments-CodeIE/requirements.txt (line 1)) (0.28.1)
Requirement already satisfied: shellingham in /home/ann/anaconda3/envs/CodeIE/lib/python3.12/site-packages (from huggingface-hub<2.0,>=1.3.0->transformers->-r /home/ann/fiz-ddb/notebook/KDAI-Experiments-CodeIE/requirements.txt (line 1)) (1.5.4)
Requirement already satisfied: typing-extensions>=4.1.0 in /home/ann/anaconda3/envs/CodeIE/lib/python3.12/site-packages (from huggingface-hub<2.0,>=1.3.0->transformers->-r /home/ann/fiz-ddb/notebook/KDAI-Experiments-CodeIE/requirements.txt (line 1)) (4.15.0)
Requirement already satisfied: anyio in /home/ann/anaconda3/envs/CodeIE/lib/python3.12/site-packages (from httpx<1,>=0.23.0->huggingface-hub<2.0,>=1.3.0->transformers->-r /home/ann/fiz-ddb/notebook/KDAI-Experiments-CodeIE/requirements.txt (line 1)) (4.12.1)
Requirement already satisfied: certifi in /home/ann/anaconda3/envs/CodeIE/lib/python3.12/site-packages (from httpx<1,>=0.23.0->huggingface-hub<2.0,>=1.3.0->transformers->-r /home/ann/fiz-ddb/notebook/KDAI-Experiments-CodeIE/requirements.txt (line 1)) (2026.1.4)
Requirement already satisfied: httpcore==1.* in /home/ann/anaconda3/envs/CodeIE/lib/python3.12/site-packages (from httpx<1,>=0.23.0->huggingface-hub<2.0,>=1.3.0->transformers->-r /home/ann/fiz-ddb/notebook/KDAI-Experiments-CodeIE/requirements.txt (line 1)) (1.0.9)
Requirement already satisfied: idna in /home/ann/anaconda3/envs/CodeIE/lib/python3.12/site-packages (from httpx<1,>=0.23.0->huggingface-hub<2.0,>=1.3.0->transformers->-r /home/ann/fiz-ddb/notebook/KDAI-Experiments-CodeIE/requirements.txt (line 1)) (3.11)
Requirement already satisfied: h11>=0.16 in /home/ann/anaconda3/envs/CodeIE/lib/python3.12/site-packages (from httpcore==1.*->httpx<1,>=0.23.0->huggingface-hub<2.0,>=1.3.0->transformers->-r /home/ann/fiz-ddb/notebook/KDAI-Experiments-CodeIE/requirements.txt (line 1)) (0.16.0)
Requirement already satisfied: torch>=1.13.0 in /home/ann/anaconda3/envs/CodeIE/lib/python3.12/site-packages (from peft->-r /home/ann/fiz-ddb/notebook/KDAI-Experiments-CodeIE/requirements.txt (line 2)) (2.10.0)
Requirement already satisfied: accelerate>=0.21.0 in /home/ann/anaconda3/envs/CodeIE/lib/python3.12/site-packages (from peft->-r /home/ann/fiz-ddb/notebook/KDAI-Experiments-CodeIE/requirements.txt (line 2)) (1.12.0)
Requirement already satisfied: setuptools in /home/ann/anaconda3/envs/CodeIE/lib/python3.12/site-packages (from torch>=1.13.0->peft->-r /home/ann/fiz-ddb/notebook/KDAI-Experiments-CodeIE/requirements.txt (line 2)) (80.10.2)
Requirement already satisfied: sympy>=1.13.3 in /home/ann/anaconda3/envs/CodeIE/lib/python3.12/site-packages (from torch>=1.13.0->peft->-r /home/ann/fiz-ddb/notebook/KDAI-Experiments-CodeIE/requirements.txt (line 2)) (1.14.0)
Requirement already satisfied: networkx>=2.5.1 in /home/ann/anaconda3/envs/CodeIE/lib/python3.12/site-packages (from torch>=1.13.0->peft->-r /home/ann/fiz-ddb/notebook/KDAI-Experiments-CodeIE/requirements.txt (line 2)) (3.6.1)
Requirement already satisfied: cuda-bindings==12.9.4 in /home/ann/anaconda3/envs/CodeIE/lib/python3.12/site-packages (from torch>=1.13.0->peft->-r /home/ann/fiz-ddb/notebook/KDAI-Experiments-CodeIE/requirements.txt (line 2)) (12.9.4)
Requirement already satisfied: nvidia-cuda-nvrtc-cu12==12.8.93 in /home/ann/anaconda3/envs/CodeIE/lib/python3.12/site-packages (from torch>=1.13.0->peft->-r /home/ann/fiz-ddb/notebook/KDAI-Experiments-CodeIE/requirements.txt (line 2)) (12.8.93)
Requirement already satisfied: nvidia-cuda-runtime-cu12==12.8.90 in /home/ann/anaconda3/envs/CodeIE/lib/python3.12/site-packages (from torch>=1.13.0->peft->-r /home/ann/fiz-ddb/notebook/KDAI-Experiments-CodeIE/requirements.txt (line 2)) (12.8.90)
Requirement already satisfied: nvidia-cuda-cupti-cu12==12.8.90 in /home/ann/anaconda3/envs/CodeIE/lib/python3.12/site-packages (from torch>=1.13.0->peft->-r /home/ann/fiz-ddb/notebook/KDAI-Experiments-CodeIE/requirements.txt (line 2)) (12.8.90)
Requirement already satisfied: nvidia-cudnn-cu12==9.10.2.21 in /home/ann/anaconda3/envs/CodeIE/lib/python3.12/site-packages (from torch>=1.13.0->peft->-r /home/ann/fiz-ddb/notebook/KDAI-Experiments-CodeIE/requirements.txt (line 2)) (9.10.2.21)
Requirement already satisfied: nvidia-cublas-cu12==12.8.4.1 in /home/ann/anaconda3/envs/CodeIE/lib/python3.12/site-packages (from torch>=1.13.0->peft->-r /home/ann/fiz-ddb/notebook/KDAI-Experiments-CodeIE/requirements.txt (line 2)) (12.8.4.1)
Requirement already satisfied: nvidia-cufft-cu12==11.3.3.83 in /home/ann/anaconda3/envs/CodeIE/lib/python3.12/site-packages (from torch>=1.13.0->peft->-r /home/ann/fiz-ddb/notebook/KDAI-Experiments-CodeIE/requirements.txt (line 2)) (11.3.3.83)
Requirement already satisfied: nvidia-curand-cu12==10.3.9.90 in /home/ann/anaconda3/envs/CodeIE/lib/python3.12/site-packages (from torch>=1.13.0->peft->-r /home/ann/fiz-ddb/notebook/KDAI-Experiments-CodeIE/requirements.txt (line 2)) (10.3.9.90)
Requirement already satisfied: nvidia-cusolver-cu12==11.7.3.90 in /home/ann/anaconda3/envs/CodeIE/lib/python3.12/site-packages (from torch>=1.13.0->peft->-r /home/ann/fiz-ddb/notebook/KDAI-Experiments-CodeIE/requirements.txt (line 2)) (11.7.3.90)
Requirement already satisfied: nvidia-cusparse-cu12==12.5.8.93 in /home/ann/anaconda3/envs/CodeIE/lib/python3.12/site-packages (from torch>=1.13.0->peft->-r /home/ann/fiz-ddb/notebook/KDAI-Experiments-CodeIE/requirements.txt (line 2)) (12.5.8.93)
Requirement already satisfied: nvidia-cusparselt-cu12==0.7.1 in /home/ann/anaconda3/envs/CodeIE/lib/python3.12/site-packages (from torch>=1.13.0->peft->-r /home/ann/fiz-ddb/notebook/KDAI-Experiments-CodeIE/requirements.txt (line 2)) (0.7.1)
Requirement already satisfied: nvidia-nccl-cu12==2.27.5 in /home/ann/anaconda3/envs/CodeIE/lib/python3.12/site-packages (from torch>=1.13.0->peft->-r /home/ann/fiz-ddb/notebook/KDAI-Experiments-CodeIE/requirements.txt (line 2)) (2.27.5)
Requirement already satisfied: nvidia-nvshmem-cu12==3.4.5 in /home/ann/anaconda3/envs/CodeIE/lib/python3.12/site-packages (from torch>=1.13.0->peft->-r /home/ann/fiz-ddb/notebook/KDAI-Experiments-CodeIE/requirements.txt (line 2)) (3.4.5)
Requirement already satisfied: nvidia-nvtx-cu12==12.8.90 in /home/ann/anaconda3/envs/CodeIE/lib/python3.12/site-packages (from torch>=1.13.0->peft->-r /home/ann/fiz-ddb/notebook/KDAI-Experiments-CodeIE/requirements.txt (line 2)) (12.8.90)
Requirement already satisfied: nvidia-nvjitlink-cu12==12.8.93 in /home/ann/anaconda3/envs/CodeIE/lib/python3.12/site-packages (from torch>=1.13.0->peft->-r /home/ann/fiz-ddb/notebook/KDAI-Experiments-CodeIE/requirements.txt (line 2)) (12.8.93)
Requirement already satisfied: nvidia-cufile-cu12==1.13.1.3 in /home/ann/anaconda3/envs/CodeIE/lib/python3.12/site-packages (from torch>=1.13.0->peft->-r /home/ann/fiz-ddb/notebook/KDAI-Experiments-CodeIE/requirements.txt (line 2)) (1.13.1.3)
Requirement already satisfied: triton==3.6.0 in /home/ann/anaconda3/envs/CodeIE/lib/python3.12/site-packages (from torch>=1.13.0->peft->-r /home/ann/fiz-ddb/notebook/KDAI-Experiments-CodeIE/requirements.txt (line 2)) (3.6.0)
Requirement already satisfied: cuda-pathfinder~=1.1 in /home/ann/anaconda3/envs/CodeIE/lib/python3.12/site-packages (from cuda-bindings==12.9.4->torch>=1.13.0->peft->-r /home/ann/fiz-ddb/notebook/KDAI-Experiments-CodeIE/requirements.txt (line 2)) (1.3.3)
Requirement already satisfied: click>=8.0.0 in /home/ann/anaconda3/envs/CodeIE/lib/python3.12/site-packages (from black->-r /home/ann/fiz-ddb/notebook/KDAI-Experiments-CodeIE/requirements.txt (line 5)) (8.3.1)
Requirement already satisfied: mypy-extensions>=0.4.3 in /home/ann/anaconda3/envs/CodeIE/lib/python3.12/site-packages (from black->-r /home/ann/fiz-ddb/notebook/KDAI-Experiments-CodeIE/requirements.txt (line 5)) (1.1.0)
Requirement already satisfied: pathspec>=1.0.0 in /home/ann/anaconda3/envs/CodeIE/lib/python3.12/site-packages (from black->-r /home/ann/fiz-ddb/notebook/KDAI-Experiments-CodeIE/requirements.txt (line 5)) (1.0.4)
Requirement already satisfied: platformdirs>=2 in /home/ann/anaconda3/envs/CodeIE/lib/python3.12/site-packages (from black->-r /home/ann/fiz-ddb/notebook/KDAI-Experiments-CodeIE/requirements.txt (line 5)) (4.5.1)
Requirement already satisfied: pytokens>=0.3.0 in /home/ann/anaconda3/envs/CodeIE/lib/python3.12/site-packages (from black->-r /home/ann/fiz-ddb/notebook/KDAI-Experiments-CodeIE/requirements.txt (line 5)) (0.4.1)
Requirement already satisfied: MarkupSafe>=2.0 in /home/ann/anaconda3/envs/CodeIE/lib/python3.12/site-packages (from Jinja2->-r /home/ann/fiz-ddb/notebook/KDAI-Experiments-CodeIE/requirements.txt (line 6)) (3.0.3)
Requirement already satisfied: markdown-it-py>=2.2.0 in /home/ann/anaconda3/envs/CodeIE/lib/python3.12/site-packages (from rich->-r /home/ann/fiz-ddb/notebook/KDAI-Experiments-CodeIE/requirements.txt (line 8)) (4.0.0)
Requirement already satisfied: pygments<3.0.0,>=2.13.0 in /home/ann/anaconda3/envs/CodeIE/lib/python3.12/site-packages (from rich->-r /home/ann/fiz-ddb/notebook/KDAI-Experiments-CodeIE/requirements.txt (line 8)) (2.19.2)
Requirement already satisfied: pyarrow>=21.0.0 in /home/ann/anaconda3/envs/CodeIE/lib/python3.12/site-packages (from datasets->-r /home/ann/fiz-ddb/notebook/KDAI-Experiments-CodeIE/requirements.txt (line 10)) (23.0.0)
Requirement already satisfied: dill<0.4.1,>=0.3.0 in /home/ann/anaconda3/envs/CodeIE/lib/python3.12/site-packages (from datasets->-r /home/ann/fiz-ddb/notebook/KDAI-Experiments-CodeIE/requirements.txt (line 10)) (0.4.0)
Requirement already satisfied: pandas in /home/ann/anaconda3/envs/CodeIE/lib/python3.12/site-packages (from datasets->-r /home/ann/fiz-ddb/notebook/KDAI-Experiments-CodeIE/requirements.txt (line 10)) (3.0.0)
Requirement already satisfied: xxhash in /home/ann/anaconda3/envs/CodeIE/lib/python3.12/site-packages (from datasets->-r /home/ann/fiz-ddb/notebook/KDAI-Experiments-CodeIE/requirements.txt (line 10)) (3.6.0)
Requirement already satisfied: multiprocess<0.70.19 in /home/ann/anaconda3/envs/CodeIE/lib/python3.12/site-packages (from datasets->-r /home/ann/fiz-ddb/notebook/KDAI-Experiments-CodeIE/requirements.txt (line 10)) (0.70.18)
Requirement already satisfied: aiohttp!=4.0.0a0,!=4.0.0a1 in /home/ann/anaconda3/envs/CodeIE/lib/python3.12/site-packages (from fsspec[http]<=2025.10.0,>=2023.1.0->datasets->-r /home/ann/fiz-ddb/notebook/KDAI-Experiments-CodeIE/requirements.txt (line 10)) (3.13.3)
Requirement already satisfied: gitpython!=3.1.29,>=1.0.0 in /home/ann/anaconda3/envs/CodeIE/lib/python3.12/site-packages (from wandb->-r /home/ann/fiz-ddb/notebook/KDAI-Experiments-CodeIE/requirements.txt (line 12)) (3.1.46)
Requirement already satisfied: protobuf!=4.21.0,!=5.28.0,<7,>=3.19.0 in /home/ann/anaconda3/envs/CodeIE/lib/python3.12/site-packages (from wandb->-r /home/ann/fiz-ddb/notebook/KDAI-Experiments-CodeIE/requirements.txt (line 12)) (6.33.5)
Requirement already satisfied: sentry-sdk>=2.0.0 in /home/ann/anaconda3/envs/CodeIE/lib/python3.12/site-packages (from wandb->-r /home/ann/fiz-ddb/notebook/KDAI-Experiments-CodeIE/requirements.txt (line 12)) (2.52.0)
Requirement already satisfied: charset_normalizer<4,>=2 in /home/ann/anaconda3/envs/CodeIE/lib/python3.12/site-packages (from requests->-r /home/ann/fiz-ddb/notebook/KDAI-Experiments-CodeIE/requirements.txt (line 18)) (3.4.4)
Requirement already satisfied: urllib3<3,>=1.21.1 in /home/ann/anaconda3/envs/CodeIE/lib/python3.12/site-packages (from requests->-r /home/ann/fiz-ddb/notebook/KDAI-Experiments-CodeIE/requirements.txt (line 18)) (2.6.3)
Requirement already satisfied: annotated-types>=0.6.0 in /home/ann/anaconda3/envs/CodeIE/lib/python3.12/site-packages (from pydantic->-r /home/ann/fiz-ddb/notebook/KDAI-Experiments-CodeIE/requirements.txt (line 19)) (0.7.0)
Requirement already satisfied: pydantic-core==2.41.5 in /home/ann/anaconda3/envs/CodeIE/lib/python3.12/site-packages (from pydantic->-r /home/ann/fiz-ddb/notebook/KDAI-Experiments-CodeIE/requirements.txt (line 19)) (2.41.5)
Requirement already satisfied: typing-inspection>=0.4.2 in /home/ann/anaconda3/envs/CodeIE/lib/python3.12/site-packages (from pydantic->-r /home/ann/fiz-ddb/notebook/KDAI-Experiments-CodeIE/requirements.txt (line 19)) (0.4.2)
Requirement already satisfied: fastapi in /home/ann/anaconda3/envs/CodeIE/lib/python3.12/site-packages (from fschat->-r /home/ann/fiz-ddb/notebook/KDAI-Experiments-CodeIE/requirements.txt (line 13)) (0.128.4)
Requirement already satisfied: markdown2[all] in /home/ann/anaconda3/envs/CodeIE/lib/python3.12/site-packages (from fschat->-r /home/ann/fiz-ddb/notebook/KDAI-Experiments-CodeIE/requirements.txt (line 13)) (2.5.4)
Requirement already satisfied: nh3 in /home/ann/anaconda3/envs/CodeIE/lib/python3.12/site-packages (from fschat->-r /home/ann/fiz-ddb/notebook/KDAI-Experiments-CodeIE/requirements.txt (line 13)) (0.3.2)
Requirement already satisfied: prompt-toolkit>=3.0.0 in /home/ann/anaconda3/envs/CodeIE/lib/python3.12/site-packages (from fschat->-r /home/ann/fiz-ddb/notebook/KDAI-Experiments-CodeIE/requirements.txt (line 13)) (3.0.52)
Requirement already satisfied: shortuuid in /home/ann/anaconda3/envs/CodeIE/lib/python3.12/site-packages (from fschat->-r /home/ann/fiz-ddb/notebook/KDAI-Experiments-CodeIE/requirements.txt (line 13)) (1.0.13)
Requirement already satisfied: tiktoken in /home/ann/anaconda3/envs/CodeIE/lib/python3.12/site-packages (from fschat->-r /home/ann/fiz-ddb/notebook/KDAI-Experiments-CodeIE/requirements.txt (line 13)) (0.12.0)
Requirement already satisfied: uvicorn in /home/ann/anaconda3/envs/CodeIE/lib/python3.12/site-packages (from fschat->-r /home/ann/fiz-ddb/notebook/KDAI-Experiments-CodeIE/requirements.txt (line 13)) (0.40.0)
Requirement already satisfied: filetype<2.0.0,>=1.2.0 in /home/ann/anaconda3/envs/CodeIE/lib/python3.12/site-packages (from langchain-google-genai->-r /home/ann/fiz-ddb/notebook/KDAI-Experiments-CodeIE/requirements.txt (line 14)) (1.2.0)
Requirement already satisfied: google-genai<2.0.0,>=1.56.0 in /home/ann/anaconda3/envs/CodeIE/lib/python3.12/site-packages (from langchain-google-genai->-r /home/ann/fiz-ddb/notebook/KDAI-Experiments-CodeIE/requirements.txt (line 14)) (1.62.0)
Requirement already satisfied: jsonpatch<2.0.0,>=1.33.0 in /home/ann/anaconda3/envs/CodeIE/lib/python3.12/site-packages (from langchain-core->-r /home/ann/fiz-ddb/notebook/KDAI-Experiments-CodeIE/requirements.txt (line 16)) (1.33)
Requirement already satisfied: langsmith<1.0.0,>=0.3.45 in /home/ann/anaconda3/envs/CodeIE/lib/python3.12/site-packages (from langchain-core->-r /home/ann/fiz-ddb/notebook/KDAI-Experiments-CodeIE/requirements.txt (line 16)) (0.6.9)
Requirement already satisfied: tenacity!=8.4.0,<10.0.0,>=8.1.0 in /home/ann/anaconda3/envs/CodeIE/lib/python3.12/site-packages (from langchain-core->-r /home/ann/fiz-ddb/notebook/KDAI-Experiments-CodeIE/requirements.txt (line 16)) (9.1.4)
Requirement already satisfied: uuid-utils<1.0,>=0.12.0 in /home/ann/anaconda3/envs/CodeIE/lib/python3.12/site-packages (from langchain-core->-r /home/ann/fiz-ddb/notebook/KDAI-Experiments-CodeIE/requirements.txt (line 16)) (0.14.0)
Requirement already satisfied: google-auth<3.0.0,>=2.47.0 in /home/ann/anaconda3/envs/CodeIE/lib/python3.12/site-packages (from google-auth[requests]<3.0.0,>=2.47.0->google-genai<2.0.0,>=1.56.0->langchain-google-genai->-r /home/ann/fiz-ddb/notebook/KDAI-Experiments-CodeIE/requirements.txt (line 14)) (2.48.0)
Requirement already satisfied: websockets<15.1.0,>=13.0.0 in /home/ann/anaconda3/envs/CodeIE/lib/python3.12/site-packages (from google-genai<2.0.0,>=1.56.0->langchain-google-genai->-r /home/ann/fiz-ddb/notebook/KDAI-Experiments-CodeIE/requirements.txt (line 14)) (15.0.1)
Requirement already satisfied: distro<2,>=1.7.0 in /home/ann/anaconda3/envs/CodeIE/lib/python3.12/site-packages (from google-genai<2.0.0,>=1.56.0->langchain-google-genai->-r /home/ann/fiz-ddb/notebook/KDAI-Experiments-CodeIE/requirements.txt (line 14)) (1.9.0)
Requirement already satisfied: sniffio in /home/ann/anaconda3/envs/CodeIE/lib/python3.12/site-packages (from google-genai<2.0.0,>=1.56.0->langchain-google-genai->-r /home/ann/fiz-ddb/notebook/KDAI-Experiments-CodeIE/requirements.txt (line 14)) (1.3.1)
Requirement already satisfied: pyasn1-modules>=0.2.1 in /home/ann/anaconda3/envs/CodeIE/lib/python3.12/site-packages (from google-auth<3.0.0,>=2.47.0->google-auth[requests]<3.0.0,>=2.47.0->google-genai<2.0.0,>=1.56.0->langchain-google-genai->-r /home/ann/fiz-ddb/notebook/KDAI-Experiments-CodeIE/requirements.txt (line 14)) (0.4.2)
Requirement already satisfied: cryptography>=38.0.3 in /home/ann/anaconda3/envs/CodeIE/lib/python3.12/site-packages (from google-auth<3.0.0,>=2.47.0->google-auth[requests]<3.0.0,>=2.47.0->google-genai<2.0.0,>=1.56.0->langchain-google-genai->-r /home/ann/fiz-ddb/notebook/KDAI-Experiments-CodeIE/requirements.txt (line 14)) (46.0.4)
Requirement already satisfied: rsa<5,>=3.1.4 in /home/ann/anaconda3/envs/CodeIE/lib/python3.12/site-packages (from google-auth<3.0.0,>=2.47.0->google-auth[requests]<3.0.0,>=2.47.0->google-genai<2.0.0,>=1.56.0->langchain-google-genai->-r /home/ann/fiz-ddb/notebook/KDAI-Experiments-CodeIE/requirements.txt (line 14)) (4.9.1)
Requirement already satisfied: jsonpointer>=1.9 in /home/ann/anaconda3/envs/CodeIE/lib/python3.12/site-packages (from jsonpatch<2.0.0,>=1.33.0->langchain-core->-r /home/ann/fiz-ddb/notebook/KDAI-Experiments-CodeIE/requirements.txt (line 16)) (3.0.0)
Requirement already satisfied: orjson>=3.9.14 in /home/ann/anaconda3/envs/CodeIE/lib/python3.12/site-packages (from langsmith<1.0.0,>=0.3.45->langchain-core->-r /home/ann/fiz-ddb/notebook/KDAI-Experiments-CodeIE/requirements.txt (line 16)) (3.11.7)
Requirement already satisfied: requests-toolbelt>=1.0.0 in /home/ann/anaconda3/envs/CodeIE/lib/python3.12/site-packages (from langsmith<1.0.0,>=0.3.45->langchain-core->-r /home/ann/fiz-ddb/notebook/KDAI-Experiments-CodeIE/requirements.txt (line 16)) (1.0.0)
Requirement already satisfied: zstandard>=0.23.0 in /home/ann/anaconda3/envs/CodeIE/lib/python3.12/site-packages (from langsmith<1.0.0,>=0.3.45->langchain-core->-r /home/ann/fiz-ddb/notebook/KDAI-Experiments-CodeIE/requirements.txt (line 16)) (0.25.0)
Requirement already satisfied: pyasn1>=0.1.3 in /home/ann/anaconda3/envs/CodeIE/lib/python3.12/site-packages (from rsa<5,>=3.1.4->google-auth<3.0.0,>=2.47.0->google-auth[requests]<3.0.0,>=2.47.0->google-genai<2.0.0,>=1.56.0->langchain-google-genai->-r /home/ann/fiz-ddb/notebook/KDAI-Experiments-CodeIE/requirements.txt (line 14)) (0.6.2)
Requirement already satisfied: ollama<1.0.0,>=0.6.0 in /home/ann/anaconda3/envs/CodeIE/lib/python3.12/site-packages (from langchain-ollama->-r /home/ann/fiz-ddb/notebook/KDAI-Experiments-CodeIE/requirements.txt (line 15)) (0.6.1)
Requirement already satisfied: aiohappyeyeballs>=2.5.0 in /home/ann/anaconda3/envs/CodeIE/lib/python3.12/site-packages (from aiohttp!=4.0.0a0,!=4.0.0a1->fsspec[http]<=2025.10.0,>=2023.1.0->datasets->-r /home/ann/fiz-ddb/notebook/KDAI-Experiments-CodeIE/requirements.txt (line 10)) (2.6.1)
Requirement already satisfied: aiosignal>=1.4.0 in /home/ann/anaconda3/envs/CodeIE/lib/python3.12/site-packages (from aiohttp!=4.0.0a0,!=4.0.0a1->fsspec[http]<=2025.10.0,>=2023.1.0->datasets->-r /home/ann/fiz-ddb/notebook/KDAI-Experiments-CodeIE/requirements.txt (line 10)) (1.4.0)
Requirement already satisfied: attrs>=17.3.0 in /home/ann/anaconda3/envs/CodeIE/lib/python3.12/site-packages (from aiohttp!=4.0.0a0,!=4.0.0a1->fsspec[http]<=2025.10.0,>=2023.1.0->datasets->-r /home/ann/fiz-ddb/notebook/KDAI-Experiments-CodeIE/requirements.txt (line 10)) (25.4.0)
Requirement already satisfied: frozenlist>=1.1.1 in /home/ann/anaconda3/envs/CodeIE/lib/python3.12/site-packages (from aiohttp!=4.0.0a0,!=4.0.0a1->fsspec[http]<=2025.10.0,>=2023.1.0->datasets->-r /home/ann/fiz-ddb/notebook/KDAI-Experiments-CodeIE/requirements.txt (line 10)) (1.8.0)
Requirement already satisfied: multidict<7.0,>=4.5 in /home/ann/anaconda3/envs/CodeIE/lib/python3.12/site-packages (from aiohttp!=4.0.0a0,!=4.0.0a1->fsspec[http]<=2025.10.0,>=2023.1.0->datasets->-r /home/ann/fiz-ddb/notebook/KDAI-Experiments-CodeIE/requirements.txt (line 10)) (6.7.1)
Requirement already satisfied: propcache>=0.2.0 in /home/ann/anaconda3/envs/CodeIE/lib/python3.12/site-packages (from aiohttp!=4.0.0a0,!=4.0.0a1->fsspec[http]<=2025.10.0,>=2023.1.0->datasets->-r /home/ann/fiz-ddb/notebook/KDAI-Experiments-CodeIE/requirements.txt (line 10)) (0.4.1)
Requirement already satisfied: yarl<2.0,>=1.17.0 in /home/ann/anaconda3/envs/CodeIE/lib/python3.12/site-packages (from aiohttp!=4.0.0a0,!=4.0.0a1->fsspec[http]<=2025.10.0,>=2023.1.0->datasets->-r /home/ann/fiz-ddb/notebook/KDAI-Experiments-CodeIE/requirements.txt (line 10)) (1.22.0)
Requirement already satisfied: cffi>=2.0.0 in /home/ann/anaconda3/envs/CodeIE/lib/python3.12/site-packages (from cryptography>=38.0.3->google-auth<3.0.0,>=2.47.0->google-auth[requests]<3.0.0,>=2.47.0->google-genai<2.0.0,>=1.56.0->langchain-google-genai->-r /home/ann/fiz-ddb/notebook/KDAI-Experiments-CodeIE/requirements.txt (line 14)) (2.0.0)
Requirement already satisfied: pycparser in /home/ann/anaconda3/envs/CodeIE/lib/python3.12/site-packages (from cffi>=2.0.0->cryptography>=38.0.3->google-auth<3.0.0,>=2.47.0->google-auth[requests]<3.0.0,>=2.47.0->google-genai<2.0.0,>=1.56.0->langchain-google-genai->-r /home/ann/fiz-ddb/notebook/KDAI-Experiments-CodeIE/requirements.txt (line 14)) (3.0)
Requirement already satisfied: gitdb<5,>=4.0.1 in /home/ann/anaconda3/envs/CodeIE/lib/python3.12/site-packages (from gitpython!=3.1.29,>=1.0.0->wandb->-r /home/ann/fiz-ddb/notebook/KDAI-Experiments-CodeIE/requirements.txt (line 12)) (4.0.12)
Requirement already satisfied: smmap<6,>=3.0.1 in /home/ann/anaconda3/envs/CodeIE/lib/python3.12/site-packages (from gitdb<5,>=4.0.1->gitpython!=3.1.29,>=1.0.0->wandb->-r /home/ann/fiz-ddb/notebook/KDAI-Experiments-CodeIE/requirements.txt (line 12)) (5.0.2)
Requirement already satisfied: mdurl~=0.1 in /home/ann/anaconda3/envs/CodeIE/lib/python3.12/site-packages (from markdown-it-py>=2.2.0->rich->-r /home/ann/fiz-ddb/notebook/KDAI-Experiments-CodeIE/requirements.txt (line 8)) (0.1.2)
Requirement already satisfied: wcwidth in /home/ann/anaconda3/envs/CodeIE/lib/python3.12/site-packages (from prompt-toolkit>=3.0.0->fschat->-r /home/ann/fiz-ddb/notebook/KDAI-Experiments-CodeIE/requirements.txt (line 13)) (0.6.0)
Requirement already satisfied: mpmath<1.4,>=1.1.0 in /home/ann/anaconda3/envs/CodeIE/lib/python3.12/site-packages (from sympy>=1.13.3->torch>=1.13.0->peft->-r /home/ann/fiz-ddb/notebook/KDAI-Experiments-CodeIE/requirements.txt (line 2)) (1.3.0)
Requirement already satisfied: starlette<1.0.0,>=0.40.0 in /home/ann/anaconda3/envs/CodeIE/lib/python3.12/site-packages (from fastapi->fschat->-r /home/ann/fiz-ddb/notebook/KDAI-Experiments-CodeIE/requirements.txt (line 13)) (0.52.1)
Requirement already satisfied: annotated-doc>=0.0.2 in /home/ann/anaconda3/envs/CodeIE/lib/python3.12/site-packages (from fastapi->fschat->-r /home/ann/fiz-ddb/notebook/KDAI-Experiments-CodeIE/requirements.txt (line 13)) (0.0.4)
Requirement already satisfied: wavedrom in /home/ann/anaconda3/envs/CodeIE/lib/python3.12/site-packages (from markdown2[all]->fschat->-r /home/ann/fiz-ddb/notebook/KDAI-Experiments-CodeIE/requirements.txt (line 13)) (2.0.3.post3)
Requirement already satisfied: latex2mathml in /home/ann/anaconda3/envs/CodeIE/lib/python3.12/site-packages (from markdown2[all]->fschat->-r /home/ann/fiz-ddb/notebook/KDAI-Experiments-CodeIE/requirements.txt (line 13)) (3.78.1)
Requirement already satisfied: python-dateutil>=2.8.2 in /home/ann/anaconda3/envs/CodeIE/lib/python3.12/site-packages (from pandas->datasets->-r /home/ann/fiz-ddb/notebook/KDAI-Experiments-CodeIE/requirements.txt (line 10)) (2.9.0.post0)
Requirement already satisfied: six>=1.5 in /home/ann/anaconda3/envs/CodeIE/lib/python3.12/site-packages (from python-dateutil>=2.8.2->pandas->datasets->-r /home/ann/fiz-ddb/notebook/KDAI-Experiments-CodeIE/requirements.txt (line 10)) (1.17.0)
Requirement already satisfied: svgwrite in /home/ann/anaconda3/envs/CodeIE/lib/python3.12/site-packages (from wavedrom->markdown2[all]->fschat->-r /home/ann/fiz-ddb/notebook/KDAI-Experiments-CodeIE/requirements.txt (line 13)) (1.4.3)
[2026-02-12 08:58:13] Step 3: Checking git branch...
[2026-02-12 08:58:13] Current branch: feature/codeie-integration
[2026-02-12 08:58:13] ✅ On correct branch: feature/codeie-integration
[2026-02-12 08:58:13] Step 4: Pulling latest changes...
From https://github.com/Marc8350/KDAI-Experiments
 * branch            feature/codeie-integration -> FETCH_HEAD
Already up to date.
[2026-02-12 08:58:14] ✅ Repository updated
[2026-02-12 08:58:14] Step 5: Cleaning results directory...
[2026-02-12 08:58:14] Backing up existing results to: /home/ann/fiz-ddb/notebook/KDAI-Experiments-CodeIE/CodeIE/CODEIE-results.backup_20260212_085814
[2026-02-12 08:58:14] ✅ Clean results directory created: /home/ann/fiz-ddb/notebook/KDAI-Experiments-CodeIE/CodeIE/CODEIE-results
[2026-02-12 08:58:14] Step 6: Checking Ollama server...
[2026-02-12 08:58:14] Checking Ollama server at http://localhost:11434...
[2026-02-12 08:58:14] ✅ Ollama server is running
[2026-02-12 08:58:14] Step 7: Running experiments...
[2026-02-12 08:58:14]    GPU Count: 2
[2026-02-12 08:58:14]    Expected runs: 28
[2026-02-12 08:58:14]    Expected samples per run: 3765
[2026-02-12 08:58:14] 
[2026-02-12 08:58:14] ==========================================
[2026-02-12 08:58:14] Experiment Attempt 1 / 3
[2026-02-12 08:58:14] ==========================================
2026-02-12 08:58:18,420 - INFO - Orchestrator initialized with config: /home/ann/fiz-ddb/notebook/KDAI-Experiments-CodeIE/CodeIE/config/experiment_config.yaml
2026-02-12 08:58:18,420 - INFO - GPU count: 2
2026-02-12 08:58:18,420 - INFO - Auto-calculated max_workers=6 based on model sizes: ['qwen2.5:7b', 'qwen2.5-coder:7b']
2026-02-12 08:58:18,420 - INFO - 
############################################################
2026-02-12 08:58:18,420 - INFO - # CodeIE Experiment Orchestrator
2026-02-12 08:58:18,420 - INFO - # One-Stop Shop Pipeline (Parallel Execution)
2026-02-12 08:58:18,420 - INFO - # GPU Count: 2 | Max Workers: 6
2026-02-12 08:58:18,420 - INFO - ############################################################
2026-02-12 08:58:18,420 - INFO - 
[Step 1/3] Skipping variation check
2026-02-12 08:58:18,420 - INFO - 
[Step 2/3] Generating experiment matrix...
2026-02-12 08:58:18,421 - INFO - Generated 56 experiment runs
2026-02-12 08:58:18,421 - INFO -   Total experiments: 56
2026-02-12 08:58:18,421 - INFO - 
[OLLAMA SETUP] Initializing Ollama with auto-recovery...
2026-02-12 08:58:18,427 - INFO - Pre-loading model: qwen2.5-coder:7b
2026-02-12 08:58:18,717 - INFO - Model qwen2.5-coder:7b pre-loaded successfully
2026-02-12 08:58:18,717 - INFO - Pre-loading model: qwen2.5:7b
2026-02-12 08:58:19,047 - INFO - Model qwen2.5:7b pre-loaded successfully
2026-02-12 08:58:19,048 - INFO -   Ollama ready with models: ['qwen2.5-coder:7b', 'qwen2.5:7b']
2026-02-12 08:58:19,048 - INFO -   Auto-calculated workers: 6 (based on model size)
2026-02-12 08:58:19,048 - WARNING - Dataset path not found: /home/ann/fiz-ddb/notebook/KDAI-Experiments-CodeIE/few-nerd_test
2026-02-12 08:58:19,048 - INFO -   Estimated samples per run: 3765 (max_samples=3765)
2026-02-12 08:58:19,048 - INFO -   Estimated total samples: 210840
2026-02-12 08:58:19,048 - INFO - 
[Step 3/3] Running experiments (Parallel workers: 6)...
2026-02-12 08:58:19,079 - WARNING - Dataset path not found: /home/ann/fiz-ddb/notebook/KDAI-Experiments-CodeIE/few-nerd_test
Total Progress (Samples):   0%|          | 0/210840 [00:00<?, ?sample/s]2026-02-12 08:58:19,141 - INFO - ============================================================
2026-02-12 08:58:19,141 - INFO - CodeIE NER Experiment (Enhanced with Entity Schema)
2026-02-12 08:58:19,141 - INFO - ============================================================
2026-02-12 08:58:19,141 - INFO - Granularity: coarse
2026-02-12 08:58:19,141 - INFO - Style: pl
2026-02-12 08:58:19,141 - INFO - Variation: v0_original
2026-02-12 08:58:19,141 - INFO - Model: qwen2.5:7b
2026-02-12 08:58:19,141 - INFO - ============================================================
2026-02-12 08:58:19,141 - INFO - Using ChatOllama (Chat API) for qwen2.5:7b with timeout=180s
2026-02-12 08:58:19,141 - INFO - ============================================================
2026-02-12 08:58:19,141 - INFO - CodeIE NER Experiment (Enhanced with Entity Schema)
2026-02-12 08:58:19,141 - INFO - ============================================================
2026-02-12 08:58:19,141 - INFO - Granularity: coarse
2026-02-12 08:58:19,141 - INFO - Style: pl
2026-02-12 08:58:19,141 - INFO - Variation: v0_original
2026-02-12 08:58:19,141 - INFO - Model: qwen2.5-coder:7b
2026-02-12 08:58:19,142 - INFO - ============================================================
2026-02-12 08:58:19,142 - INFO - Using ChatOllama (Chat API) for qwen2.5-coder:7b with timeout=180s
2026-02-12 08:58:19,142 - INFO - ============================================================
2026-02-12 08:58:19,142 - INFO - CodeIE NER Experiment (Enhanced with Entity Schema)
2026-02-12 08:58:19,142 - INFO - ============================================================
2026-02-12 08:58:19,142 - INFO - Granularity: coarse
2026-02-12 08:58:19,142 - INFO - Style: pl
2026-02-12 08:58:19,142 - INFO - Variation: reodering
2026-02-12 08:58:19,142 - INFO - Model: qwen2.5:7b
2026-02-12 08:58:19,142 - INFO - ============================================================
2026-02-12 08:58:19,142 - INFO - ============================================================
2026-02-12 08:58:19,142 - INFO - ============================================================
2026-02-12 08:58:19,142 - INFO - CodeIE NER Experiment (Enhanced with Entity Schema)
2026-02-12 08:58:19,142 - INFO - CodeIE NER Experiment (Enhanced with Entity Schema)
2026-02-12 08:58:19,142 - INFO - Using ChatOllama (Chat API) for qwen2.5:7b with timeout=180s
2026-02-12 08:58:19,142 - INFO - ============================================================
2026-02-12 08:58:19,142 - INFO - ============================================================
2026-02-12 08:58:19,143 - INFO - Granularity: coarse
2026-02-12 08:58:19,143 - INFO - Granularity: coarse
2026-02-12 08:58:19,143 - INFO - Style: pl
2026-02-12 08:58:19,143 - INFO - Style: pl
2026-02-12 08:58:19,143 - INFO - Variation: reodering
2026-02-12 08:58:19,143 - INFO - Variation: lexical_substitution
2026-02-12 08:58:19,143 - INFO - Model: qwen2.5-coder:7b
2026-02-12 08:58:19,143 - INFO - Model: qwen2.5:7b
2026-02-12 08:58:19,143 - INFO - ============================================================
2026-02-12 08:58:19,143 - INFO - ============================================================
2026-02-12 08:58:19,143 - INFO - Using ChatOllama (Chat API) for qwen2.5:7b with timeout=180s
2026-02-12 08:58:19,143 - INFO - Using ChatOllama (Chat API) for qwen2.5-coder:7b with timeout=180s
2026-02-12 08:58:19,143 - INFO - ============================================================
2026-02-12 08:58:19,143 - INFO - CodeIE NER Experiment (Enhanced with Entity Schema)
2026-02-12 08:58:19,143 - INFO - ============================================================
2026-02-12 08:58:19,143 - INFO - Granularity: coarse
2026-02-12 08:58:19,143 - INFO - Style: pl
2026-02-12 08:58:19,143 - INFO - Variation: lexical_substitution
2026-02-12 08:58:19,143 - INFO - Model: qwen2.5-coder:7b
2026-02-12 08:58:19,143 - INFO - ============================================================
2026-02-12 08:58:19,143 - INFO - Using ChatOllama (Chat API) for qwen2.5-coder:7b with timeout=180s
2026-02-12 08:58:19,195 - INFO - Discovered variations: ['default', 'sentence_reordering', 'backtrans_tu', 'backtrans_ch', 'reodering', 'lexical_substitution', 'backtrans_sp']
2026-02-12 08:58:19,195 - INFO - Entity types (8): ['art', 'building', 'event', 'location', 'organization', 'other', 'person', 'product']
2026-02-12 08:58:19,195 - INFO - Loading test data from: /home/ann/fiz-ddb/notebook/KDAI-Experiments-CodeIE/few-nerd_test
2026-02-12 08:58:19,196 - INFO - Discovered variations: ['default', 'sentence_reordering', 'backtrans_tu', 'backtrans_ch', 'reodering', 'lexical_substitution', 'backtrans_sp']
2026-02-12 08:58:19,196 - INFO - Discovered variations: ['default', 'sentence_reordering', 'backtrans_tu', 'backtrans_ch', 'reodering', 'lexical_substitution', 'backtrans_sp']
2026-02-12 08:58:19,196 - INFO - Discovered variations: ['default', 'sentence_reordering', 'backtrans_tu', 'backtrans_ch', 'reodering', 'lexical_substitution', 'backtrans_sp']
2026-02-12 08:58:19,196 - INFO - Entity types (8): ['art', 'building', 'event', 'location', 'organization', 'other', 'person', 'product']
2026-02-12 08:58:19,196 - INFO - Entity types (8): ['art', 'building', 'event', 'location', 'organization', 'other', 'person', 'product']
2026-02-12 08:58:19,196 - INFO - Entity types (8): ['art', 'building', 'event', 'location', 'organization', 'other', 'person', 'product']
2026-02-12 08:58:19,196 - INFO - Loading test data from: /home/ann/fiz-ddb/notebook/KDAI-Experiments-CodeIE/few-nerd_test
2026-02-12 08:58:19,196 - INFO - Loading test data from: /home/ann/fiz-ddb/notebook/KDAI-Experiments-CodeIE/few-nerd_test
2026-02-12 08:58:19,196 - INFO - Loading test data from: /home/ann/fiz-ddb/notebook/KDAI-Experiments-CodeIE/few-nerd_test
2026-02-12 08:58:19,198 - INFO - Discovered variations: ['default', 'sentence_reordering', 'backtrans_tu', 'backtrans_ch', 'reodering', 'lexical_substitution', 'backtrans_sp']
2026-02-12 08:58:19,198 - INFO - Entity types (8): ['art', 'building', 'event', 'location', 'organization', 'other', 'person', 'product']
2026-02-12 08:58:19,198 - INFO - Loading test data from: /home/ann/fiz-ddb/notebook/KDAI-Experiments-CodeIE/few-nerd_test
Traceback (most recent call last):
  File "/home/ann/fiz-ddb/notebook/KDAI-Experiments-CodeIE/CodeIE/orchestrator.py", line 303, in run_experiment_task
    metrics = run_experiment(
              ^^^^^^^^^^^^^^^
  File "/home/ann/fiz-ddb/notebook/KDAI-Experiments-CodeIE/CodeIE/run_codeie_experiments.py", line 834, in run_experiment
    ds_test = load_from_disk(test_path)
              ^^^^^^^^^^^^^^^^^^^^^^^^^
  File "/home/ann/anaconda3/envs/CodeIE/lib/python3.12/site-packages/datasets/load.py", line 1562, in load_from_disk
    raise FileNotFoundError(f"Directory {dataset_path} not found")
FileNotFoundError: Directory /home/ann/fiz-ddb/notebook/KDAI-Experiments-CodeIE/few-nerd_test not found
2026-02-12 08:58:19,202 - INFO - Discovered variations: ['default', 'sentence_reordering', 'backtrans_tu', 'backtrans_ch', 'reodering', 'lexical_substitution', 'backtrans_sp']
2026-02-12 08:58:19,203 - INFO - Entity types (8): ['art', 'building', 'event', 'location', 'organization', 'other', 'person', 'product']
2026-02-12 08:58:19,203 - INFO - Loading test data from: /home/ann/fiz-ddb/notebook/KDAI-Experiments-CodeIE/few-nerd_test
2026-02-12 08:58:19,203 - ERROR - Failed: qwen2.5_coarse_pl_base - Directory /home/ann/fiz-ddb/notebook/KDAI-Experiments-CodeIE/few-nerd_test not found
Traceback (most recent call last):
Traceback (most recent call last):
Traceback (most recent call last):
  File "/home/ann/fiz-ddb/notebook/KDAI-Experiments-CodeIE/CodeIE/orchestrator.py", line 303, in run_experiment_task
    metrics = run_experiment(
              ^^^^^^^^^^^^^^^
  File "/home/ann/fiz-ddb/notebook/KDAI-Experiments-CodeIE/CodeIE/run_codeie_experiments.py", line 834, in run_experiment
    ds_test = load_from_disk(test_path)
              ^^^^^^^^^^^^^^^^^^^^^^^^^
  File "/home/ann/anaconda3/envs/CodeIE/lib/python3.12/site-packages/datasets/load.py", line 1562, in load_from_disk
    raise FileNotFoundError(f"Directory {dataset_path} not found")
FileNotFoundError: Directory /home/ann/fiz-ddb/notebook/KDAI-Experiments-CodeIE/few-nerd_test not found
2026-02-12 08:58:19,204 - INFO - ============================================================
2026-02-12 08:58:19,204 - INFO - CodeIE NER Experiment (Enhanced with Entity Schema)
2026-02-12 08:58:19,204 - INFO - ============================================================
2026-02-12 08:58:19,204 - INFO - Granularity: coarse
  File "/home/ann/fiz-ddb/notebook/KDAI-Experiments-CodeIE/CodeIE/orchestrator.py", line 303, in run_experiment_task
    metrics = run_experiment(
              ^^^^^^^^^^^^^^^
2026-02-12 08:58:19,204 - INFO - Style: pl
  File "/home/ann/fiz-ddb/notebook/KDAI-Experiments-CodeIE/CodeIE/run_codeie_experiments.py", line 834, in run_experiment
    ds_test = load_from_disk(test_path)
              ^^^^^^^^^^^^^^^^^^^^^^^^^
  File "/home/ann/anaconda3/envs/CodeIE/lib/python3.12/site-packages/datasets/load.py", line 1562, in load_from_disk
    raise FileNotFoundError(f"Directory {dataset_path} not found")
2026-02-12 08:58:19,204 - INFO - Variation: sentence_reordering
FileNotFoundError: Directory /home/ann/fiz-ddb/notebook/KDAI-Experiments-CodeIE/few-nerd_test not found
2026-02-12 08:58:19,204 - INFO - Model: qwen2.5:7b
2026-02-12 08:58:19,204 - INFO - ============================================================
  File "/home/ann/fiz-ddb/notebook/KDAI-Experiments-CodeIE/CodeIE/orchestrator.py", line 303, in run_experiment_task
    metrics = run_experiment(
              ^^^^^^^^^^^^^^^
  File "/home/ann/fiz-ddb/notebook/KDAI-Experiments-CodeIE/CodeIE/run_codeie_experiments.py", line 834, in run_experiment
    ds_test = load_from_disk(test_path)
              ^^^^^^^^^^^^^^^^^^^^^^^^^
  File "/home/ann/anaconda3/envs/CodeIE/lib/python3.12/site-packages/datasets/load.py", line 1562, in load_from_disk
    raise FileNotFoundError(f"Directory {dataset_path} not found")
2026-02-12 08:58:19,204 - INFO - Using ChatOllama (Chat API) for qwen2.5:7b with timeout=180s
FileNotFoundError: Directory /home/ann/fiz-ddb/notebook/KDAI-Experiments-CodeIE/few-nerd_test not found
Traceback (most recent call last):
  File "/home/ann/fiz-ddb/notebook/KDAI-Experiments-CodeIE/CodeIE/orchestrator.py", line 303, in run_experiment_task
    metrics = run_experiment(
              ^^^^^^^^^^^^^^^
  File "/home/ann/fiz-ddb/notebook/KDAI-Experiments-CodeIE/CodeIE/run_codeie_experiments.py", line 834, in run_experiment
    ds_test = load_from_disk(test_path)
              ^^^^^^^^^^^^^^^^^^^^^^^^^
  File "/home/ann/anaconda3/envs/CodeIE/lib/python3.12/site-packages/datasets/load.py", line 1562, in load_from_disk
    raise FileNotFoundError(f"Directory {dataset_path} not found")
FileNotFoundError: Directory /home/ann/fiz-ddb/notebook/KDAI-Experiments-CodeIE/few-nerd_test not found
Traceback (most recent call last):
  File "/home/ann/fiz-ddb/notebook/KDAI-Experiments-CodeIE/CodeIE/orchestrator.py", line 303, in run_experiment_task
    metrics = run_experiment(
              ^^^^^^^^^^^^^^^
  File "/home/ann/fiz-ddb/notebook/KDAI-Experiments-CodeIE/CodeIE/run_codeie_experiments.py", line 834, in run_experiment
    ds_test = load_from_disk(test_path)
              ^^^^^^^^^^^^^^^^^^^^^^^^^
  File "/home/ann/anaconda3/envs/CodeIE/lib/python3.12/site-packages/datasets/load.py", line 1562, in load_from_disk
    raise FileNotFoundError(f"Directory {dataset_path} not found")
FileNotFoundError: Directory /home/ann/fiz-ddb/notebook/KDAI-Experiments-CodeIE/few-nerd_test not found
2026-02-12 08:58:19,206 - ERROR - Failed: qwen2.5-coder_coarse_pl_base - Directory /home/ann/fiz-ddb/notebook/KDAI-Experiments-CodeIE/few-nerd_test not found
2026-02-12 08:58:19,206 - ERROR - Failed: qwen2.5_coarse_pl_lexical_substitution - Directory /home/ann/fiz-ddb/notebook/KDAI-Experiments-CodeIE/few-nerd_test not found
2026-02-12 08:58:19,206 - WARNING - 3 consecutive failures detected. Triggering Ollama recovery...
2026-02-12 08:58:19,208 - INFO - ============================================================
2026-02-12 08:58:19,208 - INFO - CodeIE NER Experiment (Enhanced with Entity Schema)
2026-02-12 08:58:19,208 - INFO - ============================================================
2026-02-12 08:58:19,208 - INFO - Granularity: coarse
2026-02-12 08:58:19,208 - INFO - Style: pl
2026-02-12 08:58:19,208 - INFO - Variation: sentence_reordering
2026-02-12 08:58:19,208 - INFO - Model: qwen2.5-coder:7b
2026-02-12 08:58:19,208 - INFO - ============================================================
2026-02-12 08:58:19,208 - INFO - Using ChatOllama (Chat API) for qwen2.5-coder:7b with timeout=180s
2026-02-12 08:58:19,209 - INFO - ============================================================
2026-02-12 08:58:19,209 - INFO - ============================================================
2026-02-12 08:58:19,209 - INFO - CodeIE NER Experiment (Enhanced with Entity Schema)
2026-02-12 08:58:19,209 - INFO - CodeIE NER Experiment (Enhanced with Entity Schema)
2026-02-12 08:58:19,209 - INFO - ============================================================
2026-02-12 08:58:19,209 - INFO - Granularity: coarse
2026-02-12 08:58:19,209 - INFO - ============================================================
2026-02-12 08:58:19,209 - INFO - Style: pl
2026-02-12 08:58:19,209 - INFO - Granularity: coarse
2026-02-12 08:58:19,209 - INFO - Style: pl
2026-02-12 08:58:19,209 - INFO - Variation: backtrans_ch
2026-02-12 08:58:19,209 - INFO - Model: qwen2.5:7b
2026-02-12 08:58:19,209 - INFO - Variation: backtrans_ch
2026-02-12 08:58:19,209 - INFO - ============================================================
2026-02-12 08:58:19,209 - INFO - Model: qwen2.5-coder:7b
2026-02-12 08:58:19,209 - INFO - ============================================================
2026-02-12 08:58:19,209 - INFO - Using ChatOllama (Chat API) for qwen2.5-coder:7b with timeout=180s
2026-02-12 08:58:19,209 - INFO - Using ChatOllama (Chat API) for qwen2.5:7b with timeout=180s
2026-02-12 08:58:19,209 - INFO - ============================================================
2026-02-12 08:58:19,209 - INFO - CodeIE NER Experiment (Enhanced with Entity Schema)
2026-02-12 08:58:19,209 - INFO - ============================================================
2026-02-12 08:58:19,209 - INFO - Granularity: coarse
2026-02-12 08:58:19,209 - INFO - Style: pl
2026-02-12 08:58:19,209 - INFO - Variation: backtrans_sp
2026-02-12 08:58:19,209 - INFO - Model: qwen2.5:7b
2026-02-12 08:58:19,209 - INFO - ============================================================
2026-02-12 08:58:19,209 - INFO - Using ChatOllama (Chat API) for qwen2.5:7b with timeout=180s
2026-02-12 08:58:19,210 - INFO - ============================================================
2026-02-12 08:58:19,210 - INFO - CodeIE NER Experiment (Enhanced with Entity Schema)
2026-02-12 08:58:19,210 - INFO - ============================================================
2026-02-12 08:58:19,210 - INFO - Granularity: coarse
2026-02-12 08:58:19,210 - INFO - Style: pl
2026-02-12 08:58:19,210 - INFO - Variation: backtrans_sp
2026-02-12 08:58:19,210 - INFO - Model: qwen2.5-coder:7b
2026-02-12 08:58:19,210 - INFO - ============================================================
2026-02-12 08:58:19,210 - INFO - Using ChatOllama (Chat API) for qwen2.5-coder:7b with timeout=180s
2026-02-12 08:58:19,212 - ERROR - Failed: qwen2.5-coder_coarse_pl_lexical_substitution - Directory /home/ann/fiz-ddb/notebook/KDAI-Experiments-CodeIE/few-nerd_test not found
2026-02-12 08:58:19,212 - ERROR - Failed: qwen2.5-coder_coarse_pl_reodering - Directory /home/ann/fiz-ddb/notebook/KDAI-Experiments-CodeIE/few-nerd_test not found
2026-02-12 08:58:19,212 - ERROR - Failed: qwen2.5_coarse_pl_reodering - Directory /home/ann/fiz-ddb/notebook/KDAI-Experiments-CodeIE/few-nerd_test not found
2026-02-12 08:58:19,212 - WARNING - 3 consecutive failures detected. Triggering Ollama recovery...
2026-02-12 08:58:19,250 - INFO - Discovered variations: ['default', 'sentence_reordering', 'backtrans_tu', 'backtrans_ch', 'reodering', 'lexical_substitution', 'backtrans_sp']
2026-02-12 08:58:19,250 - INFO - Entity types (8): ['art', 'building', 'event', 'location', 'organization', 'other', 'person', 'product']
2026-02-12 08:58:19,250 - INFO - Loading test data from: /home/ann/fiz-ddb/notebook/KDAI-Experiments-CodeIE/few-nerd_test
2026-02-12 08:58:19,254 - INFO - Discovered variations: ['default', 'sentence_reordering', 'backtrans_tu', 'backtrans_ch', 'reodering', 'lexical_substitution', 'backtrans_sp']
2026-02-12 08:58:19,254 - INFO - Entity types (8): ['art', 'building', 'event', 'location', 'organization', 'other', 'person', 'product']
2026-02-12 08:58:19,254 - INFO - Loading test data from: /home/ann/fiz-ddb/notebook/KDAI-Experiments-CodeIE/few-nerd_test
Traceback (most recent call last):
  File "/home/ann/fiz-ddb/notebook/KDAI-Experiments-CodeIE/CodeIE/orchestrator.py", line 303, in run_experiment_task
    metrics = run_experiment(
              ^^^^^^^^^^^^^^^
  File "/home/ann/fiz-ddb/notebook/KDAI-Experiments-CodeIE/CodeIE/run_codeie_experiments.py", line 834, in run_experiment
    ds_test = load_from_disk(test_path)
              ^^^^^^^^^^^^^^^^^^^^^^^^^
  File "/home/ann/anaconda3/envs/CodeIE/lib/python3.12/site-packages/datasets/load.py", line 1562, in load_from_disk
    raise FileNotFoundError(f"Directory {dataset_path} not found")
FileNotFoundError: Directory /home/ann/fiz-ddb/notebook/KDAI-Experiments-CodeIE/few-nerd_test not found
Traceback (most recent call last):
  File "/home/ann/fiz-ddb/notebook/KDAI-Experiments-CodeIE/CodeIE/orchestrator.py", line 303, in run_experiment_task
    metrics = run_experiment(
              ^^^^^^^^^^^^^^^
  File "/home/ann/fiz-ddb/notebook/KDAI-Experiments-CodeIE/CodeIE/run_codeie_experiments.py", line 834, in run_experiment
    ds_test = load_from_disk(test_path)
              ^^^^^^^^^^^^^^^^^^^^^^^^^
  File "/home/ann/anaconda3/envs/CodeIE/lib/python3.12/site-packages/datasets/load.py", line 1562, in load_from_disk
    raise FileNotFoundError(f"Directory {dataset_path} not found")
FileNotFoundError: Directory /home/ann/fiz-ddb/notebook/KDAI-Experiments-CodeIE/few-nerd_test not found
2026-02-12 08:58:19,255 - INFO - Discovered variations: ['default', 'sentence_reordering', 'backtrans_tu', 'backtrans_ch', 'reodering', 'lexical_substitution', 'backtrans_sp']
2026-02-12 08:58:19,255 - INFO - Discovered variations: ['default', 'sentence_reordering', 'backtrans_tu', 'backtrans_ch', 'reodering', 'lexical_substitution', 'backtrans_sp']
2026-02-12 08:58:19,255 - INFO - Entity types (8): ['art', 'building', 'event', 'location', 'organization', 'other', 'person', 'product']
2026-02-12 08:58:19,255 - INFO - Loading test data from: /home/ann/fiz-ddb/notebook/KDAI-Experiments-CodeIE/few-nerd_test
2026-02-12 08:58:19,255 - INFO - Entity types (8): ['art', 'building', 'event', 'location', 'organization', 'other', 'person', 'product']
2026-02-12 08:58:19,255 - INFO - Loading test data from: /home/ann/fiz-ddb/notebook/KDAI-Experiments-CodeIE/few-nerd_test
2026-02-12 08:58:19,256 - ERROR - Failed: qwen2.5-coder_coarse_pl_sentence_reordering - Directory /home/ann/fiz-ddb/notebook/KDAI-Experiments-CodeIE/few-nerd_test not found
Traceback (most recent call last):
2026-02-12 08:58:19,256 - INFO - Discovered variations: ['default', 'sentence_reordering', 'backtrans_tu', 'backtrans_ch', 'reodering', 'lexical_substitution', 'backtrans_sp']
Traceback (most recent call last):
2026-02-12 08:58:19,256 - INFO - Entity types (8): ['art', 'building', 'event', 'location', 'organization', 'other', 'person', 'product']
2026-02-12 08:58:19,256 - INFO - Loading test data from: /home/ann/fiz-ddb/notebook/KDAI-Experiments-CodeIE/few-nerd_test
  File "/home/ann/fiz-ddb/notebook/KDAI-Experiments-CodeIE/CodeIE/orchestrator.py", line 303, in run_experiment_task
    metrics = run_experiment(
              ^^^^^^^^^^^^^^^
  File "/home/ann/fiz-ddb/notebook/KDAI-Experiments-CodeIE/CodeIE/run_codeie_experiments.py", line 834, in run_experiment
    ds_test = load_from_disk(test_path)
              ^^^^^^^^^^^^^^^^^^^^^^^^^
  File "/home/ann/anaconda3/envs/CodeIE/lib/python3.12/site-packages/datasets/load.py", line 1562, in load_from_disk
    raise FileNotFoundError(f"Directory {dataset_path} not found")
FileNotFoundError: Directory /home/ann/fiz-ddb/notebook/KDAI-Experiments-CodeIE/few-nerd_test not found
  File "/home/ann/fiz-ddb/notebook/KDAI-Experiments-CodeIE/CodeIE/orchestrator.py", line 303, in run_experiment_task
    metrics = run_experiment(
              ^^^^^^^^^^^^^^^
  File "/home/ann/fiz-ddb/notebook/KDAI-Experiments-CodeIE/CodeIE/run_codeie_experiments.py", line 834, in run_experiment
    ds_test = load_from_disk(test_path)
              ^^^^^^^^^^^^^^^^^^^^^^^^^
  File "/home/ann/anaconda3/envs/CodeIE/lib/python3.12/site-packages/datasets/load.py", line 1562, in load_from_disk
    raise FileNotFoundError(f"Directory {dataset_path} not found")
FileNotFoundError: Directory /home/ann/fiz-ddb/notebook/KDAI-Experiments-CodeIE/few-nerd_test not found
2026-02-12 08:58:19,256 - ERROR - Failed: qwen2.5_coarse_pl_sentence_reordering - Directory /home/ann/fiz-ddb/notebook/KDAI-Experiments-CodeIE/few-nerd_test not found
Traceback (most recent call last):
  File "/home/ann/fiz-ddb/notebook/KDAI-Experiments-CodeIE/CodeIE/orchestrator.py", line 303, in run_experiment_task
    metrics = run_experiment(
              ^^^^^^^^^^^^^^^
  File "/home/ann/fiz-ddb/notebook/KDAI-Experiments-CodeIE/CodeIE/run_codeie_experiments.py", line 834, in run_experiment
    ds_test = load_from_disk(test_path)
              ^^^^^^^^^^^^^^^^^^^^^^^^^
  File "/home/ann/anaconda3/envs/CodeIE/lib/python3.12/site-packages/datasets/load.py", line 1562, in load_from_disk
    raise FileNotFoundError(f"Directory {dataset_path} not found")
FileNotFoundError: Directory /home/ann/fiz-ddb/notebook/KDAI-Experiments-CodeIE/few-nerd_test not found
2026-02-12 08:58:19,256 - INFO - Discovered variations: ['default', 'sentence_reordering', 'backtrans_tu', 'backtrans_ch', 'reodering', 'lexical_substitution', 'backtrans_sp']
2026-02-12 08:58:19,256 - INFO - Entity types (8): ['art', 'building', 'event', 'location', 'organization', 'other', 'person', 'product']
2026-02-12 08:58:19,256 - INFO - Loading test data from: /home/ann/fiz-ddb/notebook/KDAI-Experiments-CodeIE/few-nerd_test
Traceback (most recent call last):
  File "/home/ann/fiz-ddb/notebook/KDAI-Experiments-CodeIE/CodeIE/orchestrator.py", line 303, in run_experiment_task
    metrics = run_experiment(
              ^^^^^^^^^^^^^^^
  File "/home/ann/fiz-ddb/notebook/KDAI-Experiments-CodeIE/CodeIE/run_codeie_experiments.py", line 834, in run_experiment
    ds_test = load_from_disk(test_path)
              ^^^^^^^^^^^^^^^^^^^^^^^^^
  File "/home/ann/anaconda3/envs/CodeIE/lib/python3.12/site-packages/datasets/load.py", line 1562, in load_from_disk
    raise FileNotFoundError(f"Directory {dataset_path} not found")
FileNotFoundError: Directory /home/ann/fiz-ddb/notebook/KDAI-Experiments-CodeIE/few-nerd_test not found
2026-02-12 08:58:19,257 - INFO - ============================================================
2026-02-12 08:58:19,257 - INFO - CodeIE NER Experiment (Enhanced with Entity Schema)
2026-02-12 08:58:19,257 - INFO - ============================================================
2026-02-12 08:58:19,257 - INFO - Granularity: coarse
2026-02-12 08:58:19,257 - INFO - Style: pl
2026-02-12 08:58:19,257 - INFO - Variation: backtrans_tu
2026-02-12 08:58:19,257 - INFO - Model: qwen2.5:7b
2026-02-12 08:58:19,257 - INFO - ============================================================
2026-02-12 08:58:19,257 - INFO - Using ChatOllama (Chat API) for qwen2.5:7b with timeout=180s
2026-02-12 08:58:19,257 - ERROR - Failed: qwen2.5-coder_coarse_pl_backtrans_ch - Directory /home/ann/fiz-ddb/notebook/KDAI-Experiments-CodeIE/few-nerd_test not found
2026-02-12 08:58:19,257 - WARNING - 3 consecutive failures detected. Triggering Ollama recovery...
2026-02-12 08:58:19,258 - INFO - ============================================================
2026-02-12 08:58:19,258 - INFO - CodeIE NER Experiment (Enhanced with Entity Schema)
2026-02-12 08:58:19,258 - INFO - ============================================================
2026-02-12 08:58:19,258 - INFO - Granularity: coarse
2026-02-12 08:58:19,258 - INFO - Style: pl
2026-02-12 08:58:19,258 - INFO - Variation: backtrans_tu
2026-02-12 08:58:19,258 - INFO - Model: qwen2.5-coder:7b
2026-02-12 08:58:19,258 - INFO - ============================================================
2026-02-12 08:58:19,258 - INFO - Using ChatOllama (Chat API) for qwen2.5-coder:7b with timeout=180s
2026-02-12 08:58:19,259 - INFO - ============================================================
2026-02-12 08:58:19,259 - INFO - CodeIE NER Experiment (Enhanced with Entity Schema)
2026-02-12 08:58:19,259 - INFO - ============================================================
2026-02-12 08:58:19,259 - INFO - Granularity: coarse
2026-02-12 08:58:19,259 - INFO - Style: nl
2026-02-12 08:58:19,259 - INFO - Variation: v0_original
2026-02-12 08:58:19,259 - INFO - Model: qwen2.5:7b
2026-02-12 08:58:19,259 - INFO - ============================================================
2026-02-12 08:58:19,259 - INFO - ============================================================
2026-02-12 08:58:19,259 - INFO - Using ChatOllama (Chat API) for qwen2.5:7b with timeout=180s
2026-02-12 08:58:19,259 - INFO - CodeIE NER Experiment (Enhanced with Entity Schema)
2026-02-12 08:58:19,259 - INFO - ============================================================
2026-02-12 08:58:19,259 - INFO - Granularity: coarse
2026-02-12 08:58:19,259 - INFO - Style: nl
2026-02-12 08:58:19,259 - INFO - Variation: v0_original
2026-02-12 08:58:19,259 - INFO - Model: qwen2.5-coder:7b
2026-02-12 08:58:19,259 - INFO - ============================================================
2026-02-12 08:58:19,260 - INFO - Using ChatOllama (Chat API) for qwen2.5-coder:7b with timeout=180s
2026-02-12 08:58:19,260 - INFO - ============================================================
2026-02-12 08:58:19,260 - INFO - CodeIE NER Experiment (Enhanced with Entity Schema)
2026-02-12 08:58:19,260 - INFO - ============================================================
2026-02-12 08:58:19,260 - INFO - ============================================================
2026-02-12 08:58:19,260 - INFO - CodeIE NER Experiment (Enhanced with Entity Schema)
2026-02-12 08:58:19,260 - INFO - Granularity: coarse
2026-02-12 08:58:19,260 - INFO - ============================================================
2026-02-12 08:58:19,260 - INFO - Style: nl
2026-02-12 08:58:19,260 - INFO - Granularity: coarse
2026-02-12 08:58:19,260 - INFO - Style: nl
2026-02-12 08:58:19,260 - INFO - Variation: lexical_substitution
2026-02-12 08:58:19,260 - INFO - Variation: lexical_substitution
2026-02-12 08:58:19,260 - INFO - Model: qwen2.5-coder:7b
2026-02-12 08:58:19,260 - INFO - Model: qwen2.5:7b
2026-02-12 08:58:19,260 - INFO - ============================================================
2026-02-12 08:58:19,260 - INFO - ============================================================
2026-02-12 08:58:19,261 - INFO - Using ChatOllama (Chat API) for qwen2.5-coder:7b with timeout=180s
2026-02-12 08:58:19,261 - INFO - Using ChatOllama (Chat API) for qwen2.5:7b with timeout=180s
2026-02-12 08:58:19,261 - ERROR - Failed: qwen2.5_coarse_pl_backtrans_sp - Directory /home/ann/fiz-ddb/notebook/KDAI-Experiments-CodeIE/few-nerd_test not found
2026-02-12 08:58:19,261 - ERROR - Failed: qwen2.5_coarse_pl_backtrans_ch - Directory /home/ann/fiz-ddb/notebook/KDAI-Experiments-CodeIE/few-nerd_test not found
2026-02-12 08:58:19,261 - ERROR - Failed: qwen2.5-coder_coarse_pl_backtrans_sp - Directory /home/ann/fiz-ddb/notebook/KDAI-Experiments-CodeIE/few-nerd_test not found
2026-02-12 08:58:19,261 - WARNING - 3 consecutive failures detected. Triggering Ollama recovery...
2026-02-12 08:58:19,304 - INFO - Discovered variations: ['default', 'sentence_reordering', 'backtrans_tu', 'backtrans_ch', 'reodering', 'lexical_substitution', 'backtrans_sp']
2026-02-12 08:58:19,304 - INFO - Entity types (8): ['art', 'building', 'event', 'location', 'organization', 'other', 'person', 'product']
2026-02-12 08:58:19,304 - INFO - Loading test data from: /home/ann/fiz-ddb/notebook/KDAI-Experiments-CodeIE/few-nerd_test
Traceback (most recent call last):
  File "/home/ann/fiz-ddb/notebook/KDAI-Experiments-CodeIE/CodeIE/orchestrator.py", line 303, in run_experiment_task
    metrics = run_experiment(
              ^^^^^^^^^^^^^^^
  File "/home/ann/fiz-ddb/notebook/KDAI-Experiments-CodeIE/CodeIE/run_codeie_experiments.py", line 834, in run_experiment
    ds_test = load_from_disk(test_path)
              ^^^^^^^^^^^^^^^^^^^^^^^^^
  File "/home/ann/anaconda3/envs/CodeIE/lib/python3.12/site-packages/datasets/load.py", line 1562, in load_from_disk
    raise FileNotFoundError(f"Directory {dataset_path} not found")
FileNotFoundError: Directory /home/ann/fiz-ddb/notebook/KDAI-Experiments-CodeIE/few-nerd_test not found
2026-02-12 08:58:19,304 - INFO - Discovered variations: ['default', 'sentence_reordering', 'backtrans_tu', 'backtrans_ch', 'reodering', 'lexical_substitution', 'backtrans_sp']
2026-02-12 08:58:19,304 - INFO - Entity types (8): ['art', 'building', 'event', 'location', 'organization', 'other', 'person', 'product']
2026-02-12 08:58:19,304 - INFO - Discovered variations: ['default', 'sentence_reordering', 'backtrans_tu', 'backtrans_ch', 'reodering', 'lexical_substitution', 'backtrans_sp']
2026-02-12 08:58:19,304 - INFO - Loading test data from: /home/ann/fiz-ddb/notebook/KDAI-Experiments-CodeIE/few-nerd_test
2026-02-12 08:58:19,304 - INFO - Entity types (8): ['art', 'building', 'event', 'location', 'organization', 'other', 'person', 'product']
2026-02-12 08:58:19,304 - INFO - Loading test data from: /home/ann/fiz-ddb/notebook/KDAI-Experiments-CodeIE/few-nerd_test
Traceback (most recent call last):
Traceback (most recent call last):
  File "/home/ann/fiz-ddb/notebook/KDAI-Experiments-CodeIE/CodeIE/orchestrator.py", line 303, in run_experiment_task
    metrics = run_experiment(
              ^^^^^^^^^^^^^^^
  File "/home/ann/fiz-ddb/notebook/KDAI-Experiments-CodeIE/CodeIE/run_codeie_experiments.py", line 834, in run_experiment
    ds_test = load_from_disk(test_path)
              ^^^^^^^^^^^^^^^^^^^^^^^^^
  File "/home/ann/anaconda3/envs/CodeIE/lib/python3.12/site-packages/datasets/load.py", line 1562, in load_from_disk
    raise FileNotFoundError(f"Directory {dataset_path} not found")
FileNotFoundError: Directory /home/ann/fiz-ddb/notebook/KDAI-Experiments-CodeIE/few-nerd_test not found
  File "/home/ann/fiz-ddb/notebook/KDAI-Experiments-CodeIE/CodeIE/orchestrator.py", line 303, in run_experiment_task
    metrics = run_experiment(
              ^^^^^^^^^^^^^^^
  File "/home/ann/fiz-ddb/notebook/KDAI-Experiments-CodeIE/CodeIE/run_codeie_experiments.py", line 834, in run_experiment
    ds_test = load_from_disk(test_path)
              ^^^^^^^^^^^^^^^^^^^^^^^^^
  File "/home/ann/anaconda3/envs/CodeIE/lib/python3.12/site-packages/datasets/load.py", line 1562, in load_from_disk
    raise FileNotFoundError(f"Directory {dataset_path} not found")
FileNotFoundError: Directory /home/ann/fiz-ddb/notebook/KDAI-Experiments-CodeIE/few-nerd_test not found
2026-02-12 08:58:19,305 - ERROR - Failed: qwen2.5_coarse_pl_backtrans_tu - Directory /home/ann/fiz-ddb/notebook/KDAI-Experiments-CodeIE/few-nerd_test not found
2026-02-12 08:58:19,306 - INFO - Discovered variations: ['default', 'sentence_reordering', 'backtrans_tu', 'backtrans_ch', 'reodering', 'lexical_substitution', 'backtrans_sp']
2026-02-12 08:58:19,306 - INFO - Entity types (8): ['art', 'building', 'event', 'location', 'organization', 'other', 'person', 'product']
2026-02-12 08:58:19,306 - INFO - Loading test data from: /home/ann/fiz-ddb/notebook/KDAI-Experiments-CodeIE/few-nerd_test
Traceback (most recent call last):
  File "/home/ann/fiz-ddb/notebook/KDAI-Experiments-CodeIE/CodeIE/orchestrator.py", line 303, in run_experiment_task
    metrics = run_experiment(
              ^^^^^^^^^^^^^^^
  File "/home/ann/fiz-ddb/notebook/KDAI-Experiments-CodeIE/CodeIE/run_codeie_experiments.py", line 834, in run_experiment
    ds_test = load_from_disk(test_path)
              ^^^^^^^^^^^^^^^^^^^^^^^^^
  File "/home/ann/anaconda3/envs/CodeIE/lib/python3.12/site-packages/datasets/load.py", line 1562, in load_from_disk
    raise FileNotFoundError(f"Directory {dataset_path} not found")
2026-02-12 08:58:19,306 - ERROR - Failed: qwen2.5-coder_coarse_nl_base - Directory /home/ann/fiz-ddb/notebook/KDAI-Experiments-CodeIE/few-nerd_test not found
FileNotFoundError: Directory /home/ann/fiz-ddb/notebook/KDAI-Experiments-CodeIE/few-nerd_test not found
2026-02-12 08:58:19,306 - ERROR - Failed: qwen2.5-coder_coarse_pl_backtrans_tu - Directory /home/ann/fiz-ddb/notebook/KDAI-Experiments-CodeIE/few-nerd_test not found
2026-02-12 08:58:19,306 - WARNING - 3 consecutive failures detected. Triggering Ollama recovery...
2026-02-12 08:58:19,307 - INFO - Discovered variations: ['default', 'sentence_reordering', 'backtrans_tu', 'backtrans_ch', 'reodering', 'lexical_substitution', 'backtrans_sp']
2026-02-12 08:58:19,307 - INFO - Entity types (8): ['art', 'building', 'event', 'location', 'organization', 'other', 'person', 'product']
2026-02-12 08:58:19,307 - INFO - Loading test data from: /home/ann/fiz-ddb/notebook/KDAI-Experiments-CodeIE/few-nerd_test
2026-02-12 08:58:19,307 - INFO - Discovered variations: ['default', 'sentence_reordering', 'backtrans_tu', 'backtrans_ch', 'reodering', 'lexical_substitution', 'backtrans_sp']
2026-02-12 08:58:19,307 - INFO - Entity types (8): ['art', 'building', 'event', 'location', 'organization', 'other', 'person', 'product']
2026-02-12 08:58:19,307 - INFO - Loading test data from: /home/ann/fiz-ddb/notebook/KDAI-Experiments-CodeIE/few-nerd_test
Traceback (most recent call last):
  File "/home/ann/fiz-ddb/notebook/KDAI-Experiments-CodeIE/CodeIE/orchestrator.py", line 303, in run_experiment_task
    metrics = run_experiment(
              ^^^^^^^^^^^^^^^
  File "/home/ann/fiz-ddb/notebook/KDAI-Experiments-CodeIE/CodeIE/run_codeie_experiments.py", line 834, in run_experiment
    ds_test = load_from_disk(test_path)
              ^^^^^^^^^^^^^^^^^^^^^^^^^
  File "/home/ann/anaconda3/envs/CodeIE/lib/python3.12/site-packages/datasets/load.py", line 1562, in load_from_disk
    raise FileNotFoundError(f"Directory {dataset_path} not found")
Traceback (most recent call last):
FileNotFoundError: Directory /home/ann/fiz-ddb/notebook/KDAI-Experiments-CodeIE/few-nerd_test not found
2026-02-12 08:58:19,307 - INFO - ============================================================
  File "/home/ann/fiz-ddb/notebook/KDAI-Experiments-CodeIE/CodeIE/orchestrator.py", line 303, in run_experiment_task
    metrics = run_experiment(
              ^^^^^^^^^^^^^^^
  File "/home/ann/fiz-ddb/notebook/KDAI-Experiments-CodeIE/CodeIE/run_codeie_experiments.py", line 834, in run_experiment
    ds_test = load_from_disk(test_path)
              ^^^^^^^^^^^^^^^^^^^^^^^^^
  File "/home/ann/anaconda3/envs/CodeIE/lib/python3.12/site-packages/datasets/load.py", line 1562, in load_from_disk
    raise FileNotFoundError(f"Directory {dataset_path} not found")
FileNotFoundError: Directory /home/ann/fiz-ddb/notebook/KDAI-Experiments-CodeIE/few-nerd_test not found
2026-02-12 08:58:19,307 - INFO - CodeIE NER Experiment (Enhanced with Entity Schema)
2026-02-12 08:58:19,307 - INFO - ============================================================
2026-02-12 08:58:19,307 - INFO - Granularity: coarse
2026-02-12 08:58:19,307 - INFO - Style: nl
2026-02-12 08:58:19,307 - INFO - Variation: reodering
2026-02-12 08:58:19,307 - INFO - Model: qwen2.5:7b
2026-02-12 08:58:19,307 - INFO - ============================================================
2026-02-12 08:58:19,307 - INFO - Using ChatOllama (Chat API) for qwen2.5:7b with timeout=180s
2026-02-12 08:58:19,308 - INFO - ============================================================
2026-02-12 08:58:19,308 - INFO - CodeIE NER Experiment (Enhanced with Entity Schema)
2026-02-12 08:58:19,308 - INFO - ============================================================
2026-02-12 08:58:19,308 - INFO - Granularity: coarse
2026-02-12 08:58:19,308 - INFO - ============================================================
2026-02-12 08:58:19,308 - INFO - Style: nl
2026-02-12 08:58:19,308 - INFO - Variation: reodering
2026-02-12 08:58:19,308 - INFO - CodeIE NER Experiment (Enhanced with Entity Schema)
2026-02-12 08:58:19,308 - INFO - Model: qwen2.5-coder:7b
2026-02-12 08:58:19,308 - INFO - ============================================================
2026-02-12 08:58:19,308 - INFO - ============================================================
2026-02-12 08:58:19,308 - INFO - Granularity: coarse
2026-02-12 08:58:19,308 - INFO - Style: nl
2026-02-12 08:58:19,308 - INFO - Variation: sentence_reordering
2026-02-12 08:58:19,309 - INFO - Model: qwen2.5:7b
2026-02-12 08:58:19,309 - INFO - ============================================================
2026-02-12 08:58:19,309 - INFO - Using ChatOllama (Chat API) for qwen2.5-coder:7b with timeout=180s
2026-02-12 08:58:19,309 - INFO - Using ChatOllama (Chat API) for qwen2.5:7b with timeout=180s
2026-02-12 08:58:19,309 - ERROR - Failed: qwen2.5_coarse_nl_base - Directory /home/ann/fiz-ddb/notebook/KDAI-Experiments-CodeIE/few-nerd_test not found
2026-02-12 08:58:19,309 - ERROR - Failed: qwen2.5_coarse_nl_lexical_substitution - Directory /home/ann/fiz-ddb/notebook/KDAI-Experiments-CodeIE/few-nerd_test not found
2026-02-12 08:58:19,309 - ERROR - Failed: qwen2.5-coder_coarse_nl_lexical_substitution - Directory /home/ann/fiz-ddb/notebook/KDAI-Experiments-CodeIE/few-nerd_test not found
2026-02-12 08:58:19,309 - WARNING - 3 consecutive failures detected. Triggering Ollama recovery...
2026-02-12 08:58:19,310 - INFO - ============================================================
2026-02-12 08:58:19,310 - INFO - CodeIE NER Experiment (Enhanced with Entity Schema)
2026-02-12 08:58:19,310 - INFO - ============================================================
2026-02-12 08:58:19,310 - INFO - Granularity: coarse
2026-02-12 08:58:19,310 - INFO - Style: nl
2026-02-12 08:58:19,310 - INFO - Variation: sentence_reordering
2026-02-12 08:58:19,310 - INFO - Model: qwen2.5-coder:7b
2026-02-12 08:58:19,310 - INFO - ============================================================
2026-02-12 08:58:19,310 - INFO - Using ChatOllama (Chat API) for qwen2.5-coder:7b with timeout=180s
2026-02-12 08:58:19,310 - INFO - ============================================================
2026-02-12 08:58:19,310 - INFO - CodeIE NER Experiment (Enhanced with Entity Schema)
2026-02-12 08:58:19,310 - INFO - ============================================================
2026-02-12 08:58:19,311 - INFO - Granularity: coarse
2026-02-12 08:58:19,311 - INFO - Style: nl
2026-02-12 08:58:19,311 - INFO - ============================================================
2026-02-12 08:58:19,311 - INFO - Variation: backtrans_ch
2026-02-12 08:58:19,311 - INFO - Model: qwen2.5:7b
2026-02-12 08:58:19,311 - INFO - CodeIE NER Experiment (Enhanced with Entity Schema)
2026-02-12 08:58:19,311 - INFO - ============================================================
2026-02-12 08:58:19,311 - INFO - ============================================================
2026-02-12 08:58:19,311 - INFO - Granularity: coarse
2026-02-12 08:58:19,311 - INFO - Style: nl
2026-02-12 08:58:19,311 - INFO - Variation: backtrans_ch
2026-02-12 08:58:19,311 - INFO - Using ChatOllama (Chat API) for qwen2.5:7b with timeout=180s
2026-02-12 08:58:19,311 - INFO - Model: qwen2.5-coder:7b
2026-02-12 08:58:19,311 - INFO - ============================================================
2026-02-12 08:58:19,311 - INFO - Using ChatOllama (Chat API) for qwen2.5-coder:7b with timeout=180s
2026-02-12 08:58:19,354 - INFO - Discovered variations: ['default', 'sentence_reordering', 'backtrans_tu', 'backtrans_ch', 'reodering', 'lexical_substitution', 'backtrans_sp']
2026-02-12 08:58:19,354 - INFO - Entity types (8): ['art', 'building', 'event', 'location', 'organization', 'other', 'person', 'product']
2026-02-12 08:58:19,354 - INFO - Loading test data from: /home/ann/fiz-ddb/notebook/KDAI-Experiments-CodeIE/few-nerd_test
Traceback (most recent call last):
  File "/home/ann/fiz-ddb/notebook/KDAI-Experiments-CodeIE/CodeIE/orchestrator.py", line 303, in run_experiment_task
    metrics = run_experiment(
              ^^^^^^^^^^^^^^^
  File "/home/ann/fiz-ddb/notebook/KDAI-Experiments-CodeIE/CodeIE/run_codeie_experiments.py", line 834, in run_experiment
    ds_test = load_from_disk(test_path)
              ^^^^^^^^^^^^^^^^^^^^^^^^^
  File "/home/ann/anaconda3/envs/CodeIE/lib/python3.12/site-packages/datasets/load.py", line 1562, in load_from_disk
    raise FileNotFoundError(f"Directory {dataset_path} not found")
FileNotFoundError: Directory /home/ann/fiz-ddb/notebook/KDAI-Experiments-CodeIE/few-nerd_test not found
2026-02-12 08:58:19,355 - INFO - Discovered variations: ['default', 'sentence_reordering', 'backtrans_tu', 'backtrans_ch', 'reodering', 'lexical_substitution', 'backtrans_sp']
2026-02-12 08:58:19,355 - INFO - Discovered variations: ['default', 'sentence_reordering', 'backtrans_tu', 'backtrans_ch', 'reodering', 'lexical_substitution', 'backtrans_sp']
2026-02-12 08:58:19,355 - INFO - Entity types (8): ['art', 'building', 'event', 'location', 'organization', 'other', 'person', 'product']
2026-02-12 08:58:19,355 - INFO - Entity types (8): ['art', 'building', 'event', 'location', 'organization', 'other', 'person', 'product']
2026-02-12 08:58:19,355 - INFO - Loading test data from: /home/ann/fiz-ddb/notebook/KDAI-Experiments-CodeIE/few-nerd_test
2026-02-12 08:58:19,355 - INFO - Loading test data from: /home/ann/fiz-ddb/notebook/KDAI-Experiments-CodeIE/few-nerd_test
Traceback (most recent call last):
Traceback (most recent call last):
  File "/home/ann/fiz-ddb/notebook/KDAI-Experiments-CodeIE/CodeIE/orchestrator.py", line 303, in run_experiment_task
    metrics = run_experiment(
              ^^^^^^^^^^^^^^^
2026-02-12 08:58:19,356 - INFO - Discovered variations: ['default', 'sentence_reordering', 'backtrans_tu', 'backtrans_ch', 'reodering', 'lexical_substitution', 'backtrans_sp']
  File "/home/ann/fiz-ddb/notebook/KDAI-Experiments-CodeIE/CodeIE/run_codeie_experiments.py", line 834, in run_experiment
    ds_test = load_from_disk(test_path)
              ^^^^^^^^^^^^^^^^^^^^^^^^^
  File "/home/ann/anaconda3/envs/CodeIE/lib/python3.12/site-packages/datasets/load.py", line 1562, in load_from_disk
    raise FileNotFoundError(f"Directory {dataset_path} not found")
  File "/home/ann/fiz-ddb/notebook/KDAI-Experiments-CodeIE/CodeIE/orchestrator.py", line 303, in run_experiment_task
    metrics = run_experiment(
              ^^^^^^^^^^^^^^^
FileNotFoundError: Directory /home/ann/fiz-ddb/notebook/KDAI-Experiments-CodeIE/few-nerd_test not found
  File "/home/ann/fiz-ddb/notebook/KDAI-Experiments-CodeIE/CodeIE/run_codeie_experiments.py", line 834, in run_experiment
    ds_test = load_from_disk(test_path)
              ^^^^^^^^^^^^^^^^^^^^^^^^^
  File "/home/ann/anaconda3/envs/CodeIE/lib/python3.12/site-packages/datasets/load.py", line 1562, in load_from_disk
    raise FileNotFoundError(f"Directory {dataset_path} not found")
2026-02-12 08:58:19,356 - INFO - Entity types (8): ['art', 'building', 'event', 'location', 'organization', 'other', 'person', 'product']
FileNotFoundError: Directory /home/ann/fiz-ddb/notebook/KDAI-Experiments-CodeIE/few-nerd_test not found
2026-02-12 08:58:19,356 - INFO - Loading test data from: /home/ann/fiz-ddb/notebook/KDAI-Experiments-CodeIE/few-nerd_test
Traceback (most recent call last):
  File "/home/ann/fiz-ddb/notebook/KDAI-Experiments-CodeIE/CodeIE/orchestrator.py", line 303, in run_experiment_task
    metrics = run_experiment(
              ^^^^^^^^^^^^^^^
  File "/home/ann/fiz-ddb/notebook/KDAI-Experiments-CodeIE/CodeIE/run_codeie_experiments.py", line 834, in run_experiment
    ds_test = load_from_disk(test_path)
              ^^^^^^^^^^^^^^^^^^^^^^^^^
  File "/home/ann/anaconda3/envs/CodeIE/lib/python3.12/site-packages/datasets/load.py", line 1562, in load_from_disk
    raise FileNotFoundError(f"Directory {dataset_path} not found")
FileNotFoundError: Directory /home/ann/fiz-ddb/notebook/KDAI-Experiments-CodeIE/few-nerd_test not found
2026-02-12 08:58:19,356 - ERROR - Failed: qwen2.5_coarse_nl_reodering - Directory /home/ann/fiz-ddb/notebook/KDAI-Experiments-CodeIE/few-nerd_test not found
2026-02-12 08:58:19,356 - INFO - Discovered variations: ['default', 'sentence_reordering', 'backtrans_tu', 'backtrans_ch', 'reodering', 'lexical_substitution', 'backtrans_sp']
2026-02-12 08:58:19,356 - INFO - Entity types (8): ['art', 'building', 'event', 'location', 'organization', 'other', 'person', 'product']
2026-02-12 08:58:19,356 - INFO - Loading test data from: /home/ann/fiz-ddb/notebook/KDAI-Experiments-CodeIE/few-nerd_test
Traceback (most recent call last):
  File "/home/ann/fiz-ddb/notebook/KDAI-Experiments-CodeIE/CodeIE/orchestrator.py", line 303, in run_experiment_task
    metrics = run_experiment(
              ^^^^^^^^^^^^^^^
2026-02-12 08:58:19,357 - INFO - ============================================================
  File "/home/ann/fiz-ddb/notebook/KDAI-Experiments-CodeIE/CodeIE/run_codeie_experiments.py", line 834, in run_experiment
    ds_test = load_from_disk(test_path)
              ^^^^^^^^^^^^^^^^^^^^^^^^^
  File "/home/ann/anaconda3/envs/CodeIE/lib/python3.12/site-packages/datasets/load.py", line 1562, in load_from_disk
    raise FileNotFoundError(f"Directory {dataset_path} not found")
FileNotFoundError: Directory /home/ann/fiz-ddb/notebook/KDAI-Experiments-CodeIE/few-nerd_test not found
2026-02-12 08:58:19,357 - INFO - CodeIE NER Experiment (Enhanced with Entity Schema)
2026-02-12 08:58:19,357 - INFO - ============================================================
2026-02-12 08:58:19,357 - INFO - Granularity: coarse
2026-02-12 08:58:19,357 - INFO - Style: nl
2026-02-12 08:58:19,357 - INFO - Variation: backtrans_sp
2026-02-12 08:58:19,357 - INFO - Model: qwen2.5:7b
2026-02-12 08:58:19,357 - INFO - ============================================================
2026-02-12 08:58:19,357 - INFO - Using ChatOllama (Chat API) for qwen2.5:7b with timeout=180s
2026-02-12 08:58:19,357 - INFO - Discovered variations: ['default', 'sentence_reordering', 'backtrans_tu', 'backtrans_ch', 'reodering', 'lexical_substitution', 'backtrans_sp']
2026-02-12 08:58:19,357 - INFO - Entity types (8): ['art', 'building', 'event', 'location', 'organization', 'other', 'person', 'product']
2026-02-12 08:58:19,357 - INFO - Loading test data from: /home/ann/fiz-ddb/notebook/KDAI-Experiments-CodeIE/few-nerd_test
2026-02-12 08:58:19,357 - ERROR - Failed: qwen2.5_coarse_nl_sentence_reordering - Directory /home/ann/fiz-ddb/notebook/KDAI-Experiments-CodeIE/few-nerd_test not found
2026-02-12 08:58:19,357 - ERROR - Failed: qwen2.5-coder_coarse_nl_reodering - Directory /home/ann/fiz-ddb/notebook/KDAI-Experiments-CodeIE/few-nerd_test not found
Traceback (most recent call last):
2026-02-12 08:58:19,357 - WARNING - 3 consecutive failures detected. Triggering Ollama recovery...
  File "/home/ann/fiz-ddb/notebook/KDAI-Experiments-CodeIE/CodeIE/orchestrator.py", line 303, in run_experiment_task
    metrics = run_experiment(
              ^^^^^^^^^^^^^^^
  File "/home/ann/fiz-ddb/notebook/KDAI-Experiments-CodeIE/CodeIE/run_codeie_experiments.py", line 834, in run_experiment
    ds_test = load_from_disk(test_path)
              ^^^^^^^^^^^^^^^^^^^^^^^^^
  File "/home/ann/anaconda3/envs/CodeIE/lib/python3.12/site-packages/datasets/load.py", line 1562, in load_from_disk
    raise FileNotFoundError(f"Directory {dataset_path} not found")
FileNotFoundError: Directory /home/ann/fiz-ddb/notebook/KDAI-Experiments-CodeIE/few-nerd_test not found
2026-02-12 08:58:19,359 - INFO - ============================================================
2026-02-12 08:58:19,359 - INFO - CodeIE NER Experiment (Enhanced with Entity Schema)
2026-02-12 08:58:19,359 - INFO - ============================================================
2026-02-12 08:58:19,359 - INFO - Granularity: coarse
2026-02-12 08:58:19,359 - INFO - Style: nl
2026-02-12 08:58:19,359 - INFO - Variation: backtrans_sp
2026-02-12 08:58:19,359 - INFO - Model: qwen2.5-coder:7b
2026-02-12 08:58:19,359 - INFO - ============================================================
2026-02-12 08:58:19,359 - INFO - Using ChatOllama (Chat API) for qwen2.5-coder:7b with timeout=180s
2026-02-12 08:58:19,360 - INFO - ============================================================
2026-02-12 08:58:19,360 - INFO - CodeIE NER Experiment (Enhanced with Entity Schema)
2026-02-12 08:58:19,360 - INFO - ============================================================
2026-02-12 08:58:19,360 - INFO - Granularity: coarse
2026-02-12 08:58:19,360 - INFO - ============================================================
2026-02-12 08:58:19,360 - INFO - Style: nl
2026-02-12 08:58:19,360 - ERROR - Failed: qwen2.5-coder_coarse_nl_backtrans_ch - Directory /home/ann/fiz-ddb/notebook/KDAI-Experiments-CodeIE/few-nerd_test not found
2026-02-12 08:58:19,360 - INFO - Variation: backtrans_tu
2026-02-12 08:58:19,360 - INFO - CodeIE NER Experiment (Enhanced with Entity Schema)
2026-02-12 08:58:19,360 - INFO - Model: qwen2.5-coder:7b
2026-02-12 08:58:19,360 - INFO - ============================================================
2026-02-12 08:58:19,360 - INFO - ============================================================
2026-02-12 08:58:19,360 - ERROR - Failed: qwen2.5-coder_coarse_nl_sentence_reordering - Directory /home/ann/fiz-ddb/notebook/KDAI-Experiments-CodeIE/few-nerd_test not found
2026-02-12 08:58:19,360 - INFO - Granularity: coarse
2026-02-12 08:58:19,360 - INFO - Style: nl
2026-02-12 08:58:19,360 - ERROR - Failed: qwen2.5_coarse_nl_backtrans_ch - Directory /home/ann/fiz-ddb/notebook/KDAI-Experiments-CodeIE/few-nerd_test not found
2026-02-12 08:58:19,360 - INFO - Variation: backtrans_tu
2026-02-12 08:58:19,360 - WARNING - 3 consecutive failures detected. Triggering Ollama recovery...
2026-02-12 08:58:19,360 - INFO - Model: qwen2.5:7b
2026-02-12 08:58:19,360 - INFO - Using ChatOllama (Chat API) for qwen2.5-coder:7b with timeout=180s
2026-02-12 08:58:19,360 - INFO - ============================================================
2026-02-12 08:58:19,360 - INFO - Using ChatOllama (Chat API) for qwen2.5:7b with timeout=180s
2026-02-12 08:58:19,360 - INFO - ============================================================
2026-02-12 08:58:19,360 - INFO - CodeIE NER Experiment (Enhanced with Entity Schema)
2026-02-12 08:58:19,360 - INFO - ============================================================
2026-02-12 08:58:19,360 - INFO - Granularity: fine
2026-02-12 08:58:19,361 - INFO - Style: pl
2026-02-12 08:58:19,361 - INFO - Variation: v0_original
2026-02-12 08:58:19,361 - INFO - Model: qwen2.5:7b
2026-02-12 08:58:19,361 - INFO - ============================================================
2026-02-12 08:58:19,361 - INFO - Using ChatOllama (Chat API) for qwen2.5:7b with timeout=180s
2026-02-12 08:58:19,361 - INFO - ============================================================
2026-02-12 08:58:19,361 - INFO - CodeIE NER Experiment (Enhanced with Entity Schema)
2026-02-12 08:58:19,361 - INFO - ============================================================
2026-02-12 08:58:19,361 - INFO - Granularity: fine
2026-02-12 08:58:19,361 - INFO - Style: pl
2026-02-12 08:58:19,361 - INFO - Variation: v0_original
2026-02-12 08:58:19,361 - INFO - Model: qwen2.5-coder:7b
2026-02-12 08:58:19,361 - INFO - ============================================================
2026-02-12 08:58:19,361 - INFO - Using ChatOllama (Chat API) for qwen2.5-coder:7b with timeout=180s
2026-02-12 08:58:19,402 - INFO - Discovered variations: ['default', 'sentence_reordering', 'backtrans_tu', 'backtrans_ch', 'reodering', 'lexical_substitution', 'backtrans_sp']
2026-02-12 08:58:19,402 - INFO - Entity types (8): ['art', 'building', 'event', 'location', 'organization', 'other', 'person', 'product']
2026-02-12 08:58:19,402 - INFO - Loading test data from: /home/ann/fiz-ddb/notebook/KDAI-Experiments-CodeIE/few-nerd_test
Traceback (most recent call last):
  File "/home/ann/fiz-ddb/notebook/KDAI-Experiments-CodeIE/CodeIE/orchestrator.py", line 303, in run_experiment_task
    metrics = run_experiment(
              ^^^^^^^^^^^^^^^
  File "/home/ann/fiz-ddb/notebook/KDAI-Experiments-CodeIE/CodeIE/run_codeie_experiments.py", line 834, in run_experiment
    ds_test = load_from_disk(test_path)
              ^^^^^^^^^^^^^^^^^^^^^^^^^
  File "/home/ann/anaconda3/envs/CodeIE/lib/python3.12/site-packages/datasets/load.py", line 1562, in load_from_disk
    raise FileNotFoundError(f"Directory {dataset_path} not found")
FileNotFoundError: Directory /home/ann/fiz-ddb/notebook/KDAI-Experiments-CodeIE/few-nerd_test not found
2026-02-12 08:58:19,404 - ERROR - Failed: qwen2.5_coarse_nl_backtrans_sp - Directory /home/ann/fiz-ddb/notebook/KDAI-Experiments-CodeIE/few-nerd_test not found
2026-02-12 08:58:19,404 - INFO - Discovered variations: ['default', 'sentence_reordering', 'backtrans_tu', 'backtrans_ch', 'reodering', 'lexical_substitution', 'backtrans_sp']
2026-02-12 08:58:19,404 - INFO - Entity types (8): ['art', 'building', 'event', 'location', 'organization', 'other', 'person', 'product']
2026-02-12 08:58:19,404 - INFO - Loading test data from: /home/ann/fiz-ddb/notebook/KDAI-Experiments-CodeIE/few-nerd_test
Traceback (most recent call last):
  File "/home/ann/fiz-ddb/notebook/KDAI-Experiments-CodeIE/CodeIE/orchestrator.py", line 303, in run_experiment_task
    metrics = run_experiment(
              ^^^^^^^^^^^^^^^
  File "/home/ann/fiz-ddb/notebook/KDAI-Experiments-CodeIE/CodeIE/run_codeie_experiments.py", line 834, in run_experiment
    ds_test = load_from_disk(test_path)
              ^^^^^^^^^^^^^^^^^^^^^^^^^
  File "/home/ann/anaconda3/envs/CodeIE/lib/python3.12/site-packages/datasets/load.py", line 1562, in load_from_disk
    raise FileNotFoundError(f"Directory {dataset_path} not found")
FileNotFoundError: Directory /home/ann/fiz-ddb/notebook/KDAI-Experiments-CodeIE/few-nerd_test not found
2026-02-12 08:58:19,405 - INFO - ============================================================
2026-02-12 08:58:19,405 - INFO - CodeIE NER Experiment (Enhanced with Entity Schema)
2026-02-12 08:58:19,405 - INFO - ============================================================
2026-02-12 08:58:19,405 - INFO - Granularity: fine
2026-02-12 08:58:19,405 - INFO - Style: pl
2026-02-12 08:58:19,405 - INFO - Variation: lexical_substitution
2026-02-12 08:58:19,405 - INFO - Model: qwen2.5:7b
2026-02-12 08:58:19,405 - INFO - ============================================================
2026-02-12 08:58:19,405 - INFO - Using ChatOllama (Chat API) for qwen2.5:7b with timeout=180s
2026-02-12 08:58:19,405 - INFO - Discovered variations: ['default', 'sentence_reordering', 'backtrans_tu', 'backtrans_ch', 'reodering', 'lexical_substitution', 'backtrans_sp']
2026-02-12 08:58:19,405 - INFO - Entity types (8): ['art', 'building', 'event', 'location', 'organization', 'other', 'person', 'product']
2026-02-12 08:58:19,405 - INFO - Loading test data from: /home/ann/fiz-ddb/notebook/KDAI-Experiments-CodeIE/few-nerd_test
Traceback (most recent call last):
  File "/home/ann/fiz-ddb/notebook/KDAI-Experiments-CodeIE/CodeIE/orchestrator.py", line 303, in run_experiment_task
    metrics = run_experiment(
              ^^^^^^^^^^^^^^^
  File "/home/ann/fiz-ddb/notebook/KDAI-Experiments-CodeIE/CodeIE/run_codeie_experiments.py", line 834, in run_experiment
    ds_test = load_from_disk(test_path)
              ^^^^^^^^^^^^^^^^^^^^^^^^^
  File "/home/ann/anaconda3/envs/CodeIE/lib/python3.12/site-packages/datasets/load.py", line 1562, in load_from_disk
    raise FileNotFoundError(f"Directory {dataset_path} not found")
FileNotFoundError: Directory /home/ann/fiz-ddb/notebook/KDAI-Experiments-CodeIE/few-nerd_test not found
2026-02-12 08:58:19,406 - ERROR - Failed: qwen2.5-coder_coarse_nl_backtrans_sp - Directory /home/ann/fiz-ddb/notebook/KDAI-Experiments-CodeIE/few-nerd_test not found
2026-02-12 08:58:19,406 - INFO - Discovered variations: ['default', 'sentence_reordering', 'backtrans_tu', 'backtrans_ch', 'reodering', 'lexical_substitution', 'backtrans_sp']
2026-02-12 08:58:19,406 - INFO - Entity types (8): ['art', 'building', 'event', 'location', 'organization', 'other', 'person', 'product']
2026-02-12 08:58:19,406 - INFO - Loading test data from: /home/ann/fiz-ddb/notebook/KDAI-Experiments-CodeIE/few-nerd_test
Traceback (most recent call last):
  File "/home/ann/fiz-ddb/notebook/KDAI-Experiments-CodeIE/CodeIE/orchestrator.py", line 303, in run_experiment_task
    metrics = run_experiment(
              ^^^^^^^^^^^^^^^
  File "/home/ann/fiz-ddb/notebook/KDAI-Experiments-CodeIE/CodeIE/run_codeie_experiments.py", line 834, in run_experiment
    ds_test = load_from_disk(test_path)
              ^^^^^^^^^^^^^^^^^^^^^^^^^
  File "/home/ann/anaconda3/envs/CodeIE/lib/python3.12/site-packages/datasets/load.py", line 1562, in load_from_disk
    raise FileNotFoundError(f"Directory {dataset_path} not found")
FileNotFoundError: Directory /home/ann/fiz-ddb/notebook/KDAI-Experiments-CodeIE/few-nerd_test not found
2026-02-12 08:58:19,407 - ERROR - Failed: qwen2.5-coder_coarse_nl_backtrans_tu - Directory /home/ann/fiz-ddb/notebook/KDAI-Experiments-CodeIE/few-nerd_test not found
2026-02-12 08:58:19,407 - WARNING - 3 consecutive failures detected. Triggering Ollama recovery...
2026-02-12 08:58:19,407 - INFO - ============================================================
2026-02-12 08:58:19,407 - INFO - CodeIE NER Experiment (Enhanced with Entity Schema)
2026-02-12 08:58:19,407 - INFO - ============================================================
2026-02-12 08:58:19,407 - INFO - Granularity: fine
2026-02-12 08:58:19,407 - INFO - Style: pl
2026-02-12 08:58:19,407 - INFO - Variation: lexical_substitution
2026-02-12 08:58:19,407 - INFO - Model: qwen2.5-coder:7b
2026-02-12 08:58:19,407 - INFO - ============================================================
2026-02-12 08:58:19,407 - INFO - Discovered variations: ['default', 'sentence_reordering', 'backtrans_tu', 'backtrans_ch', 'reodering', 'lexical_substitution', 'backtrans_sp']
2026-02-12 08:58:19,407 - INFO - Using ChatOllama (Chat API) for qwen2.5-coder:7b with timeout=180s
2026-02-12 08:58:19,407 - INFO - Entity types (66): ['art-broadcastprogram', 'art-film', 'art-music', 'art-other', 'art-painting', 'art-writtenart', 'building-airport', 'building-hospital', 'building-hotel', 'building-library', 'building-other', 'building-restaurant', 'building-sportsfacility', 'building-theater', 'event-attack/battle/war/militaryconflict', 'event-disaster', 'event-election', 'event-other', 'event-protest', 'event-sportsevent', 'location-GPE', 'location-bodiesofwater', 'location-island', 'location-mountain', 'location-other', 'location-park', 'location-road/railway/highway/transit', 'organization-company', 'organization-education', 'organization-government/governmentagency', 'organization-media/newspaper', 'organization-other', 'organization-politicalparty', 'organization-religion', 'organization-showorganization', 'organization-sportsleague', 'organization-sportsteam', 'other-astronomything', 'other-award', 'other-biologything', 'other-chemicalthing', 'other-currency', 'other-disease', 'other-educationaldegree', 'other-god', 'other-language', 'other-law', 'other-livingthing', 'other-medical', 'person-actor', 'person-artist/author', 'person-athlete', 'person-director', 'person-other', 'person-politician', 'person-scholar', 'person-soldier', 'product-airplane', 'product-car', 'product-food', 'product-game', 'product-other', 'product-ship', 'product-software', 'product-train', 'product-weapon']
2026-02-12 08:58:19,407 - INFO - Loading test data from: /home/ann/fiz-ddb/notebook/KDAI-Experiments-CodeIE/few-nerd_test
Traceback (most recent call last):
  File "/home/ann/fiz-ddb/notebook/KDAI-Experiments-CodeIE/CodeIE/orchestrator.py", line 303, in run_experiment_task
    metrics = run_experiment(
              ^^^^^^^^^^^^^^^
  File "/home/ann/fiz-ddb/notebook/KDAI-Experiments-CodeIE/CodeIE/run_codeie_experiments.py", line 834, in run_experiment
    ds_test = load_from_disk(test_path)
              ^^^^^^^^^^^^^^^^^^^^^^^^^
  File "/home/ann/anaconda3/envs/CodeIE/lib/python3.12/site-packages/datasets/load.py", line 1562, in load_from_disk
    raise FileNotFoundError(f"Directory {dataset_path} not found")
FileNotFoundError: Directory /home/ann/fiz-ddb/notebook/KDAI-Experiments-CodeIE/few-nerd_test not found
2026-02-12 08:58:19,408 - INFO - ============================================================
2026-02-12 08:58:19,408 - INFO - CodeIE NER Experiment (Enhanced with Entity Schema)
2026-02-12 08:58:19,408 - INFO - ============================================================
2026-02-12 08:58:19,408 - INFO - Granularity: fine
2026-02-12 08:58:19,408 - INFO - Style: pl
2026-02-12 08:58:19,408 - INFO - Variation: reodering
2026-02-12 08:58:19,408 - INFO - Model: qwen2.5:7b
2026-02-12 08:58:19,408 - INFO - ============================================================
2026-02-12 08:58:19,408 - INFO - Using ChatOllama (Chat API) for qwen2.5:7b with timeout=180s
2026-02-12 08:58:19,408 - INFO - Discovered variations: ['default', 'sentence_reordering', 'backtrans_tu', 'backtrans_ch', 'reodering', 'lexical_substitution', 'backtrans_sp']
2026-02-12 08:58:19,408 - INFO - Entity types (66): ['art-broadcastprogram', 'art-film', 'art-music', 'art-other', 'art-painting', 'art-writtenart', 'building-airport', 'building-hospital', 'building-hotel', 'building-library', 'building-other', 'building-restaurant', 'building-sportsfacility', 'building-theater', 'event-attack/battle/war/militaryconflict', 'event-disaster', 'event-election', 'event-other', 'event-protest', 'event-sportsevent', 'location-GPE', 'location-bodiesofwater', 'location-island', 'location-mountain', 'location-other', 'location-park', 'location-road/railway/highway/transit', 'organization-company', 'organization-education', 'organization-government/governmentagency', 'organization-media/newspaper', 'organization-other', 'organization-politicalparty', 'organization-religion', 'organization-showorganization', 'organization-sportsleague', 'organization-sportsteam', 'other-astronomything', 'other-award', 'other-biologything', 'other-chemicalthing', 'other-currency', 'other-disease', 'other-educationaldegree', 'other-god', 'other-language', 'other-law', 'other-livingthing', 'other-medical', 'person-actor', 'person-artist/author', 'person-athlete', 'person-director', 'person-other', 'person-politician', 'person-scholar', 'person-soldier', 'product-airplane', 'product-car', 'product-food', 'product-game', 'product-other', 'product-ship', 'product-software', 'product-train', 'product-weapon']
2026-02-12 08:58:19,408 - INFO - Loading test data from: /home/ann/fiz-ddb/notebook/KDAI-Experiments-CodeIE/few-nerd_test
Traceback (most recent call last):
  File "/home/ann/fiz-ddb/notebook/KDAI-Experiments-CodeIE/CodeIE/orchestrator.py", line 303, in run_experiment_task
    metrics = run_experiment(
              ^^^^^^^^^^^^^^^
  File "/home/ann/fiz-ddb/notebook/KDAI-Experiments-CodeIE/CodeIE/run_codeie_experiments.py", line 834, in run_experiment
    ds_test = load_from_disk(test_path)
              ^^^^^^^^^^^^^^^^^^^^^^^^^
  File "/home/ann/anaconda3/envs/CodeIE/lib/python3.12/site-packages/datasets/load.py", line 1562, in load_from_disk
    raise FileNotFoundError(f"Directory {dataset_path} not found")
FileNotFoundError: Directory /home/ann/fiz-ddb/notebook/KDAI-Experiments-CodeIE/few-nerd_test not found
2026-02-12 08:58:19,409 - INFO - ============================================================
2026-02-12 08:58:19,409 - INFO - CodeIE NER Experiment (Enhanced with Entity Schema)
2026-02-12 08:58:19,409 - INFO - ============================================================
2026-02-12 08:58:19,409 - INFO - Granularity: fine
2026-02-12 08:58:19,409 - INFO - Style: pl
2026-02-12 08:58:19,409 - INFO - Variation: reodering
2026-02-12 08:58:19,409 - INFO - Model: qwen2.5-coder:7b
2026-02-12 08:58:19,409 - INFO - ============================================================
2026-02-12 08:58:19,409 - INFO - Using ChatOllama (Chat API) for qwen2.5-coder:7b with timeout=180s
2026-02-12 08:58:19,410 - ERROR - Failed: qwen2.5_coarse_nl_backtrans_tu - Directory /home/ann/fiz-ddb/notebook/KDAI-Experiments-CodeIE/few-nerd_test not found
2026-02-12 08:58:19,410 - ERROR - Failed: qwen2.5_fine_pl_base - Directory /home/ann/fiz-ddb/notebook/KDAI-Experiments-CodeIE/few-nerd_test not found
2026-02-12 08:58:19,410 - ERROR - Failed: qwen2.5-coder_fine_pl_base - Directory /home/ann/fiz-ddb/notebook/KDAI-Experiments-CodeIE/few-nerd_test not found
2026-02-12 08:58:19,410 - WARNING - 3 consecutive failures detected. Triggering Ollama recovery...
2026-02-12 08:58:19,410 - INFO - ============================================================
2026-02-12 08:58:19,410 - INFO - CodeIE NER Experiment (Enhanced with Entity Schema)
2026-02-12 08:58:19,410 - INFO - ============================================================
2026-02-12 08:58:19,410 - INFO - Granularity: fine
2026-02-12 08:58:19,410 - INFO - Style: pl
2026-02-12 08:58:19,410 - INFO - Variation: sentence_reordering
2026-02-12 08:58:19,410 - INFO - Model: qwen2.5:7b
2026-02-12 08:58:19,410 - INFO - ============================================================
2026-02-12 08:58:19,411 - INFO - Using ChatOllama (Chat API) for qwen2.5:7b with timeout=180s
2026-02-12 08:58:19,411 - INFO - ============================================================
2026-02-12 08:58:19,411 - INFO - CodeIE NER Experiment (Enhanced with Entity Schema)
2026-02-12 08:58:19,411 - INFO - ============================================================
2026-02-12 08:58:19,411 - INFO - Granularity: fine
2026-02-12 08:58:19,411 - INFO - Style: pl
2026-02-12 08:58:19,411 - INFO - Variation: sentence_reordering
2026-02-12 08:58:19,411 - INFO - Model: qwen2.5-coder:7b
2026-02-12 08:58:19,411 - INFO - ============================================================
2026-02-12 08:58:19,411 - INFO - Using ChatOllama (Chat API) for qwen2.5-coder:7b with timeout=180s
2026-02-12 08:58:19,452 - INFO - Discovered variations: ['default', 'sentence_reordering', 'backtrans_tu', 'backtrans_ch', 'reodering', 'lexical_substitution', 'backtrans_sp']
2026-02-12 08:58:19,452 - INFO - Entity types (66): ['art-broadcastprogram', 'art-film', 'art-music', 'art-other', 'art-painting', 'art-writtenart', 'building-airport', 'building-hospital', 'building-hotel', 'building-library', 'building-other', 'building-restaurant', 'building-sportsfacility', 'building-theater', 'event-attack/battle/war/militaryconflict', 'event-disaster', 'event-election', 'event-other', 'event-protest', 'event-sportsevent', 'location-GPE', 'location-bodiesofwater', 'location-island', 'location-mountain', 'location-other', 'location-park', 'location-road/railway/highway/transit', 'organization-company', 'organization-education', 'organization-government/governmentagency', 'organization-media/newspaper', 'organization-other', 'organization-politicalparty', 'organization-religion', 'organization-showorganization', 'organization-sportsleague', 'organization-sportsteam', 'other-astronomything', 'other-award', 'other-biologything', 'other-chemicalthing', 'other-currency', 'other-disease', 'other-educationaldegree', 'other-god', 'other-language', 'other-law', 'other-livingthing', 'other-medical', 'person-actor', 'person-artist/author', 'person-athlete', 'person-director', 'person-other', 'person-politician', 'person-scholar', 'person-soldier', 'product-airplane', 'product-car', 'product-food', 'product-game', 'product-other', 'product-ship', 'product-software', 'product-train', 'product-weapon']
2026-02-12 08:58:19,452 - INFO - Loading test data from: /home/ann/fiz-ddb/notebook/KDAI-Experiments-CodeIE/few-nerd_test
Traceback (most recent call last):
  File "/home/ann/fiz-ddb/notebook/KDAI-Experiments-CodeIE/CodeIE/orchestrator.py", line 303, in run_experiment_task
    metrics = run_experiment(
              ^^^^^^^^^^^^^^^
  File "/home/ann/fiz-ddb/notebook/KDAI-Experiments-CodeIE/CodeIE/run_codeie_experiments.py", line 834, in run_experiment
    ds_test = load_from_disk(test_path)
              ^^^^^^^^^^^^^^^^^^^^^^^^^
  File "/home/ann/anaconda3/envs/CodeIE/lib/python3.12/site-packages/datasets/load.py", line 1562, in load_from_disk
    raise FileNotFoundError(f"Directory {dataset_path} not found")
FileNotFoundError: Directory /home/ann/fiz-ddb/notebook/KDAI-Experiments-CodeIE/few-nerd_test not found
2026-02-12 08:58:19,452 - INFO - Discovered variations: ['default', 'sentence_reordering', 'backtrans_tu', 'backtrans_ch', 'reodering', 'lexical_substitution', 'backtrans_sp']
2026-02-12 08:58:19,453 - INFO - Entity types (66): ['art-broadcastprogram', 'art-film', 'art-music', 'art-other', 'art-painting', 'art-writtenart', 'building-airport', 'building-hospital', 'building-hotel', 'building-library', 'building-other', 'building-restaurant', 'building-sportsfacility', 'building-theater', 'event-attack/battle/war/militaryconflict', 'event-disaster', 'event-election', 'event-other', 'event-protest', 'event-sportsevent', 'location-GPE', 'location-bodiesofwater', 'location-island', 'location-mountain', 'location-other', 'location-park', 'location-road/railway/highway/transit', 'organization-company', 'organization-education', 'organization-government/governmentagency', 'organization-media/newspaper', 'organization-other', 'organization-politicalparty', 'organization-religion', 'organization-showorganization', 'organization-sportsleague', 'organization-sportsteam', 'other-astronomything', 'other-award', 'other-biologything', 'other-chemicalthing', 'other-currency', 'other-disease', 'other-educationaldegree', 'other-god', 'other-language', 'other-law', 'other-livingthing', 'other-medical', 'person-actor', 'person-artist/author', 'person-athlete', 'person-director', 'person-other', 'person-politician', 'person-scholar', 'person-soldier', 'product-airplane', 'product-car', 'product-food', 'product-game', 'product-other', 'product-ship', 'product-software', 'product-train', 'product-weapon']
2026-02-12 08:58:19,453 - INFO - Loading test data from: /home/ann/fiz-ddb/notebook/KDAI-Experiments-CodeIE/few-nerd_test
Traceback (most recent call last):
  File "/home/ann/fiz-ddb/notebook/KDAI-Experiments-CodeIE/CodeIE/orchestrator.py", line 303, in run_experiment_task
    metrics = run_experiment(
              ^^^^^^^^^^^^^^^
  File "/home/ann/fiz-ddb/notebook/KDAI-Experiments-CodeIE/CodeIE/run_codeie_experiments.py", line 834, in run_experiment
    ds_test = load_from_disk(test_path)
              ^^^^^^^^^^^^^^^^^^^^^^^^^
  File "/home/ann/anaconda3/envs/CodeIE/lib/python3.12/site-packages/datasets/load.py", line 1562, in load_from_disk
    raise FileNotFoundError(f"Directory {dataset_path} not found")
FileNotFoundError: Directory /home/ann/fiz-ddb/notebook/KDAI-Experiments-CodeIE/few-nerd_test not found
2026-02-12 08:58:19,453 - INFO - Discovered variations: ['default', 'sentence_reordering', 'backtrans_tu', 'backtrans_ch', 'reodering', 'lexical_substitution', 'backtrans_sp']
2026-02-12 08:58:19,453 - INFO - Entity types (66): ['art-broadcastprogram', 'art-film', 'art-music', 'art-other', 'art-painting', 'art-writtenart', 'building-airport', 'building-hospital', 'building-hotel', 'building-library', 'building-other', 'building-restaurant', 'building-sportsfacility', 'building-theater', 'event-attack/battle/war/militaryconflict', 'event-disaster', 'event-election', 'event-other', 'event-protest', 'event-sportsevent', 'location-GPE', 'location-bodiesofwater', 'location-island', 'location-mountain', 'location-other', 'location-park', 'location-road/railway/highway/transit', 'organization-company', 'organization-education', 'organization-government/governmentagency', 'organization-media/newspaper', 'organization-other', 'organization-politicalparty', 'organization-religion', 'organization-showorganization', 'organization-sportsleague', 'organization-sportsteam', 'other-astronomything', 'other-award', 'other-biologything', 'other-chemicalthing', 'other-currency', 'other-disease', 'other-educationaldegree', 'other-god', 'other-language', 'other-law', 'other-livingthing', 'other-medical', 'person-actor', 'person-artist/author', 'person-athlete', 'person-director', 'person-other', 'person-politician', 'person-scholar', 'person-soldier', 'product-airplane', 'product-car', 'product-food', 'product-game', 'product-other', 'product-ship', 'product-software', 'product-train', 'product-weapon']
2026-02-12 08:58:19,453 - INFO - Loading test data from: /home/ann/fiz-ddb/notebook/KDAI-Experiments-CodeIE/few-nerd_test
Traceback (most recent call last):
  File "/home/ann/fiz-ddb/notebook/KDAI-Experiments-CodeIE/CodeIE/orchestrator.py", line 303, in run_experiment_task
    metrics = run_experiment(
              ^^^^^^^^^^^^^^^
  File "/home/ann/fiz-ddb/notebook/KDAI-Experiments-CodeIE/CodeIE/run_codeie_experiments.py", line 834, in run_experiment
    ds_test = load_from_disk(test_path)
              ^^^^^^^^^^^^^^^^^^^^^^^^^
  File "/home/ann/anaconda3/envs/CodeIE/lib/python3.12/site-packages/datasets/load.py", line 1562, in load_from_disk
    raise FileNotFoundError(f"Directory {dataset_path} not found")
FileNotFoundError: Directory /home/ann/fiz-ddb/notebook/KDAI-Experiments-CodeIE/few-nerd_test not found
2026-02-12 08:58:19,454 - ERROR - Failed: qwen2.5_fine_pl_lexical_substitution - Directory /home/ann/fiz-ddb/notebook/KDAI-Experiments-CodeIE/few-nerd_test not found
2026-02-12 08:58:19,454 - INFO - Discovered variations: ['default', 'sentence_reordering', 'backtrans_tu', 'backtrans_ch', 'reodering', 'lexical_substitution', 'backtrans_sp']
2026-02-12 08:58:19,454 - INFO - Entity types (66): ['art-broadcastprogram', 'art-film', 'art-music', 'art-other', 'art-painting', 'art-writtenart', 'building-airport', 'building-hospital', 'building-hotel', 'building-library', 'building-other', 'building-restaurant', 'building-sportsfacility', 'building-theater', 'event-attack/battle/war/militaryconflict', 'event-disaster', 'event-election', 'event-other', 'event-protest', 'event-sportsevent', 'location-GPE', 'location-bodiesofwater', 'location-island', 'location-mountain', 'location-other', 'location-park', 'location-road/railway/highway/transit', 'organization-company', 'organization-education', 'organization-government/governmentagency', 'organization-media/newspaper', 'organization-other', 'organization-politicalparty', 'organization-religion', 'organization-showorganization', 'organization-sportsleague', 'organization-sportsteam', 'other-astronomything', 'other-award', 'other-biologything', 'other-chemicalthing', 'other-currency', 'other-disease', 'other-educationaldegree', 'other-god', 'other-language', 'other-law', 'other-livingthing', 'other-medical', 'person-actor', 'person-artist/author', 'person-athlete', 'person-director', 'person-other', 'person-politician', 'person-scholar', 'person-soldier', 'product-airplane', 'product-car', 'product-food', 'product-game', 'product-other', 'product-ship', 'product-software', 'product-train', 'product-weapon']
2026-02-12 08:58:19,454 - INFO - Loading test data from: /home/ann/fiz-ddb/notebook/KDAI-Experiments-CodeIE/few-nerd_test
Traceback (most recent call last):
  File "/home/ann/fiz-ddb/notebook/KDAI-Experiments-CodeIE/CodeIE/orchestrator.py", line 303, in run_experiment_task
    metrics = run_experiment(
              ^^^^^^^^^^^^^^^
  File "/home/ann/fiz-ddb/notebook/KDAI-Experiments-CodeIE/CodeIE/run_codeie_experiments.py", line 834, in run_experiment
    ds_test = load_from_disk(test_path)
              ^^^^^^^^^^^^^^^^^^^^^^^^^
  File "/home/ann/anaconda3/envs/CodeIE/lib/python3.12/site-packages/datasets/load.py", line 1562, in load_from_disk
    raise FileNotFoundError(f"Directory {dataset_path} not found")
FileNotFoundError: Directory /home/ann/fiz-ddb/notebook/KDAI-Experiments-CodeIE/few-nerd_test not found
2026-02-12 08:58:19,454 - ERROR - Failed: qwen2.5-coder_fine_pl_lexical_substitution - Directory /home/ann/fiz-ddb/notebook/KDAI-Experiments-CodeIE/few-nerd_test not found
2026-02-12 08:58:19,455 - ERROR - Failed: qwen2.5_fine_pl_reodering - Directory /home/ann/fiz-ddb/notebook/KDAI-Experiments-CodeIE/few-nerd_test not found
2026-02-12 08:58:19,455 - WARNING - 3 consecutive failures detected. Triggering Ollama recovery...
2026-02-12 08:58:19,455 - INFO - ============================================================
2026-02-12 08:58:19,455 - INFO - CodeIE NER Experiment (Enhanced with Entity Schema)
2026-02-12 08:58:19,455 - INFO - ============================================================
2026-02-12 08:58:19,455 - INFO - Granularity: fine
2026-02-12 08:58:19,455 - INFO - Style: pl
2026-02-12 08:58:19,455 - INFO - Variation: backtrans_ch
2026-02-12 08:58:19,455 - INFO - Model: qwen2.5:7b
2026-02-12 08:58:19,455 - INFO - ============================================================
2026-02-12 08:58:19,455 - INFO - Using ChatOllama (Chat API) for qwen2.5:7b with timeout=180s
2026-02-12 08:58:19,456 - INFO - Discovered variations: ['default', 'sentence_reordering', 'backtrans_tu', 'backtrans_ch', 'reodering', 'lexical_substitution', 'backtrans_sp']
2026-02-12 08:58:19,456 - INFO - Entity types (66): ['art-broadcastprogram', 'art-film', 'art-music', 'art-other', 'art-painting', 'art-writtenart', 'building-airport', 'building-hospital', 'building-hotel', 'building-library', 'building-other', 'building-restaurant', 'building-sportsfacility', 'building-theater', 'event-attack/battle/war/militaryconflict', 'event-disaster', 'event-election', 'event-other', 'event-protest', 'event-sportsevent', 'location-GPE', 'location-bodiesofwater', 'location-island', 'location-mountain', 'location-other', 'location-park', 'location-road/railway/highway/transit', 'organization-company', 'organization-education', 'organization-government/governmentagency', 'organization-media/newspaper', 'organization-other', 'organization-politicalparty', 'organization-religion', 'organization-showorganization', 'organization-sportsleague', 'organization-sportsteam', 'other-astronomything', 'other-award', 'other-biologything', 'other-chemicalthing', 'other-currency', 'other-disease', 'other-educationaldegree', 'other-god', 'other-language', 'other-law', 'other-livingthing', 'other-medical', 'person-actor', 'person-artist/author', 'person-athlete', 'person-director', 'person-other', 'person-politician', 'person-scholar', 'person-soldier', 'product-airplane', 'product-car', 'product-food', 'product-game', 'product-other', 'product-ship', 'product-software', 'product-train', 'product-weapon']
2026-02-12 08:58:19,456 - INFO - Loading test data from: /home/ann/fiz-ddb/notebook/KDAI-Experiments-CodeIE/few-nerd_test
2026-02-12 08:58:19,456 - INFO - ============================================================
2026-02-12 08:58:19,457 - INFO - CodeIE NER Experiment (Enhanced with Entity Schema)
2026-02-12 08:58:19,457 - INFO - ============================================================
2026-02-12 08:58:19,457 - INFO - Granularity: fine
Traceback (most recent call last):
2026-02-12 08:58:19,457 - INFO - Style: pl
2026-02-12 08:58:19,457 - INFO - Variation: backtrans_ch
2026-02-12 08:58:19,457 - INFO - Model: qwen2.5-coder:7b
2026-02-12 08:58:19,457 - INFO - ============================================================
  File "/home/ann/fiz-ddb/notebook/KDAI-Experiments-CodeIE/CodeIE/orchestrator.py", line 303, in run_experiment_task
    metrics = run_experiment(
              ^^^^^^^^^^^^^^^
  File "/home/ann/fiz-ddb/notebook/KDAI-Experiments-CodeIE/CodeIE/run_codeie_experiments.py", line 834, in run_experiment
    ds_test = load_from_disk(test_path)
              ^^^^^^^^^^^^^^^^^^^^^^^^^
  File "/home/ann/anaconda3/envs/CodeIE/lib/python3.12/site-packages/datasets/load.py", line 1562, in load_from_disk
    raise FileNotFoundError(f"Directory {dataset_path} not found")
FileNotFoundError: Directory /home/ann/fiz-ddb/notebook/KDAI-Experiments-CodeIE/few-nerd_test not found
2026-02-12 08:58:19,457 - INFO - Using ChatOllama (Chat API) for qwen2.5-coder:7b with timeout=180s
2026-02-12 08:58:19,457 - INFO - Discovered variations: ['default', 'sentence_reordering', 'backtrans_tu', 'backtrans_ch', 'reodering', 'lexical_substitution', 'backtrans_sp']
2026-02-12 08:58:19,457 - INFO - ============================================================
2026-02-12 08:58:19,457 - INFO - Entity types (66): ['art-broadcastprogram', 'art-film', 'art-music', 'art-other', 'art-painting', 'art-writtenart', 'building-airport', 'building-hospital', 'building-hotel', 'building-library', 'building-other', 'building-restaurant', 'building-sportsfacility', 'building-theater', 'event-attack/battle/war/militaryconflict', 'event-disaster', 'event-election', 'event-other', 'event-protest', 'event-sportsevent', 'location-GPE', 'location-bodiesofwater', 'location-island', 'location-mountain', 'location-other', 'location-park', 'location-road/railway/highway/transit', 'organization-company', 'organization-education', 'organization-government/governmentagency', 'organization-media/newspaper', 'organization-other', 'organization-politicalparty', 'organization-religion', 'organization-showorganization', 'organization-sportsleague', 'organization-sportsteam', 'other-astronomything', 'other-award', 'other-biologything', 'other-chemicalthing', 'other-currency', 'other-disease', 'other-educationaldegree', 'other-god', 'other-language', 'other-law', 'other-livingthing', 'other-medical', 'person-actor', 'person-artist/author', 'person-athlete', 'person-director', 'person-other', 'person-politician', 'person-scholar', 'person-soldier', 'product-airplane', 'product-car', 'product-food', 'product-game', 'product-other', 'product-ship', 'product-software', 'product-train', 'product-weapon']
2026-02-12 08:58:19,457 - INFO - CodeIE NER Experiment (Enhanced with Entity Schema)
2026-02-12 08:58:19,457 - INFO - ============================================================
2026-02-12 08:58:19,457 - INFO - Loading test data from: /home/ann/fiz-ddb/notebook/KDAI-Experiments-CodeIE/few-nerd_test
2026-02-12 08:58:19,457 - INFO - Granularity: fine
2026-02-12 08:58:19,457 - INFO - Style: pl
2026-02-12 08:58:19,457 - INFO - ============================================================
2026-02-12 08:58:19,457 - INFO - Variation: backtrans_sp
2026-02-12 08:58:19,457 - INFO - CodeIE NER Experiment (Enhanced with Entity Schema)
2026-02-12 08:58:19,457 - INFO - Model: qwen2.5:7b
2026-02-12 08:58:19,457 - INFO - ============================================================
2026-02-12 08:58:19,457 - INFO - ============================================================
2026-02-12 08:58:19,457 - INFO - Granularity: fine
2026-02-12 08:58:19,457 - INFO - Style: pl
2026-02-12 08:58:19,457 - INFO - Variation: backtrans_sp
2026-02-12 08:58:19,457 - INFO - Model: qwen2.5-coder:7b
2026-02-12 08:58:19,457 - INFO - Using ChatOllama (Chat API) for qwen2.5:7b with timeout=180s
2026-02-12 08:58:19,457 - INFO - ============================================================
2026-02-12 08:58:19,457 - INFO - Using ChatOllama (Chat API) for qwen2.5-coder:7b with timeout=180s
Traceback (most recent call last):
  File "/home/ann/fiz-ddb/notebook/KDAI-Experiments-CodeIE/CodeIE/orchestrator.py", line 303, in run_experiment_task
    metrics = run_experiment(
              ^^^^^^^^^^^^^^^
  File "/home/ann/fiz-ddb/notebook/KDAI-Experiments-CodeIE/CodeIE/run_codeie_experiments.py", line 834, in run_experiment
    ds_test = load_from_disk(test_path)
              ^^^^^^^^^^^^^^^^^^^^^^^^^
  File "/home/ann/anaconda3/envs/CodeIE/lib/python3.12/site-packages/datasets/load.py", line 1562, in load_from_disk
    raise FileNotFoundError(f"Directory {dataset_path} not found")
FileNotFoundError: Directory /home/ann/fiz-ddb/notebook/KDAI-Experiments-CodeIE/few-nerd_test not found
2026-02-12 08:58:19,458 - ERROR - Failed: qwen2.5-coder_fine_pl_reodering - Directory /home/ann/fiz-ddb/notebook/KDAI-Experiments-CodeIE/few-nerd_test not found
2026-02-12 08:58:19,458 - ERROR - Failed: qwen2.5_fine_pl_sentence_reordering - Directory /home/ann/fiz-ddb/notebook/KDAI-Experiments-CodeIE/few-nerd_test not found
2026-02-12 08:58:19,459 - INFO - ============================================================
2026-02-12 08:58:19,459 - INFO - CodeIE NER Experiment (Enhanced with Entity Schema)
2026-02-12 08:58:19,459 - INFO - ============================================================
2026-02-12 08:58:19,459 - INFO - Granularity: fine
2026-02-12 08:58:19,459 - INFO - Style: pl
2026-02-12 08:58:19,459 - INFO - Variation: backtrans_tu
2026-02-12 08:58:19,459 - INFO - Model: qwen2.5:7b
2026-02-12 08:58:19,459 - INFO - ============================================================
2026-02-12 08:58:19,459 - INFO - Using ChatOllama (Chat API) for qwen2.5:7b with timeout=180s
2026-02-12 08:58:19,460 - ERROR - Failed: qwen2.5-coder_fine_pl_sentence_reordering - Directory /home/ann/fiz-ddb/notebook/KDAI-Experiments-CodeIE/few-nerd_test not found
2026-02-12 08:58:19,460 - WARNING - 3 consecutive failures detected. Triggering Ollama recovery...
2026-02-12 08:58:19,463 - INFO - ============================================================
2026-02-12 08:58:19,463 - INFO - CodeIE NER Experiment (Enhanced with Entity Schema)
2026-02-12 08:58:19,463 - INFO - ============================================================
2026-02-12 08:58:19,463 - INFO - Granularity: fine
2026-02-12 08:58:19,463 - INFO - Style: pl
2026-02-12 08:58:19,463 - INFO - Variation: backtrans_tu
2026-02-12 08:58:19,463 - INFO - Model: qwen2.5-coder:7b
2026-02-12 08:58:19,463 - INFO - ============================================================
2026-02-12 08:58:19,464 - INFO - Using ChatOllama (Chat API) for qwen2.5-coder:7b with timeout=180s
2026-02-12 08:58:19,500 - INFO - Discovered variations: ['default', 'sentence_reordering', 'backtrans_tu', 'backtrans_ch', 'reodering', 'lexical_substitution', 'backtrans_sp']
2026-02-12 08:58:19,500 - INFO - Entity types (66): ['art-broadcastprogram', 'art-film', 'art-music', 'art-other', 'art-painting', 'art-writtenart', 'building-airport', 'building-hospital', 'building-hotel', 'building-library', 'building-other', 'building-restaurant', 'building-sportsfacility', 'building-theater', 'event-attack/battle/war/militaryconflict', 'event-disaster', 'event-election', 'event-other', 'event-protest', 'event-sportsevent', 'location-GPE', 'location-bodiesofwater', 'location-island', 'location-mountain', 'location-other', 'location-park', 'location-road/railway/highway/transit', 'organization-company', 'organization-education', 'organization-government/governmentagency', 'organization-media/newspaper', 'organization-other', 'organization-politicalparty', 'organization-religion', 'organization-showorganization', 'organization-sportsleague', 'organization-sportsteam', 'other-astronomything', 'other-award', 'other-biologything', 'other-chemicalthing', 'other-currency', 'other-disease', 'other-educationaldegree', 'other-god', 'other-language', 'other-law', 'other-livingthing', 'other-medical', 'person-actor', 'person-artist/author', 'person-athlete', 'person-director', 'person-other', 'person-politician', 'person-scholar', 'person-soldier', 'product-airplane', 'product-car', 'product-food', 'product-game', 'product-other', 'product-ship', 'product-software', 'product-train', 'product-weapon']
2026-02-12 08:58:19,500 - INFO - Loading test data from: /home/ann/fiz-ddb/notebook/KDAI-Experiments-CodeIE/few-nerd_test
Traceback (most recent call last):
  File "/home/ann/fiz-ddb/notebook/KDAI-Experiments-CodeIE/CodeIE/orchestrator.py", line 303, in run_experiment_task
    metrics = run_experiment(
              ^^^^^^^^^^^^^^^
  File "/home/ann/fiz-ddb/notebook/KDAI-Experiments-CodeIE/CodeIE/run_codeie_experiments.py", line 834, in run_experiment
    ds_test = load_from_disk(test_path)
              ^^^^^^^^^^^^^^^^^^^^^^^^^
  File "/home/ann/anaconda3/envs/CodeIE/lib/python3.12/site-packages/datasets/load.py", line 1562, in load_from_disk
    raise FileNotFoundError(f"Directory {dataset_path} not found")
FileNotFoundError: Directory /home/ann/fiz-ddb/notebook/KDAI-Experiments-CodeIE/few-nerd_test not found
2026-02-12 08:58:19,502 - INFO - Discovered variations: ['default', 'sentence_reordering', 'backtrans_tu', 'backtrans_ch', 'reodering', 'lexical_substitution', 'backtrans_sp']
2026-02-12 08:58:19,502 - INFO - Entity types (66): ['art-broadcastprogram', 'art-film', 'art-music', 'art-other', 'art-painting', 'art-writtenart', 'building-airport', 'building-hospital', 'building-hotel', 'building-library', 'building-other', 'building-restaurant', 'building-sportsfacility', 'building-theater', 'event-attack/battle/war/militaryconflict', 'event-disaster', 'event-election', 'event-other', 'event-protest', 'event-sportsevent', 'location-GPE', 'location-bodiesofwater', 'location-island', 'location-mountain', 'location-other', 'location-park', 'location-road/railway/highway/transit', 'organization-company', 'organization-education', 'organization-government/governmentagency', 'organization-media/newspaper', 'organization-other', 'organization-politicalparty', 'organization-religion', 'organization-showorganization', 'organization-sportsleague', 'organization-sportsteam', 'other-astronomything', 'other-award', 'other-biologything', 'other-chemicalthing', 'other-currency', 'other-disease', 'other-educationaldegree', 'other-god', 'other-language', 'other-law', 'other-livingthing', 'other-medical', 'person-actor', 'person-artist/author', 'person-athlete', 'person-director', 'person-other', 'person-politician', 'person-scholar', 'person-soldier', 'product-airplane', 'product-car', 'product-food', 'product-game', 'product-other', 'product-ship', 'product-software', 'product-train', 'product-weapon']
2026-02-12 08:58:19,502 - INFO - Loading test data from: /home/ann/fiz-ddb/notebook/KDAI-Experiments-CodeIE/few-nerd_test
2026-02-12 08:58:19,502 - ERROR - Failed: qwen2.5_fine_pl_backtrans_ch - Directory /home/ann/fiz-ddb/notebook/KDAI-Experiments-CodeIE/few-nerd_test not found
Traceback (most recent call last):
  File "/home/ann/fiz-ddb/notebook/KDAI-Experiments-CodeIE/CodeIE/orchestrator.py", line 303, in run_experiment_task
    metrics = run_experiment(
              ^^^^^^^^^^^^^^^
  File "/home/ann/fiz-ddb/notebook/KDAI-Experiments-CodeIE/CodeIE/run_codeie_experiments.py", line 834, in run_experiment
    ds_test = load_from_disk(test_path)
              ^^^^^^^^^^^^^^^^^^^^^^^^^
  File "/home/ann/anaconda3/envs/CodeIE/lib/python3.12/site-packages/datasets/load.py", line 1562, in load_from_disk
    raise FileNotFoundError(f"Directory {dataset_path} not found")
FileNotFoundError: Directory /home/ann/fiz-ddb/notebook/KDAI-Experiments-CodeIE/few-nerd_test not found
2026-02-12 08:58:19,503 - INFO - ============================================================
2026-02-12 08:58:19,503 - INFO - CodeIE NER Experiment (Enhanced with Entity Schema)
2026-02-12 08:58:19,503 - INFO - ============================================================
2026-02-12 08:58:19,503 - INFO - Granularity: fine
2026-02-12 08:58:19,503 - INFO - Style: nl
2026-02-12 08:58:19,503 - INFO - Discovered variations: ['default', 'sentence_reordering', 'backtrans_tu', 'backtrans_ch', 'reodering', 'lexical_substitution', 'backtrans_sp']
2026-02-12 08:58:19,503 - INFO - Variation: v0_original
2026-02-12 08:58:19,503 - INFO - Model: qwen2.5:7b
2026-02-12 08:58:19,503 - INFO - Entity types (66): ['art-broadcastprogram', 'art-film', 'art-music', 'art-other', 'art-painting', 'art-writtenart', 'building-airport', 'building-hospital', 'building-hotel', 'building-library', 'building-other', 'building-restaurant', 'building-sportsfacility', 'building-theater', 'event-attack/battle/war/militaryconflict', 'event-disaster', 'event-election', 'event-other', 'event-protest', 'event-sportsevent', 'location-GPE', 'location-bodiesofwater', 'location-island', 'location-mountain', 'location-other', 'location-park', 'location-road/railway/highway/transit', 'organization-company', 'organization-education', 'organization-government/governmentagency', 'organization-media/newspaper', 'organization-other', 'organization-politicalparty', 'organization-religion', 'organization-showorganization', 'organization-sportsleague', 'organization-sportsteam', 'other-astronomything', 'other-award', 'other-biologything', 'other-chemicalthing', 'other-currency', 'other-disease', 'other-educationaldegree', 'other-god', 'other-language', 'other-law', 'other-livingthing', 'other-medical', 'person-actor', 'person-artist/author', 'person-athlete', 'person-director', 'person-other', 'person-politician', 'person-scholar', 'person-soldier', 'product-airplane', 'product-car', 'product-food', 'product-game', 'product-other', 'product-ship', 'product-software', 'product-train', 'product-weapon']
2026-02-12 08:58:19,503 - INFO - ============================================================
2026-02-12 08:58:19,503 - INFO - Loading test data from: /home/ann/fiz-ddb/notebook/KDAI-Experiments-CodeIE/few-nerd_test
2026-02-12 08:58:19,503 - INFO - Using ChatOllama (Chat API) for qwen2.5:7b with timeout=180s
Traceback (most recent call last):
2026-02-12 08:58:19,503 - INFO - Discovered variations: ['default', 'sentence_reordering', 'backtrans_tu', 'backtrans_ch', 'reodering', 'lexical_substitution', 'backtrans_sp']
  File "/home/ann/fiz-ddb/notebook/KDAI-Experiments-CodeIE/CodeIE/orchestrator.py", line 303, in run_experiment_task
    metrics = run_experiment(
              ^^^^^^^^^^^^^^^
2026-02-12 08:58:19,503 - INFO - Entity types (66): ['art-broadcastprogram', 'art-film', 'art-music', 'art-other', 'art-painting', 'art-writtenart', 'building-airport', 'building-hospital', 'building-hotel', 'building-library', 'building-other', 'building-restaurant', 'building-sportsfacility', 'building-theater', 'event-attack/battle/war/militaryconflict', 'event-disaster', 'event-election', 'event-other', 'event-protest', 'event-sportsevent', 'location-GPE', 'location-bodiesofwater', 'location-island', 'location-mountain', 'location-other', 'location-park', 'location-road/railway/highway/transit', 'organization-company', 'organization-education', 'organization-government/governmentagency', 'organization-media/newspaper', 'organization-other', 'organization-politicalparty', 'organization-religion', 'organization-showorganization', 'organization-sportsleague', 'organization-sportsteam', 'other-astronomything', 'other-award', 'other-biologything', 'other-chemicalthing', 'other-currency', 'other-disease', 'other-educationaldegree', 'other-god', 'other-language', 'other-law', 'other-livingthing', 'other-medical', 'person-actor', 'person-artist/author', 'person-athlete', 'person-director', 'person-other', 'person-politician', 'person-scholar', 'person-soldier', 'product-airplane', 'product-car', 'product-food', 'product-game', 'product-other', 'product-ship', 'product-software', 'product-train', 'product-weapon']
  File "/home/ann/fiz-ddb/notebook/KDAI-Experiments-CodeIE/CodeIE/run_codeie_experiments.py", line 834, in run_experiment
    ds_test = load_from_disk(test_path)
              ^^^^^^^^^^^^^^^^^^^^^^^^^
  File "/home/ann/anaconda3/envs/CodeIE/lib/python3.12/site-packages/datasets/load.py", line 1562, in load_from_disk
    raise FileNotFoundError(f"Directory {dataset_path} not found")
FileNotFoundError: Directory /home/ann/fiz-ddb/notebook/KDAI-Experiments-CodeIE/few-nerd_test not found
2026-02-12 08:58:19,503 - INFO - Loading test data from: /home/ann/fiz-ddb/notebook/KDAI-Experiments-CodeIE/few-nerd_test
2026-02-12 08:58:19,504 - ERROR - Failed: qwen2.5-coder_fine_pl_backtrans_sp - Directory /home/ann/fiz-ddb/notebook/KDAI-Experiments-CodeIE/few-nerd_test not found
Traceback (most recent call last):
  File "/home/ann/fiz-ddb/notebook/KDAI-Experiments-CodeIE/CodeIE/orchestrator.py", line 303, in run_experiment_task
    metrics = run_experiment(
              ^^^^^^^^^^^^^^^
  File "/home/ann/fiz-ddb/notebook/KDAI-Experiments-CodeIE/CodeIE/run_codeie_experiments.py", line 834, in run_experiment
    ds_test = load_from_disk(test_path)
              ^^^^^^^^^^^^^^^^^^^^^^^^^
  File "/home/ann/anaconda3/envs/CodeIE/lib/python3.12/site-packages/datasets/load.py", line 1562, in load_from_disk
    raise FileNotFoundError(f"Directory {dataset_path} not found")
FileNotFoundError: Directory /home/ann/fiz-ddb/notebook/KDAI-Experiments-CodeIE/few-nerd_test not found
2026-02-12 08:58:19,504 - INFO - ============================================================
2026-02-12 08:58:19,505 - INFO - CodeIE NER Experiment (Enhanced with Entity Schema)
2026-02-12 08:58:19,505 - INFO - ============================================================
2026-02-12 08:58:19,505 - INFO - Granularity: fine
2026-02-12 08:58:19,505 - INFO - Style: nl
2026-02-12 08:58:19,505 - INFO - Variation: v0_original
2026-02-12 08:58:19,505 - INFO - Model: qwen2.5-coder:7b
2026-02-12 08:58:19,505 - INFO - ============================================================
2026-02-12 08:58:19,505 - INFO - Using ChatOllama (Chat API) for qwen2.5-coder:7b with timeout=180s
2026-02-12 08:58:19,505 - ERROR - Failed: qwen2.5-coder_fine_pl_backtrans_ch - Directory /home/ann/fiz-ddb/notebook/KDAI-Experiments-CodeIE/few-nerd_test not found
2026-02-12 08:58:19,505 - WARNING - 3 consecutive failures detected. Triggering Ollama recovery...
2026-02-12 08:58:19,505 - INFO - Discovered variations: ['default', 'sentence_reordering', 'backtrans_tu', 'backtrans_ch', 'reodering', 'lexical_substitution', 'backtrans_sp']
2026-02-12 08:58:19,505 - INFO - Entity types (66): ['art-broadcastprogram', 'art-film', 'art-music', 'art-other', 'art-painting', 'art-writtenart', 'building-airport', 'building-hospital', 'building-hotel', 'building-library', 'building-other', 'building-restaurant', 'building-sportsfacility', 'building-theater', 'event-attack/battle/war/militaryconflict', 'event-disaster', 'event-election', 'event-other', 'event-protest', 'event-sportsevent', 'location-GPE', 'location-bodiesofwater', 'location-island', 'location-mountain', 'location-other', 'location-park', 'location-road/railway/highway/transit', 'organization-company', 'organization-education', 'organization-government/governmentagency', 'organization-media/newspaper', 'organization-other', 'organization-politicalparty', 'organization-religion', 'organization-showorganization', 'organization-sportsleague', 'organization-sportsteam', 'other-astronomything', 'other-award', 'other-biologything', 'other-chemicalthing', 'other-currency', 'other-disease', 'other-educationaldegree', 'other-god', 'other-language', 'other-law', 'other-livingthing', 'other-medical', 'person-actor', 'person-artist/author', 'person-athlete', 'person-director', 'person-other', 'person-politician', 'person-scholar', 'person-soldier', 'product-airplane', 'product-car', 'product-food', 'product-game', 'product-other', 'product-ship', 'product-software', 'product-train', 'product-weapon']
2026-02-12 08:58:19,505 - INFO - Loading test data from: /home/ann/fiz-ddb/notebook/KDAI-Experiments-CodeIE/few-nerd_test
Traceback (most recent call last):
  File "/home/ann/fiz-ddb/notebook/KDAI-Experiments-CodeIE/CodeIE/orchestrator.py", line 303, in run_experiment_task
    metrics = run_experiment(
              ^^^^^^^^^^^^^^^
2026-02-12 08:58:19,506 - INFO - Discovered variations: ['default', 'sentence_reordering', 'backtrans_tu', 'backtrans_ch', 'reodering', 'lexical_substitution', 'backtrans_sp']
  File "/home/ann/fiz-ddb/notebook/KDAI-Experiments-CodeIE/CodeIE/run_codeie_experiments.py", line 834, in run_experiment
    ds_test = load_from_disk(test_path)
              ^^^^^^^^^^^^^^^^^^^^^^^^^
  File "/home/ann/anaconda3/envs/CodeIE/lib/python3.12/site-packages/datasets/load.py", line 1562, in load_from_disk
    raise FileNotFoundError(f"Directory {dataset_path} not found")
FileNotFoundError: Directory /home/ann/fiz-ddb/notebook/KDAI-Experiments-CodeIE/few-nerd_test not found
2026-02-12 08:58:19,506 - INFO - Entity types (66): ['art-broadcastprogram', 'art-film', 'art-music', 'art-other', 'art-painting', 'art-writtenart', 'building-airport', 'building-hospital', 'building-hotel', 'building-library', 'building-other', 'building-restaurant', 'building-sportsfacility', 'building-theater', 'event-attack/battle/war/militaryconflict', 'event-disaster', 'event-election', 'event-other', 'event-protest', 'event-sportsevent', 'location-GPE', 'location-bodiesofwater', 'location-island', 'location-mountain', 'location-other', 'location-park', 'location-road/railway/highway/transit', 'organization-company', 'organization-education', 'organization-government/governmentagency', 'organization-media/newspaper', 'organization-other', 'organization-politicalparty', 'organization-religion', 'organization-showorganization', 'organization-sportsleague', 'organization-sportsteam', 'other-astronomything', 'other-award', 'other-biologything', 'other-chemicalthing', 'other-currency', 'other-disease', 'other-educationaldegree', 'other-god', 'other-language', 'other-law', 'other-livingthing', 'other-medical', 'person-actor', 'person-artist/author', 'person-athlete', 'person-director', 'person-other', 'person-politician', 'person-scholar', 'person-soldier', 'product-airplane', 'product-car', 'product-food', 'product-game', 'product-other', 'product-ship', 'product-software', 'product-train', 'product-weapon']
2026-02-12 08:58:19,506 - INFO - Loading test data from: /home/ann/fiz-ddb/notebook/KDAI-Experiments-CodeIE/few-nerd_test
Traceback (most recent call last):
  File "/home/ann/fiz-ddb/notebook/KDAI-Experiments-CodeIE/CodeIE/orchestrator.py", line 303, in run_experiment_task
    metrics = run_experiment(
              ^^^^^^^^^^^^^^^
  File "/home/ann/fiz-ddb/notebook/KDAI-Experiments-CodeIE/CodeIE/run_codeie_experiments.py", line 834, in run_experiment
    ds_test = load_from_disk(test_path)
              ^^^^^^^^^^^^^^^^^^^^^^^^^
  File "/home/ann/anaconda3/envs/CodeIE/lib/python3.12/site-packages/datasets/load.py", line 1562, in load_from_disk
    raise FileNotFoundError(f"Directory {dataset_path} not found")
FileNotFoundError: Directory /home/ann/fiz-ddb/notebook/KDAI-Experiments-CodeIE/few-nerd_test not found
2026-02-12 08:58:19,506 - INFO - ============================================================
2026-02-12 08:58:19,506 - INFO - ============================================================
2026-02-12 08:58:19,506 - INFO - CodeIE NER Experiment (Enhanced with Entity Schema)
2026-02-12 08:58:19,506 - INFO - CodeIE NER Experiment (Enhanced with Entity Schema)
2026-02-12 08:58:19,506 - INFO - ============================================================
2026-02-12 08:58:19,506 - INFO - ============================================================
2026-02-12 08:58:19,507 - INFO - Granularity: fine
2026-02-12 08:58:19,507 - INFO - Granularity: fine
2026-02-12 08:58:19,507 - INFO - Style: nl
2026-02-12 08:58:19,507 - INFO - Style: nl
2026-02-12 08:58:19,507 - INFO - Variation: lexical_substitution
2026-02-12 08:58:19,507 - INFO - Variation: lexical_substitution
2026-02-12 08:58:19,507 - INFO - Model: qwen2.5:7b
2026-02-12 08:58:19,507 - INFO - Model: qwen2.5-coder:7b
2026-02-12 08:58:19,507 - INFO - ============================================================
2026-02-12 08:58:19,507 - INFO - ============================================================
2026-02-12 08:58:19,507 - INFO - Using ChatOllama (Chat API) for qwen2.5-coder:7b with timeout=180s
2026-02-12 08:58:19,507 - INFO - Using ChatOllama (Chat API) for qwen2.5:7b with timeout=180s
2026-02-12 08:58:19,508 - ERROR - Failed: qwen2.5_fine_pl_backtrans_sp - Directory /home/ann/fiz-ddb/notebook/KDAI-Experiments-CodeIE/few-nerd_test not found
2026-02-12 08:58:19,508 - ERROR - Failed: qwen2.5-coder_fine_pl_backtrans_tu - Directory /home/ann/fiz-ddb/notebook/KDAI-Experiments-CodeIE/few-nerd_test not found
2026-02-12 08:58:19,508 - ERROR - Failed: qwen2.5_fine_pl_backtrans_tu - Directory /home/ann/fiz-ddb/notebook/KDAI-Experiments-CodeIE/few-nerd_test not found
2026-02-12 08:58:19,508 - WARNING - 3 consecutive failures detected. Triggering Ollama recovery...
2026-02-12 08:58:19,510 - INFO - ============================================================
2026-02-12 08:58:19,510 - INFO - CodeIE NER Experiment (Enhanced with Entity Schema)
2026-02-12 08:58:19,510 - INFO - ============================================================
2026-02-12 08:58:19,510 - INFO - Granularity: fine
2026-02-12 08:58:19,510 - INFO - Style: nl
2026-02-12 08:58:19,510 - INFO - Variation: reodering
2026-02-12 08:58:19,510 - INFO - Model: qwen2.5:7b
2026-02-12 08:58:19,510 - INFO - ============================================================
2026-02-12 08:58:19,510 - INFO - Using ChatOllama (Chat API) for qwen2.5:7b with timeout=180s
2026-02-12 08:58:19,510 - INFO - ============================================================
2026-02-12 08:58:19,511 - INFO - CodeIE NER Experiment (Enhanced with Entity Schema)
2026-02-12 08:58:19,511 - INFO - ============================================================
2026-02-12 08:58:19,511 - INFO - Granularity: fine
2026-02-12 08:58:19,511 - INFO - Style: nl
2026-02-12 08:58:19,511 - INFO - Variation: reodering
2026-02-12 08:58:19,511 - INFO - Model: qwen2.5-coder:7b
2026-02-12 08:58:19,511 - INFO - ============================================================
2026-02-12 08:58:19,511 - INFO - Using ChatOllama (Chat API) for qwen2.5-coder:7b with timeout=180s
2026-02-12 08:58:19,549 - INFO - Discovered variations: ['default', 'sentence_reordering', 'backtrans_tu', 'backtrans_ch', 'reodering', 'lexical_substitution', 'backtrans_sp']
2026-02-12 08:58:19,549 - INFO - Entity types (66): ['art-broadcastprogram', 'art-film', 'art-music', 'art-other', 'art-painting', 'art-writtenart', 'building-airport', 'building-hospital', 'building-hotel', 'building-library', 'building-other', 'building-restaurant', 'building-sportsfacility', 'building-theater', 'event-attack/battle/war/militaryconflict', 'event-disaster', 'event-election', 'event-other', 'event-protest', 'event-sportsevent', 'location-GPE', 'location-bodiesofwater', 'location-island', 'location-mountain', 'location-other', 'location-park', 'location-road/railway/highway/transit', 'organization-company', 'organization-education', 'organization-government/governmentagency', 'organization-media/newspaper', 'organization-other', 'organization-politicalparty', 'organization-religion', 'organization-showorganization', 'organization-sportsleague', 'organization-sportsteam', 'other-astronomything', 'other-award', 'other-biologything', 'other-chemicalthing', 'other-currency', 'other-disease', 'other-educationaldegree', 'other-god', 'other-language', 'other-law', 'other-livingthing', 'other-medical', 'person-actor', 'person-artist/author', 'person-athlete', 'person-director', 'person-other', 'person-politician', 'person-scholar', 'person-soldier', 'product-airplane', 'product-car', 'product-food', 'product-game', 'product-other', 'product-ship', 'product-software', 'product-train', 'product-weapon']
2026-02-12 08:58:19,549 - INFO - Loading test data from: /home/ann/fiz-ddb/notebook/KDAI-Experiments-CodeIE/few-nerd_test
Traceback (most recent call last):
  File "/home/ann/fiz-ddb/notebook/KDAI-Experiments-CodeIE/CodeIE/orchestrator.py", line 303, in run_experiment_task
    metrics = run_experiment(
              ^^^^^^^^^^^^^^^
  File "/home/ann/fiz-ddb/notebook/KDAI-Experiments-CodeIE/CodeIE/run_codeie_experiments.py", line 834, in run_experiment
    ds_test = load_from_disk(test_path)
              ^^^^^^^^^^^^^^^^^^^^^^^^^
  File "/home/ann/anaconda3/envs/CodeIE/lib/python3.12/site-packages/datasets/load.py", line 1562, in load_from_disk
    raise FileNotFoundError(f"Directory {dataset_path} not found")
FileNotFoundError: Directory /home/ann/fiz-ddb/notebook/KDAI-Experiments-CodeIE/few-nerd_test not found
2026-02-12 08:58:19,551 - INFO - Discovered variations: ['default', 'sentence_reordering', 'backtrans_tu', 'backtrans_ch', 'reodering', 'lexical_substitution', 'backtrans_sp']
2026-02-12 08:58:19,551 - INFO - Entity types (66): ['art-broadcastprogram', 'art-film', 'art-music', 'art-other', 'art-painting', 'art-writtenart', 'building-airport', 'building-hospital', 'building-hotel', 'building-library', 'building-other', 'building-restaurant', 'building-sportsfacility', 'building-theater', 'event-attack/battle/war/militaryconflict', 'event-disaster', 'event-election', 'event-other', 'event-protest', 'event-sportsevent', 'location-GPE', 'location-bodiesofwater', 'location-island', 'location-mountain', 'location-other', 'location-park', 'location-road/railway/highway/transit', 'organization-company', 'organization-education', 'organization-government/governmentagency', 'organization-media/newspaper', 'organization-other', 'organization-politicalparty', 'organization-religion', 'organization-showorganization', 'organization-sportsleague', 'organization-sportsteam', 'other-astronomything', 'other-award', 'other-biologything', 'other-chemicalthing', 'other-currency', 'other-disease', 'other-educationaldegree', 'other-god', 'other-language', 'other-law', 'other-livingthing', 'other-medical', 'person-actor', 'person-artist/author', 'person-athlete', 'person-director', 'person-other', 'person-politician', 'person-scholar', 'person-soldier', 'product-airplane', 'product-car', 'product-food', 'product-game', 'product-other', 'product-ship', 'product-software', 'product-train', 'product-weapon']
2026-02-12 08:58:19,551 - INFO - Loading test data from: /home/ann/fiz-ddb/notebook/KDAI-Experiments-CodeIE/few-nerd_test
2026-02-12 08:58:19,551 - ERROR - Failed: qwen2.5_fine_nl_base - Directory /home/ann/fiz-ddb/notebook/KDAI-Experiments-CodeIE/few-nerd_test not found
Traceback (most recent call last):
  File "/home/ann/fiz-ddb/notebook/KDAI-Experiments-CodeIE/CodeIE/orchestrator.py", line 303, in run_experiment_task
    metrics = run_experiment(
              ^^^^^^^^^^^^^^^
  File "/home/ann/fiz-ddb/notebook/KDAI-Experiments-CodeIE/CodeIE/run_codeie_experiments.py", line 834, in run_experiment
    ds_test = load_from_disk(test_path)
              ^^^^^^^^^^^^^^^^^^^^^^^^^
  File "/home/ann/anaconda3/envs/CodeIE/lib/python3.12/site-packages/datasets/load.py", line 1562, in load_from_disk
    raise FileNotFoundError(f"Directory {dataset_path} not found")
FileNotFoundError: Directory /home/ann/fiz-ddb/notebook/KDAI-Experiments-CodeIE/few-nerd_test not found
2026-02-12 08:58:19,552 - INFO - ============================================================
2026-02-12 08:58:19,552 - INFO - CodeIE NER Experiment (Enhanced with Entity Schema)
2026-02-12 08:58:19,552 - INFO - ============================================================
2026-02-12 08:58:19,552 - INFO - Granularity: fine
2026-02-12 08:58:19,552 - INFO - Style: nl
2026-02-12 08:58:19,552 - INFO - Discovered variations: ['default', 'sentence_reordering', 'backtrans_tu', 'backtrans_ch', 'reodering', 'lexical_substitution', 'backtrans_sp']
2026-02-12 08:58:19,552 - INFO - Variation: sentence_reordering
2026-02-12 08:58:19,552 - INFO - Model: qwen2.5:7b
2026-02-12 08:58:19,552 - INFO - Entity types (66): ['art-broadcastprogram', 'art-film', 'art-music', 'art-other', 'art-painting', 'art-writtenart', 'building-airport', 'building-hospital', 'building-hotel', 'building-library', 'building-other', 'building-restaurant', 'building-sportsfacility', 'building-theater', 'event-attack/battle/war/militaryconflict', 'event-disaster', 'event-election', 'event-other', 'event-protest', 'event-sportsevent', 'location-GPE', 'location-bodiesofwater', 'location-island', 'location-mountain', 'location-other', 'location-park', 'location-road/railway/highway/transit', 'organization-company', 'organization-education', 'organization-government/governmentagency', 'organization-media/newspaper', 'organization-other', 'organization-politicalparty', 'organization-religion', 'organization-showorganization', 'organization-sportsleague', 'organization-sportsteam', 'other-astronomything', 'other-award', 'other-biologything', 'other-chemicalthing', 'other-currency', 'other-disease', 'other-educationaldegree', 'other-god', 'other-language', 'other-law', 'other-livingthing', 'other-medical', 'person-actor', 'person-artist/author', 'person-athlete', 'person-director', 'person-other', 'person-politician', 'person-scholar', 'person-soldier', 'product-airplane', 'product-car', 'product-food', 'product-game', 'product-other', 'product-ship', 'product-software', 'product-train', 'product-weapon']
2026-02-12 08:58:19,552 - INFO - ============================================================
2026-02-12 08:58:19,552 - INFO - Loading test data from: /home/ann/fiz-ddb/notebook/KDAI-Experiments-CodeIE/few-nerd_test
2026-02-12 08:58:19,552 - ERROR - Failed: qwen2.5-coder_fine_nl_base - Directory /home/ann/fiz-ddb/notebook/KDAI-Experiments-CodeIE/few-nerd_test not found
2026-02-12 08:58:19,553 - INFO - Using ChatOllama (Chat API) for qwen2.5:7b with timeout=180s
Traceback (most recent call last):
  File "/home/ann/fiz-ddb/notebook/KDAI-Experiments-CodeIE/CodeIE/orchestrator.py", line 303, in run_experiment_task
    metrics = run_experiment(
              ^^^^^^^^^^^^^^^
  File "/home/ann/fiz-ddb/notebook/KDAI-Experiments-CodeIE/CodeIE/run_codeie_experiments.py", line 834, in run_experiment
    ds_test = load_from_disk(test_path)
              ^^^^^^^^^^^^^^^^^^^^^^^^^
  File "/home/ann/anaconda3/envs/CodeIE/lib/python3.12/site-packages/datasets/load.py", line 1562, in load_from_disk
    raise FileNotFoundError(f"Directory {dataset_path} not found")
FileNotFoundError: Directory /home/ann/fiz-ddb/notebook/KDAI-Experiments-CodeIE/few-nerd_test not found
2026-02-12 08:58:19,553 - INFO - Discovered variations: ['default', 'sentence_reordering', 'backtrans_tu', 'backtrans_ch', 'reodering', 'lexical_substitution', 'backtrans_sp']
2026-02-12 08:58:19,553 - INFO - Entity types (66): ['art-broadcastprogram', 'art-film', 'art-music', 'art-other', 'art-painting', 'art-writtenart', 'building-airport', 'building-hospital', 'building-hotel', 'building-library', 'building-other', 'building-restaurant', 'building-sportsfacility', 'building-theater', 'event-attack/battle/war/militaryconflict', 'event-disaster', 'event-election', 'event-other', 'event-protest', 'event-sportsevent', 'location-GPE', 'location-bodiesofwater', 'location-island', 'location-mountain', 'location-other', 'location-park', 'location-road/railway/highway/transit', 'organization-company', 'organization-education', 'organization-government/governmentagency', 'organization-media/newspaper', 'organization-other', 'organization-politicalparty', 'organization-religion', 'organization-showorganization', 'organization-sportsleague', 'organization-sportsteam', 'other-astronomything', 'other-award', 'other-biologything', 'other-chemicalthing', 'other-currency', 'other-disease', 'other-educationaldegree', 'other-god', 'other-language', 'other-law', 'other-livingthing', 'other-medical', 'person-actor', 'person-artist/author', 'person-athlete', 'person-director', 'person-other', 'person-politician', 'person-scholar', 'person-soldier', 'product-airplane', 'product-car', 'product-food', 'product-game', 'product-other', 'product-ship', 'product-software', 'product-train', 'product-weapon']
2026-02-12 08:58:19,553 - INFO - Loading test data from: /home/ann/fiz-ddb/notebook/KDAI-Experiments-CodeIE/few-nerd_test
Traceback (most recent call last):
  File "/home/ann/fiz-ddb/notebook/KDAI-Experiments-CodeIE/CodeIE/orchestrator.py", line 303, in run_experiment_task
    metrics = run_experiment(
              ^^^^^^^^^^^^^^^
  File "/home/ann/fiz-ddb/notebook/KDAI-Experiments-CodeIE/CodeIE/run_codeie_experiments.py", line 834, in run_experiment
    ds_test = load_from_disk(test_path)
              ^^^^^^^^^^^^^^^^^^^^^^^^^
  File "/home/ann/anaconda3/envs/CodeIE/lib/python3.12/site-packages/datasets/load.py", line 1562, in load_from_disk
    raise FileNotFoundError(f"Directory {dataset_path} not found")
FileNotFoundError: Directory /home/ann/fiz-ddb/notebook/KDAI-Experiments-CodeIE/few-nerd_test not found
2026-02-12 08:58:19,554 - INFO - ============================================================
2026-02-12 08:58:19,554 - INFO - CodeIE NER Experiment (Enhanced with Entity Schema)
2026-02-12 08:58:19,554 - INFO - ============================================================
2026-02-12 08:58:19,554 - INFO - Granularity: fine
2026-02-12 08:58:19,554 - INFO - Style: nl
2026-02-12 08:58:19,554 - INFO - Variation: sentence_reordering
2026-02-12 08:58:19,554 - INFO - Model: qwen2.5-coder:7b
2026-02-12 08:58:19,554 - INFO - ============================================================
2026-02-12 08:58:19,554 - INFO - Using ChatOllama (Chat API) for qwen2.5-coder:7b with timeout=180s
2026-02-12 08:58:19,554 - ERROR - Failed: qwen2.5-coder_fine_nl_lexical_substitution - Directory /home/ann/fiz-ddb/notebook/KDAI-Experiments-CodeIE/few-nerd_test not found
2026-02-12 08:58:19,554 - WARNING - 3 consecutive failures detected. Triggering Ollama recovery...
2026-02-12 08:58:19,555 - INFO - ============================================================
2026-02-12 08:58:19,555 - INFO - CodeIE NER Experiment (Enhanced with Entity Schema)
2026-02-12 08:58:19,555 - INFO - ============================================================
2026-02-12 08:58:19,555 - INFO - Granularity: fine
2026-02-12 08:58:19,555 - INFO - Style: nl
2026-02-12 08:58:19,555 - INFO - Variation: backtrans_ch
2026-02-12 08:58:19,555 - INFO - Discovered variations: ['default', 'sentence_reordering', 'backtrans_tu', 'backtrans_ch', 'reodering', 'lexical_substitution', 'backtrans_sp']
2026-02-12 08:58:19,555 - INFO - Model: qwen2.5:7b
2026-02-12 08:58:19,555 - INFO - ============================================================
2026-02-12 08:58:19,555 - INFO - Entity types (66): ['art-broadcastprogram', 'art-film', 'art-music', 'art-other', 'art-painting', 'art-writtenart', 'building-airport', 'building-hospital', 'building-hotel', 'building-library', 'building-other', 'building-restaurant', 'building-sportsfacility', 'building-theater', 'event-attack/battle/war/militaryconflict', 'event-disaster', 'event-election', 'event-other', 'event-protest', 'event-sportsevent', 'location-GPE', 'location-bodiesofwater', 'location-island', 'location-mountain', 'location-other', 'location-park', 'location-road/railway/highway/transit', 'organization-company', 'organization-education', 'organization-government/governmentagency', 'organization-media/newspaper', 'organization-other', 'organization-politicalparty', 'organization-religion', 'organization-showorganization', 'organization-sportsleague', 'organization-sportsteam', 'other-astronomything', 'other-award', 'other-biologything', 'other-chemicalthing', 'other-currency', 'other-disease', 'other-educationaldegree', 'other-god', 'other-language', 'other-law', 'other-livingthing', 'other-medical', 'person-actor', 'person-artist/author', 'person-athlete', 'person-director', 'person-other', 'person-politician', 'person-scholar', 'person-soldier', 'product-airplane', 'product-car', 'product-food', 'product-game', 'product-other', 'product-ship', 'product-software', 'product-train', 'product-weapon']
2026-02-12 08:58:19,555 - INFO - Loading test data from: /home/ann/fiz-ddb/notebook/KDAI-Experiments-CodeIE/few-nerd_test
2026-02-12 08:58:19,555 - INFO - Using ChatOllama (Chat API) for qwen2.5:7b with timeout=180s
2026-02-12 08:58:19,556 - INFO - Discovered variations: ['default', 'sentence_reordering', 'backtrans_tu', 'backtrans_ch', 'reodering', 'lexical_substitution', 'backtrans_sp']
2026-02-12 08:58:19,556 - INFO - Entity types (66): ['art-broadcastprogram', 'art-film', 'art-music', 'art-other', 'art-painting', 'art-writtenart', 'building-airport', 'building-hospital', 'building-hotel', 'building-library', 'building-other', 'building-restaurant', 'building-sportsfacility', 'building-theater', 'event-attack/battle/war/militaryconflict', 'event-disaster', 'event-election', 'event-other', 'event-protest', 'event-sportsevent', 'location-GPE', 'location-bodiesofwater', 'location-island', 'location-mountain', 'location-other', 'location-park', 'location-road/railway/highway/transit', 'organization-company', 'organization-education', 'organization-government/governmentagency', 'organization-media/newspaper', 'organization-other', 'organization-politicalparty', 'organization-religion', 'organization-showorganization', 'organization-sportsleague', 'organization-sportsteam', 'other-astronomything', 'other-award', 'other-biologything', 'other-chemicalthing', 'other-currency', 'other-disease', 'other-educationaldegree', 'other-god', 'other-language', 'other-law', 'other-livingthing', 'other-medical', 'person-actor', 'person-artist/author', 'person-athlete', 'person-director', 'person-other', 'person-politician', 'person-scholar', 'person-soldier', 'product-airplane', 'product-car', 'product-food', 'product-game', 'product-other', 'product-ship', 'product-software', 'product-train', 'product-weapon']
2026-02-12 08:58:19,556 - INFO - Loading test data from: /home/ann/fiz-ddb/notebook/KDAI-Experiments-CodeIE/few-nerd_test
Traceback (most recent call last):
  File "/home/ann/fiz-ddb/notebook/KDAI-Experiments-CodeIE/CodeIE/orchestrator.py", line 303, in run_experiment_task
    metrics = run_experiment(
              ^^^^^^^^^^^^^^^
  File "/home/ann/fiz-ddb/notebook/KDAI-Experiments-CodeIE/CodeIE/run_codeie_experiments.py", line 834, in run_experiment
    ds_test = load_from_disk(test_path)
              ^^^^^^^^^^^^^^^^^^^^^^^^^
  File "/home/ann/anaconda3/envs/CodeIE/lib/python3.12/site-packages/datasets/load.py", line 1562, in load_from_disk
    raise FileNotFoundError(f"Directory {dataset_path} not found")
FileNotFoundError: Directory /home/ann/fiz-ddb/notebook/KDAI-Experiments-CodeIE/few-nerd_test not found
2026-02-12 08:58:19,556 - INFO - ============================================================
2026-02-12 08:58:19,556 - INFO - CodeIE NER Experiment (Enhanced with Entity Schema)
Traceback (most recent call last):
2026-02-12 08:58:19,556 - INFO - ============================================================
2026-02-12 08:58:19,556 - INFO - Granularity: fine
2026-02-12 08:58:19,556 - INFO - Style: nl
2026-02-12 08:58:19,556 - INFO - Variation: backtrans_ch
2026-02-12 08:58:19,556 - INFO - Model: qwen2.5-coder:7b
2026-02-12 08:58:19,556 - INFO - ============================================================
  File "/home/ann/fiz-ddb/notebook/KDAI-Experiments-CodeIE/CodeIE/orchestrator.py", line 303, in run_experiment_task
    metrics = run_experiment(
              ^^^^^^^^^^^^^^^
  File "/home/ann/fiz-ddb/notebook/KDAI-Experiments-CodeIE/CodeIE/run_codeie_experiments.py", line 834, in run_experiment
    ds_test = load_from_disk(test_path)
              ^^^^^^^^^^^^^^^^^^^^^^^^^
  File "/home/ann/anaconda3/envs/CodeIE/lib/python3.12/site-packages/datasets/load.py", line 1562, in load_from_disk
    raise FileNotFoundError(f"Directory {dataset_path} not found")
2026-02-12 08:58:19,556 - INFO - Using ChatOllama (Chat API) for qwen2.5-coder:7b with timeout=180s
FileNotFoundError: Directory /home/ann/fiz-ddb/notebook/KDAI-Experiments-CodeIE/few-nerd_test not found
2026-02-12 08:58:19,557 - ERROR - Failed: qwen2.5_fine_nl_lexical_substitution - Directory /home/ann/fiz-ddb/notebook/KDAI-Experiments-CodeIE/few-nerd_test not found
2026-02-12 08:58:19,557 - ERROR - Failed: qwen2.5_fine_nl_reodering - Directory /home/ann/fiz-ddb/notebook/KDAI-Experiments-CodeIE/few-nerd_test not found
2026-02-12 08:58:19,558 - ERROR - Failed: qwen2.5-coder_fine_nl_reodering - Directory /home/ann/fiz-ddb/notebook/KDAI-Experiments-CodeIE/few-nerd_test not found
2026-02-12 08:58:19,558 - WARNING - 3 consecutive failures detected. Triggering Ollama recovery...
2026-02-12 08:58:19,560 - INFO - ============================================================
2026-02-12 08:58:19,561 - INFO - CodeIE NER Experiment (Enhanced with Entity Schema)
2026-02-12 08:58:19,561 - INFO - ============================================================
2026-02-12 08:58:19,561 - INFO - Granularity: fine
2026-02-12 08:58:19,561 - INFO - Style: nl
2026-02-12 08:58:19,561 - INFO - Variation: backtrans_sp
2026-02-12 08:58:19,561 - INFO - Model: qwen2.5:7b
2026-02-12 08:58:19,561 - INFO - ============================================================
2026-02-12 08:58:19,561 - INFO - Using ChatOllama (Chat API) for qwen2.5:7b with timeout=180s
2026-02-12 08:58:19,561 - INFO - ============================================================
2026-02-12 08:58:19,561 - INFO - CodeIE NER Experiment (Enhanced with Entity Schema)
2026-02-12 08:58:19,561 - INFO - ============================================================
2026-02-12 08:58:19,561 - INFO - Granularity: fine
2026-02-12 08:58:19,561 - INFO - Style: nl
2026-02-12 08:58:19,561 - INFO - Variation: backtrans_sp
2026-02-12 08:58:19,561 - INFO - Model: qwen2.5-coder:7b
2026-02-12 08:58:19,561 - INFO - ============================================================
2026-02-12 08:58:19,561 - INFO - Using ChatOllama (Chat API) for qwen2.5-coder:7b with timeout=180s
2026-02-12 08:58:19,599 - INFO - Discovered variations: ['default', 'sentence_reordering', 'backtrans_tu', 'backtrans_ch', 'reodering', 'lexical_substitution', 'backtrans_sp']
2026-02-12 08:58:19,599 - INFO - Discovered variations: ['default', 'sentence_reordering', 'backtrans_tu', 'backtrans_ch', 'reodering', 'lexical_substitution', 'backtrans_sp']
2026-02-12 08:58:19,599 - INFO - Entity types (66): ['art-broadcastprogram', 'art-film', 'art-music', 'art-other', 'art-painting', 'art-writtenart', 'building-airport', 'building-hospital', 'building-hotel', 'building-library', 'building-other', 'building-restaurant', 'building-sportsfacility', 'building-theater', 'event-attack/battle/war/militaryconflict', 'event-disaster', 'event-election', 'event-other', 'event-protest', 'event-sportsevent', 'location-GPE', 'location-bodiesofwater', 'location-island', 'location-mountain', 'location-other', 'location-park', 'location-road/railway/highway/transit', 'organization-company', 'organization-education', 'organization-government/governmentagency', 'organization-media/newspaper', 'organization-other', 'organization-politicalparty', 'organization-religion', 'organization-showorganization', 'organization-sportsleague', 'organization-sportsteam', 'other-astronomything', 'other-award', 'other-biologything', 'other-chemicalthing', 'other-currency', 'other-disease', 'other-educationaldegree', 'other-god', 'other-language', 'other-law', 'other-livingthing', 'other-medical', 'person-actor', 'person-artist/author', 'person-athlete', 'person-director', 'person-other', 'person-politician', 'person-scholar', 'person-soldier', 'product-airplane', 'product-car', 'product-food', 'product-game', 'product-other', 'product-ship', 'product-software', 'product-train', 'product-weapon']
2026-02-12 08:58:19,599 - INFO - Entity types (66): ['art-broadcastprogram', 'art-film', 'art-music', 'art-other', 'art-painting', 'art-writtenart', 'building-airport', 'building-hospital', 'building-hotel', 'building-library', 'building-other', 'building-restaurant', 'building-sportsfacility', 'building-theater', 'event-attack/battle/war/militaryconflict', 'event-disaster', 'event-election', 'event-other', 'event-protest', 'event-sportsevent', 'location-GPE', 'location-bodiesofwater', 'location-island', 'location-mountain', 'location-other', 'location-park', 'location-road/railway/highway/transit', 'organization-company', 'organization-education', 'organization-government/governmentagency', 'organization-media/newspaper', 'organization-other', 'organization-politicalparty', 'organization-religion', 'organization-showorganization', 'organization-sportsleague', 'organization-sportsteam', 'other-astronomything', 'other-award', 'other-biologything', 'other-chemicalthing', 'other-currency', 'other-disease', 'other-educationaldegree', 'other-god', 'other-language', 'other-law', 'other-livingthing', 'other-medical', 'person-actor', 'person-artist/author', 'person-athlete', 'person-director', 'person-other', 'person-politician', 'person-scholar', 'person-soldier', 'product-airplane', 'product-car', 'product-food', 'product-game', 'product-other', 'product-ship', 'product-software', 'product-train', 'product-weapon']
2026-02-12 08:58:19,599 - INFO - Loading test data from: /home/ann/fiz-ddb/notebook/KDAI-Experiments-CodeIE/few-nerd_test
2026-02-12 08:58:19,599 - INFO - Loading test data from: /home/ann/fiz-ddb/notebook/KDAI-Experiments-CodeIE/few-nerd_test
Traceback (most recent call last):
Traceback (most recent call last):
  File "/home/ann/fiz-ddb/notebook/KDAI-Experiments-CodeIE/CodeIE/orchestrator.py", line 303, in run_experiment_task
    metrics = run_experiment(
              ^^^^^^^^^^^^^^^
  File "/home/ann/fiz-ddb/notebook/KDAI-Experiments-CodeIE/CodeIE/run_codeie_experiments.py", line 834, in run_experiment
    ds_test = load_from_disk(test_path)
              ^^^^^^^^^^^^^^^^^^^^^^^^^
  File "/home/ann/anaconda3/envs/CodeIE/lib/python3.12/site-packages/datasets/load.py", line 1562, in load_from_disk
    raise FileNotFoundError(f"Directory {dataset_path} not found")
  File "/home/ann/fiz-ddb/notebook/KDAI-Experiments-CodeIE/CodeIE/orchestrator.py", line 303, in run_experiment_task
    metrics = run_experiment(
              ^^^^^^^^^^^^^^^
FileNotFoundError: Directory /home/ann/fiz-ddb/notebook/KDAI-Experiments-CodeIE/few-nerd_test not found
  File "/home/ann/fiz-ddb/notebook/KDAI-Experiments-CodeIE/CodeIE/run_codeie_experiments.py", line 834, in run_experiment
    ds_test = load_from_disk(test_path)
              ^^^^^^^^^^^^^^^^^^^^^^^^^
  File "/home/ann/anaconda3/envs/CodeIE/lib/python3.12/site-packages/datasets/load.py", line 1562, in load_from_disk
    raise FileNotFoundError(f"Directory {dataset_path} not found")
FileNotFoundError: Directory /home/ann/fiz-ddb/notebook/KDAI-Experiments-CodeIE/few-nerd_test not found
2026-02-12 08:58:19,601 - ERROR - Failed: qwen2.5-coder_fine_nl_sentence_reordering - Directory /home/ann/fiz-ddb/notebook/KDAI-Experiments-CodeIE/few-nerd_test not found
2026-02-12 08:58:19,602 - INFO - Discovered variations: ['default', 'sentence_reordering', 'backtrans_tu', 'backtrans_ch', 'reodering', 'lexical_substitution', 'backtrans_sp']
2026-02-12 08:58:19,602 - INFO - Entity types (66): ['art-broadcastprogram', 'art-film', 'art-music', 'art-other', 'art-painting', 'art-writtenart', 'building-airport', 'building-hospital', 'building-hotel', 'building-library', 'building-other', 'building-restaurant', 'building-sportsfacility', 'building-theater', 'event-attack/battle/war/militaryconflict', 'event-disaster', 'event-election', 'event-other', 'event-protest', 'event-sportsevent', 'location-GPE', 'location-bodiesofwater', 'location-island', 'location-mountain', 'location-other', 'location-park', 'location-road/railway/highway/transit', 'organization-company', 'organization-education', 'organization-government/governmentagency', 'organization-media/newspaper', 'organization-other', 'organization-politicalparty', 'organization-religion', 'organization-showorganization', 'organization-sportsleague', 'organization-sportsteam', 'other-astronomything', 'other-award', 'other-biologything', 'other-chemicalthing', 'other-currency', 'other-disease', 'other-educationaldegree', 'other-god', 'other-language', 'other-law', 'other-livingthing', 'other-medical', 'person-actor', 'person-artist/author', 'person-athlete', 'person-director', 'person-other', 'person-politician', 'person-scholar', 'person-soldier', 'product-airplane', 'product-car', 'product-food', 'product-game', 'product-other', 'product-ship', 'product-software', 'product-train', 'product-weapon']
2026-02-12 08:58:19,602 - INFO - Loading test data from: /home/ann/fiz-ddb/notebook/KDAI-Experiments-CodeIE/few-nerd_test
2026-02-12 08:58:19,602 - INFO - ============================================================
2026-02-12 08:58:19,602 - INFO - CodeIE NER Experiment (Enhanced with Entity Schema)
2026-02-12 08:58:19,602 - INFO - ============================================================
2026-02-12 08:58:19,602 - INFO - Granularity: fine
Traceback (most recent call last):
2026-02-12 08:58:19,602 - INFO - Style: nl
2026-02-12 08:58:19,602 - INFO - Variation: backtrans_tu
2026-02-12 08:58:19,602 - INFO - ============================================================
2026-02-12 08:58:19,602 - INFO - Model: qwen2.5-coder:7b
2026-02-12 08:58:19,602 - INFO - Discovered variations: ['default', 'sentence_reordering', 'backtrans_tu', 'backtrans_ch', 'reodering', 'lexical_substitution', 'backtrans_sp']
2026-02-12 08:58:19,602 - INFO - CodeIE NER Experiment (Enhanced with Entity Schema)
2026-02-12 08:58:19,603 - INFO - ============================================================
2026-02-12 08:58:19,603 - INFO - ============================================================
2026-02-12 08:58:19,603 - INFO - Entity types (66): ['art-broadcastprogram', 'art-film', 'art-music', 'art-other', 'art-painting', 'art-writtenart', 'building-airport', 'building-hospital', 'building-hotel', 'building-library', 'building-other', 'building-restaurant', 'building-sportsfacility', 'building-theater', 'event-attack/battle/war/militaryconflict', 'event-disaster', 'event-election', 'event-other', 'event-protest', 'event-sportsevent', 'location-GPE', 'location-bodiesofwater', 'location-island', 'location-mountain', 'location-other', 'location-park', 'location-road/railway/highway/transit', 'organization-company', 'organization-education', 'organization-government/governmentagency', 'organization-media/newspaper', 'organization-other', 'organization-politicalparty', 'organization-religion', 'organization-showorganization', 'organization-sportsleague', 'organization-sportsteam', 'other-astronomything', 'other-award', 'other-biologything', 'other-chemicalthing', 'other-currency', 'other-disease', 'other-educationaldegree', 'other-god', 'other-language', 'other-law', 'other-livingthing', 'other-medical', 'person-actor', 'person-artist/author', 'person-athlete', 'person-director', 'person-other', 'person-politician', 'person-scholar', 'person-soldier', 'product-airplane', 'product-car', 'product-food', 'product-game', 'product-other', 'product-ship', 'product-software', 'product-train', 'product-weapon']
2026-02-12 08:58:19,603 - INFO - Granularity: fine
  File "/home/ann/fiz-ddb/notebook/KDAI-Experiments-CodeIE/CodeIE/orchestrator.py", line 303, in run_experiment_task
    metrics = run_experiment(
              ^^^^^^^^^^^^^^^
  File "/home/ann/fiz-ddb/notebook/KDAI-Experiments-CodeIE/CodeIE/run_codeie_experiments.py", line 834, in run_experiment
    ds_test = load_from_disk(test_path)
              ^^^^^^^^^^^^^^^^^^^^^^^^^
  File "/home/ann/anaconda3/envs/CodeIE/lib/python3.12/site-packages/datasets/load.py", line 1562, in load_from_disk
    raise FileNotFoundError(f"Directory {dataset_path} not found")
2026-02-12 08:58:19,603 - INFO - Style: nl
2026-02-12 08:58:19,603 - INFO - Loading test data from: /home/ann/fiz-ddb/notebook/KDAI-Experiments-CodeIE/few-nerd_test
FileNotFoundError: Directory /home/ann/fiz-ddb/notebook/KDAI-Experiments-CodeIE/few-nerd_test not found
2026-02-12 08:58:19,603 - INFO - Variation: backtrans_tu
2026-02-12 08:58:19,603 - INFO - Using ChatOllama (Chat API) for qwen2.5-coder:7b with timeout=180s
2026-02-12 08:58:19,603 - INFO - Model: qwen2.5:7b
2026-02-12 08:58:19,603 - INFO - ============================================================
2026-02-12 08:58:19,603 - INFO - Using ChatOllama (Chat API) for qwen2.5:7b with timeout=180s
Traceback (most recent call last):
  File "/home/ann/fiz-ddb/notebook/KDAI-Experiments-CodeIE/CodeIE/orchestrator.py", line 303, in run_experiment_task
    metrics = run_experiment(
              ^^^^^^^^^^^^^^^
  File "/home/ann/fiz-ddb/notebook/KDAI-Experiments-CodeIE/CodeIE/run_codeie_experiments.py", line 834, in run_experiment
    ds_test = load_from_disk(test_path)
              ^^^^^^^^^^^^^^^^^^^^^^^^^
  File "/home/ann/anaconda3/envs/CodeIE/lib/python3.12/site-packages/datasets/load.py", line 1562, in load_from_disk
    raise FileNotFoundError(f"Directory {dataset_path} not found")
FileNotFoundError: Directory /home/ann/fiz-ddb/notebook/KDAI-Experiments-CodeIE/few-nerd_test not found
2026-02-12 08:58:19,603 - ERROR - Failed: qwen2.5_fine_nl_sentence_reordering - Directory /home/ann/fiz-ddb/notebook/KDAI-Experiments-CodeIE/few-nerd_test not found
2026-02-12 08:58:19,604 - ERROR - Failed: qwen2.5_fine_nl_backtrans_ch - Directory /home/ann/fiz-ddb/notebook/KDAI-Experiments-CodeIE/few-nerd_test not found
2026-02-12 08:58:19,604 - WARNING - 3 consecutive failures detected. Triggering Ollama recovery...
2026-02-12 08:58:19,606 - INFO - Discovered variations: ['default', 'sentence_reordering', 'backtrans_tu', 'backtrans_ch', 'reodering', 'lexical_substitution', 'backtrans_sp']
2026-02-12 08:58:19,606 - ERROR - Failed: qwen2.5-coder_fine_nl_backtrans_ch - Directory /home/ann/fiz-ddb/notebook/KDAI-Experiments-CodeIE/few-nerd_test not found
2026-02-12 08:58:19,606 - INFO - Discovered variations: ['default', 'sentence_reordering', 'backtrans_tu', 'backtrans_ch', 'reodering', 'lexical_substitution', 'backtrans_sp']
2026-02-12 08:58:19,606 - INFO - Entity types (66): ['art-broadcastprogram', 'art-film', 'art-music', 'art-other', 'art-painting', 'art-writtenart', 'building-airport', 'building-hospital', 'building-hotel', 'building-library', 'building-other', 'building-restaurant', 'building-sportsfacility', 'building-theater', 'event-attack/battle/war/militaryconflict', 'event-disaster', 'event-election', 'event-other', 'event-protest', 'event-sportsevent', 'location-GPE', 'location-bodiesofwater', 'location-island', 'location-mountain', 'location-other', 'location-park', 'location-road/railway/highway/transit', 'organization-company', 'organization-education', 'organization-government/governmentagency', 'organization-media/newspaper', 'organization-other', 'organization-politicalparty', 'organization-religion', 'organization-showorganization', 'organization-sportsleague', 'organization-sportsteam', 'other-astronomything', 'other-award', 'other-biologything', 'other-chemicalthing', 'other-currency', 'other-disease', 'other-educationaldegree', 'other-god', 'other-language', 'other-law', 'other-livingthing', 'other-medical', 'person-actor', 'person-artist/author', 'person-athlete', 'person-director', 'person-other', 'person-politician', 'person-scholar', 'person-soldier', 'product-airplane', 'product-car', 'product-food', 'product-game', 'product-other', 'product-ship', 'product-software', 'product-train', 'product-weapon']
2026-02-12 08:58:19,607 - INFO - Entity types (66): ['art-broadcastprogram', 'art-film', 'art-music', 'art-other', 'art-painting', 'art-writtenart', 'building-airport', 'building-hospital', 'building-hotel', 'building-library', 'building-other', 'building-restaurant', 'building-sportsfacility', 'building-theater', 'event-attack/battle/war/militaryconflict', 'event-disaster', 'event-election', 'event-other', 'event-protest', 'event-sportsevent', 'location-GPE', 'location-bodiesofwater', 'location-island', 'location-mountain', 'location-other', 'location-park', 'location-road/railway/highway/transit', 'organization-company', 'organization-education', 'organization-government/governmentagency', 'organization-media/newspaper', 'organization-other', 'organization-politicalparty', 'organization-religion', 'organization-showorganization', 'organization-sportsleague', 'organization-sportsteam', 'other-astronomything', 'other-award', 'other-biologything', 'other-chemicalthing', 'other-currency', 'other-disease', 'other-educationaldegree', 'other-god', 'other-language', 'other-law', 'other-livingthing', 'other-medical', 'person-actor', 'person-artist/author', 'person-athlete', 'person-director', 'person-other', 'person-politician', 'person-scholar', 'person-soldier', 'product-airplane', 'product-car', 'product-food', 'product-game', 'product-other', 'product-ship', 'product-software', 'product-train', 'product-weapon']
2026-02-12 08:58:19,607 - INFO - Loading test data from: /home/ann/fiz-ddb/notebook/KDAI-Experiments-CodeIE/few-nerd_test
2026-02-12 08:58:19,607 - INFO - Loading test data from: /home/ann/fiz-ddb/notebook/KDAI-Experiments-CodeIE/few-nerd_test
Traceback (most recent call last):
Traceback (most recent call last):
  File "/home/ann/fiz-ddb/notebook/KDAI-Experiments-CodeIE/CodeIE/orchestrator.py", line 303, in run_experiment_task
    metrics = run_experiment(
              ^^^^^^^^^^^^^^^
  File "/home/ann/fiz-ddb/notebook/KDAI-Experiments-CodeIE/CodeIE/run_codeie_experiments.py", line 834, in run_experiment
    ds_test = load_from_disk(test_path)
              ^^^^^^^^^^^^^^^^^^^^^^^^^
  File "/home/ann/anaconda3/envs/CodeIE/lib/python3.12/site-packages/datasets/load.py", line 1562, in load_from_disk
    raise FileNotFoundError(f"Directory {dataset_path} not found")
  File "/home/ann/fiz-ddb/notebook/KDAI-Experiments-CodeIE/CodeIE/orchestrator.py", line 303, in run_experiment_task
    metrics = run_experiment(
              ^^^^^^^^^^^^^^^
  File "/home/ann/fiz-ddb/notebook/KDAI-Experiments-CodeIE/CodeIE/run_codeie_experiments.py", line 834, in run_experiment
    ds_test = load_from_disk(test_path)
              ^^^^^^^^^^^^^^^^^^^^^^^^^
FileNotFoundError: Directory /home/ann/fiz-ddb/notebook/KDAI-Experiments-CodeIE/few-nerd_test not found
  File "/home/ann/anaconda3/envs/CodeIE/lib/python3.12/site-packages/datasets/load.py", line 1562, in load_from_disk
    raise FileNotFoundError(f"Directory {dataset_path} not found")
FileNotFoundError: Directory /home/ann/fiz-ddb/notebook/KDAI-Experiments-CodeIE/few-nerd_test not found
2026-02-12 08:58:19,609 - ERROR - Failed: qwen2.5_fine_nl_backtrans_sp - Directory /home/ann/fiz-ddb/notebook/KDAI-Experiments-CodeIE/few-nerd_test not found
2026-02-12 08:58:19,609 - ERROR - Failed: qwen2.5-coder_fine_nl_backtrans_sp - Directory /home/ann/fiz-ddb/notebook/KDAI-Experiments-CodeIE/few-nerd_test not found
2026-02-12 08:58:19,609 - WARNING - 3 consecutive failures detected. Triggering Ollama recovery...
2026-02-12 08:58:19,647 - INFO - Discovered variations: ['default', 'sentence_reordering', 'backtrans_tu', 'backtrans_ch', 'reodering', 'lexical_substitution', 'backtrans_sp']
2026-02-12 08:58:19,647 - INFO - Entity types (66): ['art-broadcastprogram', 'art-film', 'art-music', 'art-other', 'art-painting', 'art-writtenart', 'building-airport', 'building-hospital', 'building-hotel', 'building-library', 'building-other', 'building-restaurant', 'building-sportsfacility', 'building-theater', 'event-attack/battle/war/militaryconflict', 'event-disaster', 'event-election', 'event-other', 'event-protest', 'event-sportsevent', 'location-GPE', 'location-bodiesofwater', 'location-island', 'location-mountain', 'location-other', 'location-park', 'location-road/railway/highway/transit', 'organization-company', 'organization-education', 'organization-government/governmentagency', 'organization-media/newspaper', 'organization-other', 'organization-politicalparty', 'organization-religion', 'organization-showorganization', 'organization-sportsleague', 'organization-sportsteam', 'other-astronomything', 'other-award', 'other-biologything', 'other-chemicalthing', 'other-currency', 'other-disease', 'other-educationaldegree', 'other-god', 'other-language', 'other-law', 'other-livingthing', 'other-medical', 'person-actor', 'person-artist/author', 'person-athlete', 'person-director', 'person-other', 'person-politician', 'person-scholar', 'person-soldier', 'product-airplane', 'product-car', 'product-food', 'product-game', 'product-other', 'product-ship', 'product-software', 'product-train', 'product-weapon']
2026-02-12 08:58:19,647 - INFO - Loading test data from: /home/ann/fiz-ddb/notebook/KDAI-Experiments-CodeIE/few-nerd_test
Traceback (most recent call last):
  File "/home/ann/fiz-ddb/notebook/KDAI-Experiments-CodeIE/CodeIE/orchestrator.py", line 303, in run_experiment_task
    metrics = run_experiment(
              ^^^^^^^^^^^^^^^
  File "/home/ann/fiz-ddb/notebook/KDAI-Experiments-CodeIE/CodeIE/run_codeie_experiments.py", line 834, in run_experiment
    ds_test = load_from_disk(test_path)
              ^^^^^^^^^^^^^^^^^^^^^^^^^
  File "/home/ann/anaconda3/envs/CodeIE/lib/python3.12/site-packages/datasets/load.py", line 1562, in load_from_disk
    raise FileNotFoundError(f"Directory {dataset_path} not found")
FileNotFoundError: Directory /home/ann/fiz-ddb/notebook/KDAI-Experiments-CodeIE/few-nerd_test not found
2026-02-12 08:58:19,649 - INFO - Discovered variations: ['default', 'sentence_reordering', 'backtrans_tu', 'backtrans_ch', 'reodering', 'lexical_substitution', 'backtrans_sp']
2026-02-12 08:58:19,649 - INFO - Entity types (66): ['art-broadcastprogram', 'art-film', 'art-music', 'art-other', 'art-painting', 'art-writtenart', 'building-airport', 'building-hospital', 'building-hotel', 'building-library', 'building-other', 'building-restaurant', 'building-sportsfacility', 'building-theater', 'event-attack/battle/war/militaryconflict', 'event-disaster', 'event-election', 'event-other', 'event-protest', 'event-sportsevent', 'location-GPE', 'location-bodiesofwater', 'location-island', 'location-mountain', 'location-other', 'location-park', 'location-road/railway/highway/transit', 'organization-company', 'organization-education', 'organization-government/governmentagency', 'organization-media/newspaper', 'organization-other', 'organization-politicalparty', 'organization-religion', 'organization-showorganization', 'organization-sportsleague', 'organization-sportsteam', 'other-astronomything', 'other-award', 'other-biologything', 'other-chemicalthing', 'other-currency', 'other-disease', 'other-educationaldegree', 'other-god', 'other-language', 'other-law', 'other-livingthing', 'other-medical', 'person-actor', 'person-artist/author', 'person-athlete', 'person-director', 'person-other', 'person-politician', 'person-scholar', 'person-soldier', 'product-airplane', 'product-car', 'product-food', 'product-game', 'product-other', 'product-ship', 'product-software', 'product-train', 'product-weapon']
2026-02-12 08:58:19,649 - INFO - Loading test data from: /home/ann/fiz-ddb/notebook/KDAI-Experiments-CodeIE/few-nerd_test
Traceback (most recent call last):
  File "/home/ann/fiz-ddb/notebook/KDAI-Experiments-CodeIE/CodeIE/orchestrator.py", line 303, in run_experiment_task
    metrics = run_experiment(
              ^^^^^^^^^^^^^^^
  File "/home/ann/fiz-ddb/notebook/KDAI-Experiments-CodeIE/CodeIE/run_codeie_experiments.py", line 834, in run_experiment
    ds_test = load_from_disk(test_path)
              ^^^^^^^^^^^^^^^^^^^^^^^^^
  File "/home/ann/anaconda3/envs/CodeIE/lib/python3.12/site-packages/datasets/load.py", line 1562, in load_from_disk
    raise FileNotFoundError(f"Directory {dataset_path} not found")
FileNotFoundError: Directory /home/ann/fiz-ddb/notebook/KDAI-Experiments-CodeIE/few-nerd_test not found
2026-02-12 08:58:19,649 - ERROR - Failed: qwen2.5-coder_fine_nl_backtrans_tu - Directory /home/ann/fiz-ddb/notebook/KDAI-Experiments-CodeIE/few-nerd_test not found
2026-02-12 08:58:19,650 - ERROR - Failed: qwen2.5_fine_nl_backtrans_tu - Directory /home/ann/fiz-ddb/notebook/KDAI-Experiments-CodeIE/few-nerd_test not found
2026-02-12 08:58:19,650 - ERROR - FATAL: 100.0% of runs failed (56/56). Too many failures to continue. Check Ollama and model configuration.
Total Progress (Samples):   0%|          | 0/210840 [00:00<?, ?sample/s]
Traceback (most recent call last):
  File "/home/ann/fiz-ddb/notebook/KDAI-Experiments-CodeIE/CodeIE/orchestrator.py", line 1566, in <module>
    main()
  File "/home/ann/fiz-ddb/notebook/KDAI-Experiments-CodeIE/CodeIE/orchestrator.py", line 1551, in main
    orchestrator.run_all(
  File "/home/ann/fiz-ddb/notebook/KDAI-Experiments-CodeIE/CodeIE/orchestrator.py", line 1353, in run_all
    raise RuntimeError(error_msg)
RuntimeError: FATAL: 100.0% of runs failed (56/56). Too many failures to continue. Check Ollama and model configuration.
[2026-02-12 08:58:21] ERROR: Orchestrator exited with code 1
[2026-02-12 08:58:21] ERROR: FAIL-FAST triggered: Persistent errors detected. NOT retrying.
[2026-02-12 08:58:21] ERROR: Check the log for details: /home/ann/fiz-ddb/notebook/KDAI-Experiments-CodeIE/CodeIE/CODEIE-results/orchestrator_run_1.log
RuntimeError: FATAL: 100.0% of runs failed (56/56). Too many failures to continue. Check Ollama and model configuration.
